مسار الملف,القسم,نوع العمل,الحالة,المرحلة,النطاق/الملاحظة,مجلد التقرير
rathena-master/npc/cities/izlude.txt,المدن,مراجعة حوارية عميقة,مكتمل,1,برونتيرا وإزلود,المرحلة_01
rathena-master/npc/cities/prontera.txt,المدن,مراجعة حوارية عميقة,مكتمل,1,برونتيرا وإزلود,المرحلة_01
rathena-master/npc/cities/geffen.txt,المدن,مراجعة حوارية عميقة,مكتمل,2,غيفن,المرحلة_02
rathena-master/npc/cities/alberta.txt,المدن,مراجعة حوارية عميقة,مكتمل,3,ألبرتا,المرحلة_03
rathena-master/npc/cities/morocc.txt,المدن,مراجعة حوارية عميقة,مكتمل,4,موروك,المرحلة_04
rathena-master/npc/cities/payon.txt,المدن,مراجعة حوارية عميقة,مكتمل,5,بايون,المرحلة_05
rathena-master/npc/cities/aldebaran.txt,المدن,مراجعة حوارية عميقة,مكتمل,6,ألديباران,المرحلة_06
rathena-master/npc/cities/comodo.txt,المدن,مراجعة حوارية عميقة,مكتمل,7,كومودو,المرحلة_07
rathena-master/npc/cities/yuno.txt,المدن,مراجعة حوارية عميقة,مكتمل,8,يونو,المرحلة_08
rathena-master/npc/cities/einbroch.txt,المدن,مراجعة حوارية عميقة,مكتمل,9,إينبروخ,المرحلة_09
rathena-master/npc/cities/einbech.txt,المدن,مراجعة حوارية عميقة,مكتمل,10,إينبيخ,المرحلة_10
rathena-master/npc/cities/hugel.txt,المدن,مراجعة حوارية عميقة,مكتمل,11,هويغل,المرحلة_11
rathena-master/npc/cities/lighthalzen.txt,المدن,مراجعة حوارية عميقة,مكتمل,12,لايت هالزن,المرحلة_12
rathena-master/npc/cities/rachel.txt,المدن,مراجعة حوارية عميقة,مكتمل,13,راشيل,المرحلة_13
rathena-master/npc/cities/veins.txt,المدن,مراجعة حوارية عميقة,مكتمل,14,فينز,المرحلة_14
rathena-master/npc/cities/umbala.txt,المدن,مراجعة حوارية عميقة,مكتمل,15,أومبالا,المرحلة_15
rathena-master/npc/cities/niflheim.txt,المدن,مراجعة حوارية عميقة,مكتمل,16,نيفلهايم,المرحلة_16
rathena-master/npc/cities/amatsu.txt,المدن,مراجعة حوارية عميقة,مكتمل,17,أماتسو,المرحلة_17
rathena-master/npc/cities/gonryun.txt,المدن,مراجعة حوارية عميقة,مكتمل,18,كونلون / غونريون,المرحلة_18
rathena-master/npc/cities/louyang.txt,المدن,مراجعة حوارية عميقة,مكتمل,19,لويانغ,المرحلة_19
rathena-master/npc/cities/ayothaya.txt,المدن,مراجعة حوارية عميقة,مكتمل,20,أيوثايا,المرحلة_20
rathena-master/npc/cities/brasilis.txt,المدن,مراجعة حوارية عميقة,مكتمل,21,برازيليس,المرحلة_21
rathena-master/npc/cities/moscovia.txt,المدن,مراجعة حوارية عميقة,مكتمل,22,موسكوفيا,المرحلة_22
rathena-master/npc/cities/lutie.txt,المدن,مراجعة حوارية عميقة,مكتمل,23,لوتي,المرحلة_23
rathena-master/npc/cities/jawaii.txt,المدن,مراجعة حوارية عميقة,مكتمل,24,جاواي,المرحلة_24
rathena-master/npc/cities/manuk.txt,المدن,مراجعة حوارية عميقة,مكتمل,25,مانوك,المرحلة_25
rathena-master/npc/cities/splendide.txt,المدن,مراجعة حوارية عميقة,مكتمل,26,سبلينديد,المرحلة_26
rathena-master/npc/quests/quests_niflheim.txt,المهام,مراجعة حوارية عميقة,مكتمل,27,مهام نيفلهايم,المرحلة_27
rathena-master/npc/quests/quests_umbala.txt,المهام,مزامنة مساعدة,لم يراجع بالكامل,28 و63,مزامنة اسم عنصر السيد مبتسم في موضعين فقط,المرحلة_63
rathena-master/npc/quests/quests_amatsu.txt,المهام,مراجعة حوارية عميقة,مكتمل,29,مهام أماتسو,المرحلة_29
rathena-master/npc/quests/quests_gonryun.txt,المهام,مراجعة حوارية عميقة,مكتمل,30,مهام كونلون,المرحلة_30
rathena-master/npc/quests/quests_hugel.txt,المهام,مراجعة حوارية عميقة,مكتمل,31,مهام هويغل,المرحلة_31
rathena-master/npc/quests/quests_izlude.txt,المهام,مراجعة حوارية عميقة,مكتمل,32,مهام إزلود,المرحلة_32
rathena-master/npc/quests/quests_juperos.txt,المهام,مراجعة حوارية عميقة,مكتمل,33,مهام جوبييروس,المرحلة_33
rathena-master/npc/quests/quests_lighthalzen.txt,المهام,مراجعة حوارية عميقة,مكتمل,34,مهام لايت هالزن,المرحلة_34
rathena-master/npc/quests/quests_louyang.txt,المهام,مراجعة حوارية عميقة,مكتمل,35,مهام لويانغ,المرحلة_35
rathena-master/npc/quests/quests_ayothaya.txt,المهام,مراجعة حوارية عميقة,مكتمل,36,مهام أيوثايا,المرحلة_36
rathena-master/npc/quests/quests_brasilis.txt,المهام,مراجعة حوارية عميقة,مكتمل,37,مهام برازيليس,المرحلة_37
rathena-master/npc/quests/quests_comodo.txt,المهام,مراجعة حوارية عميقة,مكتمل,38 و47,مهام كومودو؛ مزامنة مصطلح السيوف المشؤومة في المرحلة 47,المرحلتان_38_و47
rathena-master/npc/quests/quests_ein.txt,المهام,مراجعة حوارية عميقة,مكتمل,39,مهام إينبروخ وإينبيخ,المرحلة_39
rathena-master/npc/quests/quests_geffen.txt,المهام,مراجعة حوارية عميقة,مكتمل,40,مهام غيفن,المرحلة_40
rathena-master/npc/quests/bard_quest.txt,المهام,مراجعة حوارية عميقة,مكتمل,41 و69,مهمة الشاعر المتجول؛ مزامنة تهجئة اسم باندجر ماير في المرحلة 69,المرحلتان_41_و69
rathena-master/npc/quests/bunnyband.txt,المهام,مراجعة حوارية عميقة,مكتمل,42,مهمة عصابة الأرنب,المرحلة_42
rathena-master/npc/quests/cooking_quest.txt,المهام,مراجعة حوارية عميقة,مكتمل,43,مهمة الطبخ,المرحلة_43
rathena-master/npc/quests/counteragent_mixture.txt,المهام,مراجعة حوارية عميقة,مكتمل,44,مهمة العامل المعادل والمزيج,المرحلة_44
rathena-master/npc/quests/dandelion_request.txt,المهام,مراجعة حوارية عميقة,مكتمل,45,مهمة طلب دانديليون,المرحلة_45
rathena-master/npc/quests/doomed_swords.txt,المهام,مراجعة حوارية عميقة,مكتمل,46,مهمة السيوف المشؤومة,المرحلة_46
rathena-master/npc/quests/doomed_swords_quest.txt,المهام,مراجعة حوارية عميقة,مكتمل,47,مهمة السيوف المشؤومة — الجزء الثالث,المرحلة_47
rathena-master/npc/quests/eye_of_hellion.txt,المهام,مراجعة حوارية عميقة,مكتمل,48,مهمة عين هليون,المرحلة_48
rathena-master/npc/quests/first_class/tu_acolyte.txt,المهام,مراجعة حوارية عميقة,مكتمل,49,مهمة تدريب المريد,المرحلة_49
rathena-master/npc/quests/first_class/tu_archer.txt,المهام,مراجعة حوارية عميقة,مكتمل,50,مهمة تدريب الرامي,المرحلة_50
rathena-master/npc/quests/first_class/tu_ma_th01.txt,المهام,مراجعة حوارية عميقة,مكتمل,51,مهمة آثار المعركة المشتركة,المرحلة_51
rathena-master/npc/quests/first_class/tu_merchant.txt,المهام,مراجعة حوارية عميقة,مكتمل,53,مهمة تدريب التاجر,المرحلة_53
rathena-master/npc/quests/first_class/tu_sword.txt,المهام,مراجعة حوارية عميقة,مكتمل,54,مهمة تدريب السياف,المرحلة_54
rathena-master/npc/quests/first_class/tu_thief01.txt,المهام,مراجعة حوارية عميقة,مكتمل,55,مهمة تدريب اللص والتحقيق المرتبط بها,المرحلة_55
rathena-master/npc/quests/first_class/tu_magician01.txt,المهام,مراجعة حوارية عميقة,مكتمل,52,مهمة تدريب الساحر,المرحلة_52
rathena-master/npc/quests/guildrelay.txt,المهام,مراجعة حوارية عميقة,مكتمل,56,مهمة اختبار النقابة المتتابع وتسلسل الأرواح بين المهن,المرحلة_56
rathena-master/npc/quests/gunslinger_quests.txt,المهام,مراجعة حوارية عميقة,مكتمل,57,مهام تطوير أسلحة رماة المسدسات والذخائر المرتبطة بها,المرحلة_57
rathena-master/npc/quests/juice_maker.txt,المهام,مراجعة حوارية عميقة,مكتمل,58,مهمة صنع عصير الفاكهة وفتح خدمة ماركس هانسن,المرحلة_58
rathena-master/npc/jobs/2-2/alchemist.txt,مهمة وظيفة,مزامنة مساعدة,محدث جزئيا,44,توحيد اسم مورغنشتاين ومصطلح العامل المعادل في مقطع فان هيلمونت,المرحلة_44
data/luafiles514/lua files/navigation/navi_npc_krpri.lub,ملاحة,مزامنة مساعدة,محدث جزئيا,16–52 و70,مزامنة أسماء العرض مع الملفات المنجزة، وإضافة توحيد اسم عذراء الأمنيات في أوكولنير,عدة مراحل_حتى_70
System/OngoingQuestInfoList_True_EN.lub,سجل المهام,مزامنة مساعدة,محدث جزئيا,27 و29 و31 و33 و34 و35 و36 و37 و39 و44 و45 و48 و53 و54 و59 و67 و70 و72,مزامنة المهام المكتملة؛ وفي المرحلة 70 توحيد وهج الغسق وضوء القمر البارد وضوء النجوم الضبابي في متطلبات العناصر الإلهية؛ وفي المرحلة 72 توحيد فراغ الرماد ومسؤول التجنيد ومسؤول الأبحاث المشتركة والعمل بدوام جزئي وهيلسريون في سجلات المهام المرتبطة,المراحل_27_و29_و31_و33_و34_و35_و36_و37_و39_و44_و45_و48_و53_و54_و59_و67_و70_و72
System/Navi_Data_EN.lub,ملاحة,مزامنة مساعدة,محدث جزئيا,31 و33 و35 و37 و39 و44,توحيد أسماء العرض والمدن السابقة، وإضافة توحيد اسم مورغنشتاين,المراحل_31_و33_و35_و37_و39_و44
System/mapInfo_true_EN.lub,خرائط,مزامنة مساعدة,محدث جزئيا,33 و39 و70,توحيد أسماء جوبييروس وإينبروخ وإينبيخ، ثم تصحيح اسم أوكولنير الزائف في أسماء الخرائط المعروضة,المراحل_33_و39_و70
data/luafiles514/lua files/worldviewdata/worldviewdata_language.lub,خريطة العالم,مزامنة مساعدة,محدث جزئيا,33 و39,توحيد اسمي جوبييروس وإينبروخ وإينبيخ في خريطة العالم,المرحلتان_33_و39
data/book/11011.txt,كتاب مهمة,مزامنة مساعدة,محدث جزئيا,33,توحيد اسم جوبييروس في كتاب المهمة,المرحلة_33
rathena-master/npc/pre-re/cities/alberta.txt,مدينة Pre-Renewal,مزامنة مساعدة,لم يراجع بالكامل,22,مزامنة اسم مندوب موسكوفيا فقط,المرحلة_22
System/LuaFiles514/itemInfo.lua,قاعدة العناصر,مزامنة مساعدة,محدث جزئيا,29 و30 و36 و37 و38 و39 و40 و46 و48 و59 و65 و66 و67 و72,مزامنة العناصر السابقة، وإضافة الترس المسنن ووردة النيل وعين هليون؛ وفي المرحلة 59 توحيد خاتم أليسيا وتصحيح اسم كيل هاير في وصف بطاقة المفتاح؛ وفي المرحلة 65 توحيد أسماء قبعات 2005 والأصباغ وحلقة الأنف وألماسة القيراطين وزيلوتس؛ وفي المرحلة 66 توحيد أسماء بيريه الريش وقناع الأسد الأسطوري والورق الأملس ومشبك كتاب الذكريات والقماش الشفاف والأصباغ البرتقالية؛ وفي المرحلة 67 تصحيح اسمي الأصباغ الليمونية والأصباغ الخضراء الداكنة وربط أسماء الشرائط الملونة ودبوس مخلب القط وإكليل العروس؛ وفي المرحلة 72 توحيد اسم قرن هيلسريون,المراحل_29_و30_و36_و37_و38_و39_و40_و46_و48_و59_و65_و66_و67_و72
System/achievement_list_EN.lub,إنجازات,مزامنة مساعدة,محدث جزئيا,39,توحيد اسم إينبروخ في نصوص الإنجازات,المرحلة_39
data/luafiles514/lua files/msgstring_kr.lub,رسائل النظام,مزامنة مساعدة,محدث جزئيا,39,توحيد اسم إينبيخ في رسائل النظام,المرحلة_39
data/luafiles514/lua files/msgstring_kr_s.lub,رسائل النظام,مزامنة مساعدة,محدث جزئيا,39,توحيد اسم إينبيخ في رسائل النظام المختصرة,المرحلة_39
data/luafiles514/lua files/navigation/navi_map_krpri.lub,ملاحة الخرائط,مزامنة مساعدة,محدث جزئيا,39 و70,توحيد اسمي إينبروخ وإينبيخ، ثم تصحيح اسم أوكولنير الزائف في ملاحة الخرائط,المرحلتان_39_و70
rathena-master/db/pre-re/mob_db.yml,قاعدة الوحوش,مزامنة مساعدة,محدث جزئيا,45 و70,توحيد أسماء عضو دانديليون وعضو دانديليون الهارب، ثم توحيد اسم عذراء الأمنيات,المرحلتان_45_و70
rathena-master/npc/quests/quests_yuno.txt,المهام,مراجعة حوارية عميقة,مكتمل,85,مراجعة كاملة لإيقاف أبحاث ميتو وتجربة باين وباجين ودليل مدينة يونو وبداية السيوف المشؤومة، مع مزامنة سجل المهام وقاموس الملاحة.,المرحلة_85
rathena-master/npc/quests/kiel_hyre_quest.txt,المهام,مراجعة حوارية عميقة,مكتمل,59,مهمة كيل هاير مع مزامنة سجل المهام وقاعدة العناصر,المرحلة_59
rathena-master/npc/quests/lvl4_weapon_quest.txt,المهام,مراجعة حوارية عميقة,مكتمل,60,مهام أسلحة المستوى الرابع مع توحيد الخامات والأسلحة,المرحلة_60
rathena-master/npc/quests/mage_solution.txt,المهام,مراجعة حوارية عميقة,مكتمل,61,بائعا محلولي بايون وموروك مع تثبيت أسماء المحاليل وأنبوب الاختبار,المرحلة_61
rathena-master/npc/quests/monstertamers.txt,المهام,مراجعة حوارية عميقة,مكتمل,62,مروضو الوحوش وأدوات الترويض وقصة جدة موناك مع توحيد أسماء المواد,المرحلة_62
rathena-master/npc/quests/mrsmile.txt,المهام,مراجعة حوارية عميقة,مكتمل,63,مهمة السيد مبتسم مع توحيد أسماء العنصر وموظفة الابتسامة في الملفات المرتبطة,المرحلة_63
rathena-master/npc/pre-re/quests/mrsmile.txt,المهام,مزامنة مساعدة,لم يراجع بالكامل,63,مزامنة اسم موظفة الابتسامة في نسخة إزلود فقط,المرحلة_63
rathena-master/npc/quests/newgears/2004_headgears.txt,المهام,مراجعة حوارية عميقة,مكتمل,64,مراجعة مجموعات قبعات 2004 السبع عشرة وتوحيد أسماء المواد والنتائج والشخصيات,المرحلة_64
rathena-master/npc/quests/newgears/2005_headgears.txt,المهام,مراجعة حوارية عميقة,مكتمل,65,مراجعة مهام قبعات 2005 وتوحيد الحوارات وأسماء النتائج والمواد وشخصيات زيلوتس وفيندارك وريبيو,المرحلة_65
rathena-master/npc/quests/newgears/2006_headgears.txt,المهام,مراجعة حوارية عميقة,مكتمل,66,مراجعة مهام قبعات 2006 وتوحيد الحوارات وأسماء النتائج والمواد في مهام شريط الحجب وبيريه الريش وخوذة فالكيري والأقنعة الشرقية وأيام وقبعة القاضي,المرحلة_66
rathena-master/npc/quests/newgears/2008_headgears.txt,المهام,مراجعة حوارية عميقة,مكتمل,67,مراجعة مهمة ميو ودبوس مخلب القط وخدمة صبغ الشرائط الملونة ومهمة إكليل العروس مع توحيد المصطلحات المرتبطة,المرحلة_67
rathena-master/npc/quests/ninja_quests.txt,المهام,مراجعة حوارية عميقة,مكتمل,68,مراجعة مهام تصنيع واقيات الذراع وأسلحة النينجا وهوما مع توحيد أسماء المواد والنتائج وحوارات الحرفيين الخمسة,المرحلة_68
rathena-master/npc/quests/obb_quest.txt,المهام,مراجعة حوارية عميقة,مكتمل,69,مراجعة مهمة باندجر ماير وتسلسل السائح وجاكوب وتومي والرجل العجوز، مع توحيد المواد واستعادة السطر الحواري المفقود,المرحلة_69
rathena-master/npc/quests/okolnir.txt,المهام,مراجعة حوارية عميقة,مكتمل,70,مراجعة رؤية أوكولنير وتجارب بياميت والتشكيلات السحرية وصناعة أسبريكا وبرينهيلد مع توحيد المصطلحات المرتبطة,المرحلة_70
rathena-master/npc/quests/partyrelay.txt,المهام,مراجعة حوارية عميقة,مكتمل,71,مراجعة اختبار المجموعة المتتابع وحوارات ليدريون وغاتان وبافهايل ولوسبي مع توحيد الفئات والمواد والأوقات,المرحلة_71
rathena-master/npc/quests/quests_13_2.txt,المهام,مزامنة مساعدة,لم يراجع بالكامل,72,مزامنة مصطلحي فراغ الرماد وهيلسريون في المواضع المرتبطة فقط؛ يبقى الملف ضمن الملفات المتبقية للمراجعة العميقة,المرحلة_72
rathena-master/npc/quests/quests_13_1.txt,المهام,مراجعة حوارية عميقة,مكتمل,72,مراجعة مهام فراغ الرماد: الانطلاق إلى العالم الجديد والبيئة الجديدة والموقف من العالم الجديد والجنية والعملاق ونزاع الاتحاد الثلاثي والعمل بدوام جزئي وتجارة مخلب القط وتقرير العالم الجديد وملاحقة رايان مور,المرحلة_72
rathena-master/npc/quests/quests_13_2.txt,المهام,مراجعة حوارية عميقة,مكتمل,73,مراجعة كاملة لمهام القبيلتين والمهام اليومية وخاتم الملك الحكيم ومعدن ميدغارد وعطر ألفهايم وتحقيق بازيت ولغز كهف إغدراسيل مع مزامنة الأسماء في ملفات العميل والملاحة,المرحلة_73
rathena-master/npc/quests/quests_airship.txt,المهام,مراجعة حوارية عميقة,مكتمل,74,مراجعة كاملة لمهمة تذكرة المنطاد وقصة كاين هيميري وعائلة تشيرنو وآلية عمل المنطاد وهجمات الغريملين والبيهولدر ومهمة قطعة قلب يمير ومختبر إينبروخ، مع مزامنة سجل المهام واسم عنصر إرادة الظلام.,المرحلة_74
rathena-master/npc/quests/quests_alberta.txt,المهام,مراجعة حوارية عميقة,مكتمل,75,مراجعة كاملة لمهمة الدمى وصناعة قبعات ألبرتا وحوارات تيمبسترا وسلسلة الوصول إلى جزيرة السلاحف وكنزها ومهمة إيرومو، مع مزامنة سجل المهام والعناصر والملاحة.,المرحلة_75
rathena-master/npc/quests/quests_aldebaran.txt,المهام,مراجعة حوارية عميقة,مكتمل,76,مراجعة كاملة لحوار تاجر ألديباران ووصفات طوق الطبيب وقبعة الريش وقناع الأوبرا وساكات، مع توحيد أسماء العناصر وتصحيح ألماسة متشققة في قاعدة العميل.,المرحلة_76
rathena-master/npc/quests/quests_lutie.txt,المهام,مراجعة حوارية عميقة,مكتمل,77,مراجعة كاملة لحوار تيتيكوب وآلة البيع أودي، مع توحيد أسماء ثماني قبعات وموادها والتحذير من فقدان الترقيات والبطاقات.,المرحلة_77
rathena-master/npc/quests/quests_morocc.txt,المهام,مراجعة حوارية عميقة,مكتمل,78,مراجعة كاملة لعمود المرور والمنظار، ونقابة القتلة المعطلة، وبعث ساتان موروك، وحرس القارة، وسلسلة غراب القدر والمختبر وقرية الكهف.,المرحلة_78
rathena-master/npc/quests/quests_moscovia.txt,المهام,مراجعة حوارية عميقة,مكتمل,79,مراجعة كاملة للجزيرة المتحركة وجزيرة الحوت، ومساعدة ميخائيل، وتبادل البلوط، وطرد الشتاء، وشافكا، وسلسلة كوشي الخالد وماريا موريفنا.,المرحلة_79
rathena-master/npc/quests/quests_nameless.txt,المهام,مراجعة حوارية عميقة,مكتمل,80,مراجعة كاملة لدخول الجزيرة المجهولة والدير الملعون، والسلام لأرونافيلتز، وقرض ماف، وألماسة الدمار، وعصابة Z، والزمردة المشؤومة، وتحقيق نقابة المارقين.,المرحلة_80
rathena-master/npc/quests/quests_payon.txt,المهام,مراجعة حوارية عميقة,مكتمل,81,مراجعة كاملة لخدعة القتل وغطاء الأذنين وقناع الأكسجين وخوذة الملاك وقبعة ديفيروتشي، مع توحيد أسماء العناصر وتصحيح جنس المتحدثة.,المرحلة_81
rathena-master/npc/quests/quests_prontera.txt,المهام,مراجعة حوارية عميقة,مكتمل,82,مراجعة كاملة للمجاري وقبعة الدكتوراه وسلسلة لعنة غيوبورغ، مع مزامنة سجل المهام والعناصر والملاحة.,المرحلة_82
rathena-master/npc/quests/quests_rachel.txt,المهام,مراجعة حوارية عميقة,مكتمل,83,مراجعة كاملة لجميع سلاسل راشيل مع إصلاح المحاذاة ومزامنة سجل المهام والعناصر والملاحة.,المرحلة_83
rathena-master/npc/quests/quests_veins.txt,المهام,مراجعة حوارية عميقة,مكتمل,84,مراجعة كاملة لجميع سلاسل فينس مع استعادة المحاذاة ومزامنة سجل المهام والعناصر والملاحة.,المرحلة_84
rathena-master/npc/quests/seals/brisingamen_seal.txt,المهام,مراجعة حوارية عميقة,مكتمل,86,مراجعة كاملة لختم بريسينغامن وقصة روزا ولوين والأقزام ألفريك ودفالين وبيرلينغ وغرر، مع إصلاح المحاذاة ومزامنة سجل المهام.,المرحلة_86
rathena-master/npc/quests/seals/god_global.txt,المهام,مراجعة حوارية عميقة,مكتمل,87,مراجعة كاملة لأداة إدارة متغيرات الأختام، مع تحسين رسائل التحقق وإعادة الضبط وحفظ كلمات المرور والمتغيرات والمنطق.,المرحلة_87
rathena-master/npc/quests/seals/god_weapon_creation.txt,المهام,مراجعة حوارية عميقة,مكتمل,88,مراجعة كاملة لصناعة الأدوات الإلهية لدى غرونبورتي، مع توحيد الأسماء والمواد ورسائل المؤقت والإعلانات ومزامنة لوحة حالة الأختام.,المرحلة_88
rathena-master/npc/quests/seals/megingard_seal.txt,المهام,مراجعة حوارية عميقة,مكتمل,89,مراجعة كاملة لختم ميغينغجارد والتحقيق في مصير الفرقة الأولى، مع توحيد أسماء الشخصيات والمواد ومزامنة سجل المهام.,المرحلة_89
rathena-master/npc/quests/seals/mjolnir_seal.txt,المهام,مراجعة حوارية عميقة,مكتمل,90,مراجعة كاملة لختم ميولنير وحوارات تيالفي وروسكفا وأوستري وسودري وفيستري ونوردري، مع توحيد الخامات والصقل ورسائل القتال والأساطير.,المرحلة_90
rathena-master/npc/quests/seals/seal_status.txt,المهام,مراجعة حوارية عميقة,مكتمل,91,مراجعة كاملة للوحة حالة الأختام، مع تحسين اسم اللوحة وعناوين الحالة وصياغة ظهور الختم وفكه وحفظ جميع المتغيرات والحدود.,المرحلة_91
rathena-master/npc/quests/seals/sleipnir_seal.txt,المهام,مراجعة حوارية عميقة,مكتمل,92,مراجعة كاملة لختم سليبنير ومختبر يونو والباحثين الأربعة واللوح الحجري وحكاية لانيا، مع توحيد أسماء العناصر والمصطلحات وحفظ كلمات اللوح والمنطق.,المرحلة_92
rathena-master/npc/quests/skills/acolyte_skills.txt,المهام,مراجعة حوارية عميقة,مكتمل,93,مراجعة كاملة لمهمة تعلم مهارة ضوء مقدس، مع توحيد اسم المهارة والعناصر ومتطلبات مستوى الوظيفة والفئات وحوار المريد كليفت.,المرحلة_93
rathena-master/npc/quests/skills/alchemist_skills.txt,المهام,مراجعة حوارية عميقة,مكتمل,94,مراجعة كاملة لمهمة دليل صنع الجرعات العنصرية ومهمة الأخلاقيات الحيوية، مع إصلاح محاذاة الحوار والشرط الحرفي، وتوحيد أسماء الهومنكولوس والمهارات والعناصر والشخصيات.,المرحلة_94
rathena-master/npc/quests/skills/archer_skills.txt,المهام,مراجعة حوارية عميقة,مكتمل,95,مراجعة كاملة لمهمتي صناعة السهام وسهم شاحن لدى روبرتو وجيسون، مع توحيد أسماء المهارات والعناصر وتحسين الحوارات ومتطلبات المستويات والفئات.,المرحلة_95
rathena-master/npc/quests/skills/assassin_skills.txt,المهام,مراجعة حوارية عميقة,مكتمل,96,مراجعة كاملة لمهمتي رمي سكين السم وتسارع صوتي لدى كيلتين وإسميل، مع تحسين التدريب ومشاهد التوابيت والتماثيل والسرداب ومزامنة سجل المهام.,المرحلة_96
rathena-master/npc/quests/skills/bard_skills.txt,المهام,مراجعة حوارية عميقة,مكتمل,97,مراجعة كاملة لمهمة صوت بانغ لدى ريوت وقصة الشاب الخجول ومطاردة الدجاجة ييل وحوارات السكيرين، مع استعادة سطرين مفقودين وتوحيد المهارة والعناصر والشخصيات.,المرحلة_97
rathena-master/npc/quests/skills/blacksmith_skills.txt,المهام,مراجعة حوارية عميقة,مكتمل,98,مراجعة كاملة لمهمتي خدعة غير عادلة وجشع لدى أكي وغودمان، مع استعادة سطر مفقود وتوحيد المهارات والعناصر والفئات وحوارات سك الزيني واختبار الوزن.,المرحلة_98
rathena-master/npc/quests/skills/crusader_skills.txt,المهام,مراجعة حوارية عميقة,مكتمل,99,مراجعة كاملة لمهمة انكماش لدى فورد وسلوتيي والأب آرثر، مع حذف سطر زائد واستعادة المحاذاة وتوحيد المهارة والشخصيات والعناصر وصياغة اللاعب المحايدة.,المرحلة_99
rathena-master/npc/quests/skills/dancer_skills.txt,المهام,مراجعة حوارية عميقة,مكتمل,100,مراجعة كاملة لمهمة غمزة ساحرة لدى كانيل وآيل، مع توحيد المهارة والعناصر والشخصيات وتحسين التدريب والحوارات ومزامنة سجل المهام.,المرحلة_100
rathena-master/npc/quests/skills/hunter_skills.txt,المهام,مراجعة حوارية عميقة,مكتمل,101,مراجعة كاملة لمهمة سهم وهمي لدى أربستو وريدين كورس، مع توحيد المهارة والعناصر والشخصيات وتحسين الحوار الكوميدي ومتطلبات مستوى الوظيفة وصياغة اللاعب المحايدة.,المرحلة_101
rathena-master/npc/quests/skills/knight_skills.txt,المهام,مراجعة حوارية عميقة,مكتمل,102,مراجعة كاملة لمهمة هجوم شاحن لدى إسوفيت وجولة القسم السابع، مع توحيد المهارة والعناصر والشخصيات وتحسين السخرية من البيروقراطية والتدريب والحفاظ على المنطق.,المرحلة_102
rathena-master/npc/quests/skills/mage_skills.txt,المهام,مراجعة حوارية عميقة,مكتمل,103,مراجعة كاملة لمهمة غلاف الطاقة لدى بليزاردريس، مع توحيد المهارة والعناصر وشروط الساحر والساحر العظيم والحكيم وتحسين الطقس السحري والحوار والحفاظ على المنطق.,المرحلة_103
rathena-master/npc/quests/skills/merchant_skills.txt,المهام,مراجعة حوارية عميقة,مكتمل,104,مراجعة كاملة لمهمات ضجة مجنونة وتغيير العربة وثورة العربة لدى نيكو وتشارلرون وغيرشاون، مع توحيد المهارات والعناصر وإصلاح نكتة العربة والبطاقة وتحسين الحوارات المتكررة.,المرحلة_104
rathena-master/npc/quests/skills/monk_skills.txt,المهام,مراجعة حوارية عميقة,مكتمل,105,مراجعة كاملة لمهمتي نقل كي وانفجار كي، مع توحيد المهارتين واسم ماندراغورا والعناصر وتحسين الفلسفة والتدريب والاختبارات والحفاظ على المنطق.,المرحلة_105
rathena-master/npc/quests/skills/novice_skills.txt,المهام,مراجعة حوارية عميقة,مكتمل,106,مراجعة كاملة لمهمتي إسعافات أولية والتظاهر بالموت لدى نامي وعضو الفرسان ومدرب التمريض، مع توحيد المهارتين والعناصر وإصلاح تناقضات الحوار وصياغة اللاعب.,المرحلة_106
rathena-master/npc/quests/skills/priest_skills.txt,المهام,مراجعة حوارية عميقة,مكتمل,107,مراجعة كاملة لمهمة ريديمبتيو لدى الأخت لينوس، مع توحيد ريديمبتيو وبعث ومارغريتا سورين والعناصر وتحسين قصة الراهبة وطقس التعلم وفروع النجاح والفشل.,المرحلة_107
rathena-master/npc/quests/skills/rogue_skills.txt,المهام,مراجعة حوارية عميقة,مكتمل,108,مراجعة كاملة لمهمة حبس محكم وقصة هايجارا غريغ وأبنائه وتدريب كيينا، مع توحيد المهارات والشخصيات وتحسين الحوارات والشرح الفني والحفاظ على المنطق.,المرحلة_108
rathena-master/npc/quests/skills/sage_skills.txt,المهام,مراجعة حوارية عميقة,مكتمل,109,مراجعة كاملة لمهمتي إنشاء محول عنصري وتغيير العنصر، مع استعادة المحاذاة وحذف سطر زائد وتوحيد المهارات والعناصر واسم ميشونا ومزامنة سجل المهام والملاحة.,المرحلة_109
rathena-master/npc/quests/skills/swordman_skills.txt,المهام,مراجعة حوارية عميقة,مكتمل,110,مراجعة كاملة لمهمات استعادة HP أثناء الحركة وضربة قاتلة وهياج تلقائي لدى دي توماس وليون وخوان، مع توحيد المهارات والعناصر وتحسين الحوارات ومتطلبات التعلم والحفاظ على المنطق.,المرحلة_110
rathena-master/npc/quests/skills/thief_skills.txt,المهام,مراجعة حوارية عميقة,مكتمل,111,مراجعة كاملة لمهمات نثر الرمل وانزلاق للخلف والتقاط حجر ورمي حجر لدى ألكوسكو وروروموني، مع توحيد المهارات والعناصر وتحسين الحوارات والتدريب والحفاظ على المنطق.,المرحلة_111
rathena-master/npc/quests/skills/wizard_skills.txt,المهام,مراجعة حوارية عميقة,مكتمل,112,مراجعة كاملة لمهمة مفجر الرؤية لدى مياو وتدريب نظرية الدفع لدى سايمون مايايس، مع حذف سطر زائد وتوحيد المهارة والعناصر والشخصيات ومزامنة سجل المهام.,المرحلة_112
rathena-master/npc/quests/thana_quest.txt,المهام,مراجعة حوارية عميقة,مكتمل,113,مراجعة كاملة لمهمة برج ثاناتوس، بما يشمل عقد ديتزه وبورليد وقصة فارمونت ومفاتيح البرج وأحجار التعويذة والأختام واستدعاء ذكرى ثاناتوس، مع مزامنة سجل المهام وقاعدة العناصر والحفاظ على المنطق.,المرحلة_113
rathena-master/npc/quests/the_sign_quest.txt,المهام,مراجعة حوارية عميقة,مكتمل,114,مراجعة كاملة لمهمة العلامة بأجزائها الثلاثة، والاختبارات الستة، وترميم ضوء النجوم الناحب، وقصة سيرين وكيركينا وأنغربودا، وأختام غيفينيا وفتح البوابة، مع إصلاح مقطع كيركينا البنيوي ومزامنة سجل المهام وقاعدة العناصر.,المرحلة_114
rathena-master/npc/airports/airships.txt,المطارات,مراجعة حوارية عميقة,مكتمل,115,مراجعة كاملة لنظام المناطيد المحلي والدولي، وإعلانات الوصول والمغادرة، وطاقم المنطاد والطيارين ومتجري التفاح وألعاب الكتابة والنرد وركاب أومبالا، مع استعادة سطر شرمليم المفقود والحفاظ على منطق الرحلات والأسماء الداخلية.,المرحلة_115
rathena-master/npc/airports/einbroch.txt,المطارات,مراجعة حوارية عميقة,مكتمل,116,"مراجعة كاملة لموظفي مطار إينبروخ وموظفي الوصول وطاقم المنطاد، مع توحيد إينبروخ ولايت هالزن ورسوم الركوب والتذكرة المجانية، ومزامنة اسم المدينة في airships.txt، والحفاظ على المعرف 7311 وقيمة 1,200 زيني ونقاط النقل والأسماء الداخلية.",المرحلة_116
rathena-master/npc/airports/hugel.txt,المطارات,مراجعة حوارية عميقة,مكتمل,117,"مراجعة كاملة لبوابة منطاد هويغل، مع توحيد تذكرة مجانية للمنطاد ورسوم الركوب وصياغة الاعتذار والختام، والحفاظ على الاسم الداخلي toairplane#hugel والمعرف 7311 وقيمة 1,200 زيني ونقطة النقل airplane 244,58.",المرحلة_117
rathena-master/npc/airports/izlude.txt,المطارات,مراجعة حوارية عميقة,مكتمل,118,"مراجعة كاملة لموظف منطاد إزلود، مع توحيد المسار الدولي إلى يونو وراشيل ورسوم ركوب المنطاد والتذكرة المجانية ورسالة عدم كفاية الرسوم والختام، والحفاظ على الاسم الداخلي Airship_Staff_izlude والمعرف 7311 وقيمة 1,200 زيني ونقطة النقل airplane_01 244,58.",المرحلة_118
rathena-master/npc/airports/lighthalzen.txt,المطارات,مراجعة حوارية عميقة,مكتمل,119,"مراجعة كاملة لموظفي مطار لايت هالزن وموظفي الوصول، مع توحيد لايت هالزن وإينبروخ والمسار المحلي ورسوم ركوب المنطاد والتذكرة المجانية وإرشادات المحطة، والحفاظ على الأسماء الداخلية والمعرف 7311 وقيمة 1,200 زيني ونقطتي النقل.",المرحلة_119
rathena-master/npc/airports/rachel.txt,المطارات,مراجعة حوارية عميقة,مكتمل,120,"مراجعة كاملة لبوابة منطاد راشيل، مع توحيد رسوم ركوب المنطاد والتذكرة المجانية وسؤال الركوب ورسالة عدم كفاية الرسوم والختام، والحفاظ على الاسم الداخلي toairplane#rachel والمعرف 7311 وقيمة 1,200 زيني ونقطة النقل airplane_01 245,60.",المرحلة_120
rathena-master/npc/airports/yuno.txt,المطارات,مراجعة حوارية عميقة,مكتمل,121,مراجعة كاملة لمطار يونو، والمسارين المحلي والدولي، وموظفي الوصول والصعود وطاقم المنطاد، مع استعادة سطر حوار مفقود وتوحيد إينبروخ ولايت هالزن ورسوم الركوب والتذكرة المجانية وأسماء الدول، والحفاظ على جميع الأسماء الداخلية والمعرفات ونقاط النقل.,المرحلة_121
rathena-master/npc/battleground/bg_common.txt,ساحات القتال,مراجعة حوارية عميقة,مكتمل,122,مراجعة كاملة للشخصيات والخدمات المشتركة لساحات قتال مارول، بما يشمل الأمير كروا والجنرال غيوم والناقل والمجندين وكافرا وعامل الإصلاح وإدارة GM ومتجر إيرونديك ورسائل مكافآت الشارات، مع توحيد شارة الشجاعة وشارة البسالة والوظائف والحفاظ على جميع الأسماء الداخلية والمعرفات والكميات ومنطق المكافآت.,المرحلة_122
rathena-master/npc/battleground/flavius/flavius01.txt,ساحات القتال,مراجعة حوارية عميقة,مكتمل,123,مراجعة كاملة لساحة فلافيوس الأولى، بما يشمل غرف الانتظار والكريستالات والحراس ومعالجي المعركة والجولات وإعلانات مارولو السابع وحوارات أكسل روز وسواندري وإدارة GM، مع مزامنة الحوارات المشتركة في flavius02.txt والحفاظ على منطق المعركة والأسماء الداخلية والمعرفات والمكافآت.,المرحلة_123
rathena-master/npc/battleground/flavius/flavius02.txt,ساحات القتال,مراجعة حوارية عميقة,مكتمل,124,مراجعة كاملة لساحة فلافيوس الثانية بعد مزامنة الحوارات المشتركة في المرحلة السابقة، مع توحيد أسماء نقاط العودة وبدء فلافيوس والأهداف والحارسين والخليتين والمؤقت وغيوم وكروا فينتينار والعد التنازلي وأداة إخراج اللاعبين، والحفاظ على جميع الأسماء الداخلية والمعرفات والمؤقتات ومنطق المعركة والمكافآت.,المرحلة_124
rathena-master/npc/battleground/flavius/flavius_enter.txt,ساحات القتال,مراجعة حوارية عميقة,مكتمل,125,مراجعة كاملة لضباط وفارسي دخول فلافيوس في الساحتين، بما يشمل شروط الوزن والمستوى ومؤقت العودة وحالة المعركة وشرح الكريستالات والحواجز والحراس وواجهة التسجيل، مع مزامنة الحوارات المشتركة في tierra_enter.txt والحفاظ على جميع الأسماء الداخلية والمعرفات والشروط ونقاط النقل.,المرحلة_125
rathena-master/npc/battleground/kvm/kvm01.txt,ساحات القتال,مراجعة حوارية عميقة,مكتمل,126,مراجعة كاملة لساحة KVM للمستويات 80–99، بما يشمل غرف الانتظار وإعلانات أعداد المقاتلين والعد التنازلي وبدء المعركة ونهايتها والفوز والتعادل واستلام نقاط KVM وحوار ضابط المكافآت، مع مزامنة النصوص المشتركة في kvm02.txt وkvm03.txt والحفاظ على جميع الأسماء الداخلية والمعرفات والمؤقتات ونقاط النقل ومنطق النقاط.,المرحلة_126
rathena-master/npc/battleground/kvm/kvm02.txt,ساحات القتال,مراجعة حوارية عميقة,مكتمل,127,مراجعة مستقلة كاملة لساحة KVM للمستويات 1–59 بعد مزامنة نصوصها في المرحلة السابقة. تم التحقق من غرف الانتظار وإعلانات أعداد المقاتلين والعد التنازلي وبدء المعركة ونهايتها والتعادل والفوز واستلام نقاط KVM، ولم تتطلب الصياغة النهائية أي تعديل إضافي. حُفظت جميع الأسماء الداخلية والمعرفات والمؤقتات ونقاط النقل وقيم النقاط 1/0.,المرحلة_127
rathena-master/npc/battleground/kvm/kvm03.txt,ساحات القتال,مراجعة حوارية عميقة,مكتمل,128,مراجعة مستقلة كاملة لساحة KVM للمستويات 60–80 بعد مزامنة نصوصها في المرحلة 126. تم التحقق من غرف الانتظار وإعلانات أعداد المقاتلين والعد التنازلي وبدء المعركة ونهايتها والتعادل والفوز واستلام نقاط KVM، ولم تتطلب الصياغة النهائية أي تعديل إضافي. حُفظت جميع الأسماء الداخلية والمعرفات والمؤقتات ونقاط النقل وقيم النقاط 2/1.,المرحلة_128
rathena-master/npc/battleground/kvm/kvm_enter.txt,ساحات القتال,مراجعة حوارية عميقة,مكتمل,129,مراجعة كاملة لضابطي مرتزقة غيوم وكروا وفارسيهما في مدخل KVM، بما يشمل مؤقت التسجيل وتوزيع اللاعبين على فئات المستوى وشرح كرايغر فون ميدغارد والعالم الجديد والتسجيل الجماعي والفردي وواجهة المعركة ورصيد نقاط KVM، مع توحيد اسم ضابط لوجستيات KVM والحفاظ على جميع الأسماء الداخلية والمعرفات ونقاط النقل.,المرحلة_129
rathena-master/npc/battleground/kvm/kvm_item_pay.txt,ساحات القتال,مراجعة حوارية عميقة,مكتمل,130,مراجعة كاملة لضابط لوجستيات KVM ومتجر المكافآت، بما يشمل تحويل شارة KVM القديمة والكتالوج وفئات الأسلحة والدروع والإكسسوارات والأسعار ورسائل الشراء والرصيد. تمت مزامنة أسماء العناصر في كتاب الكتالوج 11017 مع itemInfo.lua، وتصحيح عرض فئتي المعدات الشائعة والإنتاج الضخم بحسب معرفات العناصر الفعلية، مع الحفاظ على المعرفات والأسعار ومنطق الشراء.,المرحلة_130
rathena-master/npc/battleground/tierra/tierra01.txt,ساحات القتال,مراجعة حوارية عميقة,مكتمل,131,مراجعة كاملة لساحة وادي تييرا الأولى، بما يشمل مستودعي المؤن والحواجز والراية المحايدة والحراس والحدادين ومعالجي المعركة وإعلانات أكسل روز وسواندري ومارولو السابع وأداة GM، مع مزامنة النصوص المشتركة في tierra02.txt والحفاظ على جميع الأسماء الداخلية والمعرفات والمؤقتات ونقاط النقل ومنطق المكافآت.,المرحلة_131
rathena-master/npc/battleground/tierra/tierra02.txt,ساحات القتال,مراجعة حوارية عميقة,مكتمل,132,مراجعة مستقلة كاملة لساحة وادي تييرا الثانية بعد مزامنة نصوصها في المرحلة 131. تم التحقق من مستودعي المؤن والحواجز والراية المحايدة والحراس والحدادين ومعالجي المعركة وإعلانات أكسل روز وسواندري ومارولو السابع وأداة GM، ولم تتطلب الصياغة النهائية أي تعديل إضافي. حُفظت جميع الأسماء الداخلية والمعرفات والمؤقتات ونقاط النقل ومنطق المكافآت.,المرحلة_132
rathena-master/npc/battleground/tierra/tierra_enter.txt,ساحات القتال,مراجعة حوارية عميقة,مكتمل,133,مراجعة كاملة لضباط وفارسي دخول وادي تييرا في الساحتين، بما يشمل شروط الوزن والمستوى وفترة الانتظار وحالة المعركة وشرح مستودعات المؤن والحواجز وراية الحياد ونقطة العودة وواجهة التسجيل. تم توحيد مصطلحات معالج المعركة وسجل المهام ومسؤول التجنيد مع الملفات المكتملة، مع الحفاظ على جميع الأسماء الداخلية والمعرفات والشروط ونقاط النقل.,المرحلة_133
rathena-master/npc/guild/agit_controller.txt,حرب الإمبريوم,مراجعة حوارية عميقة,مكتمل,134,مراجعة كاملة لمتحكم البدء الآلي لحرب الإمبريوم الأولى، بما يشمل أوقات البدء والانتهاء وفحوص أيام الأسبوع وحالة الحرب واستدعاء عرض مالكي القلاع العشرين. صُححت رسالتا الملكية لتعبّرا عن حالة السيطرة عند بدء الحرب وانتهائها بدلا من الإيحاء بوقوع احتلال جديد، مع الحفاظ على جميع الأحداث والأوقات والخرائط والدوال والمنطق.,المرحلة_134
rathena-master/npc/guild/agit_main.txt,حرب الإمبريوم,مراجعة حوارية عميقة,مكتمل,135,مراجعة كاملة لملف إدارة قلاع حرب الإمبريوم الأولى، تشمل كسر الإمبريوم، الوحوش والحراس، خدمات كافرا، تقرير القلعة، الاستثمار التجاري والدفاعي، استدعاء الحراس، تعيين موظفة كافرا، غرفة السيد، مدخل دهاليز النقابة، توليد الحراس وصناديق الكنوز. صُححت الصياغات الآلية والأخطاء النحوية وجنس المتحدث، ووُحدت مصطلحات فارس الحراسة وبحث الحراس وعقد كافرا والإمبريوم، مع الحفاظ على جميع الأحداث والأسماء الداخلية والمعرفات والأسعار والإحداثيات والمنطق.,المرحلة_135
rathena-master/npc/guild/aldeg_cas01.txt,حرب الإمبريوم,مراجعة حوارية عميقة,مكتمل,136,مراجعة كاملة لملف قلعة نويشفانشتاين في ألديباران، تشمل مرسوم المملكة عند غياب المالك وعند سيطرة نقابة، العودة إلى القلعة، رايات النقابة الداخلية والخارجية، موظفة كافرا، المشرف ألفريدو، رافعة الخروج، دهليز النقابة والكنوز والحراس. صُححت صياغة الملكية والعودة والاعتراض وخيارات القوائم، ووُحد جنس موظفة كافرا مع ملف الملاحة المرتبط، مع الحفاظ على جميع الأسماء الفريدة بعد :: والأحداث والخرائط والإحداثيات والمعرفات والمنطق.,المرحلة_136
rathena-master/npc/guild/aldeg_cas02.txt,حرب الإمبريوم,مراجعة حوارية عميقة,مكتمل,137,مراجعة كاملة لقلعة هوهنشفانغاو في ألديباران، تشمل مرسوم المملكة عند غياب المالك وعند سيطرة نقابة، العودة إلى القلعة، الرايات الداخلية والخارجية، موظفة كافرا، المشرف تشينتشينلي، رافعة الخروج، دهليز النقابة والكنوز والحراس. صُححت صياغة الملكية والعودة والاعتراض وخيارات القوائم، ووُحد جنس موظفة كافرا واسم القلعة في ملفات الخريطة والملاحة مع الاسم المعتمد في إعداد حرب الإمبريوم وNavi_Data، مع الحفاظ على جميع الأسماء الفريدة بعد :: والأحداث والخرائط والإحداثيات والمعرفات والمنطق.,المرحلة_137
rathena-master/npc/guild/aldeg_cas03.txt,حرب الإمبريوم,مراجعة حوارية عميقة,مكتمل,138,مراجعة كاملة لقلعة نورمبرغ في ألديباران، تشمل مرسوم المملكة عند غياب المالك وعند سيطرة نقابة، العودة إلى القلعة، الرايات الداخلية والخارجية، موظفة كافرا، المشرف ناهزارف، رافعة الخروج، دهليز النقابة والكنوز والحراس. صُححت الصياغة وخيارات القوائم، ووُحد جنس موظفة كافرا واسم القلعة في أسماء العرض وإعداد حرب الإمبريوم وملفات الخريطة والملاحة مع الاسم المعتمد في Navi_Data، مع الحفاظ على جميع الأسماء الفريدة بعد :: والأحداث والخرائط والإحداثيات والمعرفات والمنطق.,المرحلة_138
rathena-master/npc/guild/aldeg_cas04.txt,حرب الإمبريوم,مراجعة حوارية عميقة,مكتمل,139,مراجعة كاملة لقلعة فورتسبورغ في ألديباران، تشمل مرسوم المملكة عند غياب المالك وعند سيطرة نقابة، العودة إلى القلعة، الرايات الداخلية والخارجية، موظفة كافرا، المشرف بريمهينسن، رافعة الخروج، دهليز النقابة والكنوز والحراس. صُححت صياغة الملكية والعودة والاعتراض وخيارات القوائم، ووُحد جنس موظفة كافرا مع ملف الملاحة، مع الحفاظ على جميع الأسماء الفريدة بعد :: والأحداث والخرائط والإحداثيات والمعرفات والمنطق. ثبت أن اسم فورتسبورغ متسق مسبقا في ملفات العميل المرتبطة.,المرحلة_139
rathena-master/npc/guild/aldeg_cas05.txt,حرب الإمبريوم,مراجعة حوارية عميقة,مكتمل,140,مراجعة كاملة لقلعة روتنبورغ في ألديباران، تشمل مرسوم المملكة عند غياب المالك وعند سيطرة نقابة، العودة إلى القلعة، الرايات الداخلية والخارجية، موظفة كافرا، المشرف إسماريك، رافعة الخروج، دهليز النقابة والكنوز والحراس. صُححت صياغة الملكية والعودة والاعتراض وخيارات القوائم، ووُحد جنس موظفة كافرا مع ملف الملاحة، مع الحفاظ على جميع الأسماء الفريدة بعد :: والأحداث والخرائط والإحداثيات والمعرفات والمنطق. ثبت أن اسم روتنبورغ متسق مسبقا في ملفات العميل المرتبطة.,المرحلة_140
rathena-master/npc/guild/gefg_cas01.txt,حرب الإمبريوم,مراجعة حوارية عميقة,مكتمل,141,مراجعة كاملة لقلعة ريفيريون في غيفن، تشمل مرسوم المملكة عند غياب المالك وعند سيطرة نقابة، العودة إلى القلعة، الرايات الداخلية والخارجية، موظفة كافرا، المشرف غناشر، رافعة الخروج، دهليز النقابة والكنوز والحراس. صُححت صياغة الملكية والعودة والاعتراض وخيارات القوائم، ووُحد جنس موظفة كافرا مع ملف الملاحة، مع الحفاظ على جميع الأسماء الفريدة بعد :: والأحداث والخرائط والإحداثيات والمعرفات والمنطق. ثبت أن اسم ريفيريون متسق مسبقا في ملفات العميل المرتبطة.,المرحلة_141
rathena-master/npc/guild/gefg_cas02.txt,حرب الإمبريوم,مراجعة حوارية عميقة,مكتمل,142,مراجعة كاملة لقلعة إيوربريغار في غيفن، تشمل مرسوم المملكة عند غياب المالك وعند سيطرة نقابة، العودة إلى القلعة، الرايات الداخلية والخارجية، موظفة كافرا، المشرف إسماريك، رافعة الخروج، دهليز النقابة والكنوز والحراس. صُححت صياغة الملكية والعودة والاعتراض وخيارات القوائم، ووُحد جنس موظفة كافرا مع ملف الملاحة، كما وُحد اسم القلعة في إعداد حرب الإمبريوم مع الاسم المعتمد في ملف NPC وملفات الخريطة والملاحة وNavi_Data، مع الحفاظ على جميع الأسماء الفريدة بعد :: والأحداث والخرائط والإحداثيات والمعرفات والمنطق.,المرحلة_142
rathena-master/npc/guild/gefg_cas03.txt,حرب الإمبريوم,مراجعة حوارية عميقة,مكتمل,143,مراجعة كاملة لقلعة يسنلف في غيفن، تشمل مرسوم المملكة عند غياب المالك وعند سيطرة نقابة، العودة إلى القلعة، الرايات الداخلية والخارجية، موظفة كافرا، المشرف جيانغ، رافعة الخروج، دهليز النقابة والكنوز والحراس. صُححت صياغة الملكية والعودة والاعتراض وخيارات القوائم، ووُحد جنس موظفة كافرا مع ملف الملاحة، كما وُحد اسم القلعة في ملفات الخريطة والملاحة مع الاسم المعتمد في ملف NPC وإعداد حرب الإمبريوم وNavi_Data، مع الحفاظ على جميع الأسماء الفريدة بعد :: والأحداث والخرائط والإحداثيات والمعرفات والمنطق.,المرحلة_143
rathena-master/npc/guild/gefg_cas04.txt,حرب الإمبريوم,مراجعة حوارية عميقة,مكتمل,144,مراجعة كاملة لقلعة بيرغل في غيفن، تشمل مرسوم المملكة عند غياب المالك وعند سيطرة نقابة، العودة إلى القلعة، الرايات الداخلية والخارجية، موظفة كافرا، المشرف كيلفاني، رافعة الخروج، دهليز النقابة والكنوز والحراس. صُححت صياغة الملكية والعودة والاعتراض وخيارات القوائم، ووُحد جنس موظفة كافرا مع ملف الملاحة، مع الحفاظ على جميع الأسماء الفريدة بعد :: والأحداث والخرائط والإحداثيات والمعرفات والمنطق. ثبت أن اسم بيرغل متسق مسبقا في ملفات العميل المرتبطة.,المرحلة_144
rathena-master/npc/guild/gefg_cas05.txt,حرب الإمبريوم,مراجعة حوارية عميقة,مكتمل,145,مراجعة كاملة لقلعة ميرسيتزدايتز في غيفن، تشمل مرسوم المملكة عند غياب المالك وعند سيطرة نقابة، العودة إلى القلعة، الرايات الداخلية والخارجية، موظفة كافرا، المشرف بيوهري، رافعة الخروج، دهليز النقابة والكنوز والحراس. صُححت صياغة الملكية والعودة والاعتراض وخيارات القوائم، ووُحد جنس موظفة كافرا مع ملف الملاحة، مع الحفاظ على جميع الأسماء الفريدة بعد :: والأحداث والخرائط والإحداثيات والمعرفات والمنطق. ثبت أن اسم ميرسيتزدايتز متسق مسبقا في ملفات العميل المرتبطة.,المرحلة_145
rathena-master/npc/guild/payg_cas01.txt,حرب الإمبريوم,مراجعة حوارية عميقة,مكتمل,146,مراجعة كاملة لقلعة البستان المشرق في بايون، تشمل مرسوم المملكة عند غياب المالك وعند سيطرة نقابة، العودة إلى القلعة، الرايات الداخلية والخارجية، موظفة كافرا، المشرف كورونادي، رافعة الخروج، دهليز النقابة والكنوز والحراس. صُححت صياغة الملكية والعودة والاعتراض وخيارات القوائم، ووُحد جنس موظفة كافرا مع ملف الملاحة، كما وُحد اسم القلعة في ملفات الخريطة والملاحة مع الاسم المعتمد في ملف NPC وإعداد حرب الإمبريوم، مع الحفاظ على جميع الأسماء الفريدة بعد :: والأحداث والخرائط والإحداثيات والمعرفات والمنطق.,المرحلة_146
rathena-master/npc/guild/payg_cas02.txt,حرب الإمبريوم,مراجعة حوارية عميقة,مكتمل,147,مراجعة كاملة لقلعة القصر القرمزي في بايون، تشمل مرسوم المملكة عند غياب المالك وعند سيطرة نقابة، العودة إلى القلعة، الرايات الداخلية والخارجية، موظفة كافرا، المشرف شيريوس، رافعة الخروج، دهليز النقابة والكنوز والحراس. صُححت صياغة الملكية والعودة والاعتراض وخيارات القوائم، ووُحد جنس موظفة كافرا مع ملف الملاحة، كما وُحد اسم القلعة في ملفات الخريطة والملاحة مع الاسم المعتمد في ملف NPC وإعداد حرب الإمبريوم، مع الحفاظ على جميع الأسماء الفريدة بعد :: والأحداث والخرائط والإحداثيات والمعرفات والمنطق.,المرحلة_147
rathena-master/npc/guild/payg_cas03.txt,حرب الإمبريوم,مراجعة حوارية عميقة,مكتمل,148,مراجعة كاملة لقلعة الظل المقدس في بايون، تشمل مرسوم المملكة عند غياب المالك وعند سيطرة نقابة، العودة إلى القلعة، الرايات الداخلية والخارجية، موظفة كافرا، المشرف غيريوت، رافعة الخروج، دهليز النقابة والكنوز والحراس. صُححت صياغة الملكية والعودة والاعتراض وخيارات القوائم، ووُحد جنس موظفة كافرا مع ملف الملاحة، كما وُحد اسم القلعة في ملفات الخريطة والملاحة مع الاسم المعتمد في ملف NPC وإعداد حرب الإمبريوم، مع الحفاظ على جميع الأسماء الفريدة بعد :: والأحداث والخرائط والإحداثيات والمعرفات والمنطق.,المرحلة_148
rathena-master/npc/guild/payg_cas04.txt,حرب الإمبريوم,مراجعة حوارية عميقة,مكتمل,149,مراجعة كاملة لقلعة المذبح المقدس في بايون، تشمل مرسوم المملكة عند غياب المالك وعند سيطرة نقابة، العودة إلى القلعة، الرايات الداخلية والخارجية، موظفة كافرا، المشرف دي جي، رافعة الخروج، دهليز النقابة والكنوز والحراس. صُححت صياغة الملكية والعودة والاعتراض وخيارات القوائم، ووُحد جنس موظفة كافرا مع ملف الملاحة، كما وُحد اسم القلعة في ملفات الخريطة والملاحة مع الاسم المعتمد في ملف NPC وإعداد حرب الإمبريوم، مع الحفاظ على جميع الأسماء الفريدة بعد :: والأحداث والخرائط والإحداثيات والمعرفات والمنطق.,المرحلة_149
rathena-master/npc/guild/payg_cas05.txt,حرب الإمبريوم,مراجعة حوارية عميقة,مكتمل,150,مراجعة كاملة لقلعة تل بستان الخيزران في بايون، تشمل مرسوم المملكة عند غياب المالك وعند سيطرة نقابة، العودة إلى القلعة، الرايات الداخلية والخارجية، موظفة كافرا، المشرف ناهزارف، رافعة الخروج، دهليز النقابة والكنوز والحراس. صُححت صياغة الملكية والعودة والاعتراض وخيارات القوائم، ووُحد جنس موظفة كافرا مع ملف الملاحة، كما وُحد اسم القلعة في ملفات الخريطة والملاحة مع الاسم المعتمد في ملف NPC وإعداد حرب الإمبريوم، مع الحفاظ على جميع الأسماء الفريدة بعد :: والأحداث والخرائط والإحداثيات والمعرفات والمنطق.,المرحلة_150
rathena-master/npc/guild/prtg_cas01.txt,حرب الإمبريوم,مراجعة حوارية عميقة,مكتمل,151,مراجعة كاملة لقلعة كريمهيلد في برونتيرا، تشمل مرسوم المملكة عند غياب المالك وعند سيطرة نقابة، العودة إلى القلعة، الرايات الداخلية والخارجية، موظفة كافرا، المشرف أفراي، رافعة الخروج، دهليز النقابة والكنوز والحراس. صُححت صياغة الملكية والعودة والاعتراض وخيارات القوائم، ووُحد جنس موظفة كافرا مع ملف الملاحة، كما وُحد اسم القلعة في ملفات الخريطة والملاحة مع الاسم المعتمد في ملف NPC وإعداد حرب الإمبريوم، مع الحفاظ على جميع الأسماء الفريدة بعد :: والأحداث والخرائط والإحداثيات والمعرفات والمنطق.,المرحلة_151
rathena-master/npc/guild/prtg_cas02.txt,حرب الإمبريوم,مراجعة حوارية عميقة,مكتمل,152,مراجعة كاملة لقلعة سوانهيلد في برونتيرا، تشمل مرسوم المملكة عند غياب المالك وعند سيطرة نقابة، العودة إلى القلعة، الرايات الداخلية والخارجية، موظفة كافرا، المشرف روي، رافعة الخروج، دهليز النقابة والكنوز والحراس. صُححت صياغة الملكية والعودة والاعتراض وخيارات القوائم، ووُحد جنس موظفة كافرا مع ملف الملاحة، كما وُحد اسم القلعة في ملفات الخريطة والملاحة مع الاسم المعتمد في ملف NPC وإعداد حرب الإمبريوم، مع الحفاظ على جميع الأسماء الفريدة بعد :: والأحداث والخرائط والإحداثيات والمعرفات والمنطق.,المرحلة_152
rathena-master/npc/guild/prtg_cas03.txt,حرب الإمبريوم,مراجعة حوارية عميقة,مكتمل,153,مراجعة كاملة لقلعة فادغريد في برونتيرا، تشمل مرسوم المملكة عند غياب المالك وعند سيطرة نقابة، العودة إلى القلعة، الرايات الداخلية والخارجية، موظفة كافرا، المشرف ستيك، رافعة الخروج، دهليز النقابة والكنوز والحراس. صُححت صياغة الملكية والعودة والاعتراض وخيارات القوائم، ووُحد جنس موظفة كافرا مع ملف الملاحة، كما وُحد اسم القلعة في ملفات الخريطة والملاحة مع الاسم المعتمد في ملف NPC وإعداد حرب الإمبريوم، مع الحفاظ على جميع الأسماء الفريدة بعد :: والأحداث والخرائط والإحداثيات والمعرفات والمنطق.,المرحلة_153
rathena-master/npc/guild/prtg_cas04.txt,حرب الإمبريوم,مراجعة حوارية عميقة,مكتمل,154,مراجعة كاملة لقلعة سكويغول في برونتيرا، تشمل مرسوم المملكة عند غياب المالك وعند سيطرة نقابة، العودة إلى القلعة، الرايات الداخلية والخارجية، موظفة كافرا، المشرف فان دريث، رافعة الخروج، دهليز النقابة والكنوز والحراس. صُححت صياغة الملكية والعودة والاعتراض وخيارات القوائم، ووُحد جنس موظفة كافرا مع ملف الملاحة، كما وُحد اسم القلعة في ملفات الخريطة والملاحة مع الاسم المعتمد في ملف NPC وإعداد حرب الإمبريوم، مع الحفاظ على جميع الأسماء الفريدة بعد :: والأحداث والخرائط والإحداثيات والمعرفات والمنطق.,المرحلة_154
rathena-master/npc/guild/prtg_cas05.txt,حرب الإمبريوم,مراجعة حوارية عميقة,مكتمل,155,مراجعة كاملة لقلعة غوندول في برونتيرا، تشمل مرسوم المملكة عند غياب المالك وعند سيطرة نقابة، العودة إلى القلعة، الرايات الداخلية والخارجية، موظفة كافرا، المشرف راينور، رافعة الخروج، دهليز النقابة والكنوز والحراس. صُححت صياغة الملكية والعودة والاعتراض وخيارات القوائم، ووُحد جنس موظفة كافرا مع ملف الملاحة، كما وُحد اسم القلعة في ملفات الخريطة والملاحة مع الاسم المعتمد في ملف NPC وإعداد حرب الإمبريوم، مع الحفاظ على جميع الأسماء الفريدة بعد :: والأحداث والخرائط والإحداثيات والمعرفات والمنطق.,المرحلة_155
rathena-master/npc/guild/trs_rp.txt,حرب الإمبريوم,مراجعة تقنية وبنيوية عميقة,مكتمل,156,مراجعة كاملة لسكربت حماية غرف الكنوز. الملف تقني بالكامل ولا يحتوي على حوار أو أسماء عرض للاعب. ثبت تطابق النسختين العربية والإنجليزية والنسخة الرسمية ثنائيا، وحُفظ منطق حصر الدخول بقائد النقابة، وأوامر getcastledata وis_guild_leader وcompare وwarp، وجميع حواجز duplicate() العشرين والخرائط والإحداثيات والأسماء الداخلية دون تغيير. لم تكن هناك حاجة إلى أي تعديل.,المرحلة_156
rathena-master/npc/guild2/agit_main_se.txt,حرب الإمبريوم الثانية,مراجعة حوارية وتقنية عميقة,مكتمل,157,مراجعة كاملة للقالب المركزي لحرب الإمبريوم الثانية، وتشمل إدارة القلعة والاستثمارات وتعيين موظفة كافرا، الحراس وأحجار الحراسة وبوابات القلعة وإرشادات الإصلاح والإعلانات وأعلام الربط والعودة وغرفة الكنوز ودهليز النقابة. وُحدت مصطلحات القلعة والمشرف والإمبريوم وفالفريا ونيدهوغر، وصُححت ترجمة نجاح الاستثمار الدفاعي، مع الحفاظ على جميع الأسماء الداخلية بعد :: والأحداث والمتغيرات والمواد والكميات والمعرفات والإحداثيات والشروط والمنطق.,المرحلة_157
rathena-master/npc/guild2/agit_start_se.txt,حرب الإمبريوم الثانية,مراجعة تقنية وبنيوية عميقة,مكتمل,158,مراجعة كاملة لسكربت التشغيل التلقائي لحرب الإمبريوم الثانية. الملف تقني ولا يحتوي على حوار أو أسماء عرض للاعب. ثبت تطابق النسخة المحلية والمرجع الإنجليزي والسكربت الرسمي ثنائيا، وحُفظت أحداث الساعة الخمسة وحدث التهيئة OnAgitInit2، وشروط أيام الثلاثاء والخميس والسبت والساعات، وأوامر agitcheck2 وAgitStart2 وAgitEnd2 والاسم الداخلي Agit2_Event دون تغيير. لم تكن هناك حاجة إلى أي تعديل.,المرحلة_158
rathena-master/npc/guild2/arug_cas01.txt,حرب الإمبريوم الثانية,مراجعة حوارية وتقنية عميقة,مكتمل,159,مراجعة كاملة لملف قلعة ماردول في حرب الإمبريوم الثانية. وُحد اسم Steward إلى المشرف مع القالب المركزي وملف الملاحة، وعُرّب اسم العرض لأول علم ربط إلى ماردول، ووُحد اسم القلعة في ملف معلومات الخريطة وملاحة الخرائط مع agitconfig وNavi_Data وأعلام القلعة. حُفظت جميع الأسماء الفريدة بعد :: وأهداف duplicate() ووسائط LinkFlag وReturnFlag والأحداث والخرائط والإحداثيات والمعرفات والمنطق دون تغيير.,المرحلة_159
rathena-master/npc/guild2/arug_cas02.txt,حرب الإمبريوم الثانية,مراجعة حوارية وتقنية عميقة,مكتمل,160,مراجعة كاملة لملف قلعة سير في حرب الإمبريوم الثانية. وُحد اسم Steward إلى المشرف مع القالب المركزي وملف الملاحة، وعُرّبت أسماء العرض لعلمي الربط وعلم العودة إلى سير مع إبقاء الأسماء الفريدة بعد :: دون تغيير، كما عُرّب علم القلعة الخارجي مع حفظ الاسم الفريد Cyr. وُحد اسم القلعة في ملف معلومات الخريطة وملاحة الخرائط مع agitconfig وNavi_Data. حُفظت أهداف duplicate() ووسائط LinkFlag وReturnFlag والأحداث والخرائط والإحداثيات والمعرفات والمنطق دون تغيير.,المرحلة_160
rathena-master/npc/guild2/arug_cas03.txt,حرب الإمبريوم الثانية,مراجعة حوارية وتقنية عميقة,مكتمل,161,مراجعة كاملة لملف قلعة هورن. وُحد اسم Steward إلى المشرف مع القالب المركزي وملف الملاحة، وعُرّب اسم العرض لأول علم ربط إلى هورن، ووُحد اسم القلعة في ملف معلومات الخريطة وملاحة الخرائط مع agitconfig وNavi_Data وعلم القلعة الخارجي. حُفظت جميع الأسماء الفريدة بعد :: وأهداف duplicate() ووسائط LinkFlag وReturnFlag والأحداث والخرائط والإحداثيات والمعرفات والمنطق دون تغيير.,المرحلة_161
rathena-master/npc/guild2/arug_cas04.txt,حرب الإمبريوم الثانية,مراجعة حوارية وتقنية عميقة,مكتمل,162,مراجعة كاملة لملف قلعة غيفن. وُحد اسم Steward إلى المشرف مع القالب المركزي وملف الملاحة، وعُرّبت أسماء العرض لعلمي الربط وعلمي العودة إلى غيفن مع إبقاء الأسماء الفريدة بعد :: دون تغيير، كما عُرّب علم القلعة الخارجي إلى غيفن::Gefn للمحافظة على الاسم الفريد Gefn. وُحد اسم القلعة في ملف معلومات الخريطة وملاحة الخرائط مع agitconfig. حُفظت أهداف duplicate() ووسائط LinkFlag وReturnFlag والأحداث والخرائط والإحداثيات والمعرفات والمنطق دون تغيير.,المرحلة_162
rathena-master/npc/guild2/arug_cas05.txt,حرب الإمبريوم الثانية,مراجعة حوارية وتقنية عميقة,مكتمل,163,مراجعة كاملة لملف قلعة باناديس. وُحد اسم Steward إلى المشرف مع القالب المركزي وملف الملاحة، وعُرّبت أسماء العرض لعلمي الربط وعلمي العودة إلى باناديس مع إبقاء الأسماء الفريدة بعد :: دون تغيير، كما عُرّب علم القلعة الخارجي إلى باناديس::Banadis للمحافظة على الاسم الفريد Banadis. وُحد اسم القلعة في ملف معلومات الخريطة وملاحة الخرائط وإعداد القلاع. حُفظت أهداف duplicate() ووسائط LinkFlag وReturnFlag والأحداث والخرائط والإحداثيات والمعرفات والمنطق دون تغيير.,المرحلة_163
rathena-master/npc/guild2/guild_flags.txt,حرب الإمبريوم الثانية,مراجعة حوارية وتقنية عميقة,مكتمل,164,مراجعة كاملة لملف أعلام قلاع حرب الإمبريوم الثانية في يونو وراشيل. عُرّب اسم العرض الوحيد المتبقي Viblainn إلى فيدبلاين مع إضافة ::Viblainn للحفاظ على الاسم الداخلي والأحداث، وصُحح الاسم في إعداد القلاع من فيبلاين إلى فيدبلاين ليتطابق مع Navi_Data وملفات الخريطة والملاحة. حُفظت مواقع الأعلام والاتجاهات والرسومات وأحداث OnAgitInit2 وOnRecvCastle واستدعاءات FlagEmblem وGetCastleData دون تغيير.,المرحلة_164
rathena-master/npc/guild2/schg_cas01.txt,حرب الإمبريوم الثانية,مراجعة حوارية وتقنية عميقة,مكتمل,165,مراجعة كاملة لملف قلعة هيمين. وُحد اسم Steward إلى المشرف مع القالب المركزي وملف الملاحة، وعُرّب اسم العرض لأول علم ربط إلى هيمين، ووُحد اسم القلعة في ملف معلومات الخريطة وملاحة الخرائط مع علم القلعة وإعداد القلاع وقاموس Navi_Data. حُفظت جميع الأسماء الفريدة بعد :: وأهداف duplicate() ووسائط LinkFlag وReturnFlag والأحداث والخرائط والإحداثيات والمعرفات والمنطق دون تغيير.,المرحلة_165
rathena-master/npc/guild2/schg_cas02.txt,حرب الإمبريوم الثانية,مراجعة حوارية وتقنية عميقة,مكتمل,166,مراجعة كاملة لملف قلعة أندلانغر. وُحد اسم Steward إلى المشرف مع القالب المركزي وملف الملاحة، وعُرّب اسم العرض لأول علم ربط إلى أندلانغر، ووُحد اسم القلعة في ملف معلومات الخريطة وملاحة الخرائط مع علم القلعة وإعداد القلاع وقاموس Navi_Data. حُفظت جميع الأسماء الفريدة بعد :: وأهداف duplicate() ووسائط LinkFlag وReturnFlag والأحداث والخرائط والإحداثيات والمعرفات والمنطق دون تغيير.,المرحلة_166
rathena-master/npc/guild2/schg_cas03.txt,حرب الإمبريوم الثانية,مراجعة حوارية وتقنية عميقة,مكتمل,167,مراجعة كاملة لملف قلعة فيدبلاين. وُحد اسم Steward إلى المشرف مع القالب المركزي وملف الملاحة، وعُرّب اسم العرض لأول علم ربط إلى فيدبلاين، كما عُرّب علم العودة الأخير مع الحفاظ على الاسم الداخلي التاريخي Bidblind#flag_sc03_2. وُحد اسم القلعة في ملف معلومات الخريطة وملاحة الخرائط مع علم القلعة وإعداد القلاع وقاموس Navi_Data. حُفظت جميع الأسماء الفريدة الفعلية وأهداف duplicate() ووسائط LinkFlag وReturnFlag والأحداث والخرائط والإحداثيات والمعرفات والمنطق دون تغيير.,المرحلة_167
rathena-master/npc/guild2/schg_cas04.txt,حرب الإمبريوم الثانية,مراجعة حوارية وتقنية عميقة,مكتمل,168,مراجعة كاملة لملف قلعة هليود. وُحد اسم Steward إلى المشرف مع القالب المركزي وملف الملاحة، وعُرّب اسم العرض لأول علم ربط إلى هليود مع إبقاء الاسم الفريد بعد :: دون تغيير. وُحد اسم القلعة في ملف معلومات الخريطة وملاحة الخرائط مع علم القلعة وإعداد القلاع وقاموس Navi_Data. حُفظت أهداف duplicate() ووسائط LinkFlag وReturnFlag والأحداث والخرائط والإحداثيات والمعرفات والمنطق دون تغيير.,المرحلة_168
rathena-master/npc/guild2/schg_cas05.txt,حرب الإمبريوم الثانية,مراجعة حوارية وتقنية عميقة,مكتمل,169,مراجعة كاملة لملف قلعة سكيدبلادنير. وُحد اسم Steward إلى المشرف مع القالب المركزي وملف الملاحة، وعُرّب اسم العرض لأول علم ربط إلى سكيدبلادنير مع إبقاء الاسم الفريد بعد :: دون تغيير. وُحد اسم القلعة في ملف معلومات الخريطة وملاحة الخرائط مع علم القلعة وإعداد القلاع وقاموس Navi_Data. حُفظت أهداف duplicate() ووسائط LinkFlag وReturnFlag والأحداث والخرائط والإحداثيات والمعرفات والمنطق دون تغيير.,المرحلة_169
rathena-master/npc/instances/EndlessTower.txt,الزنزانات,مراجعة حوارية وتقنية عميقة,مكتمل,170,مراجعة كاملة لملف البرج اللانهائي من حوار القبطان يانسن وإنشاء الزنزانة حتى الطوابق 1-102 ومواجهة إنتفاين وناغت زيغر والأرواح التائهة. صُححت الصياغات والسرد والرسائل الإدارية، ووُحد مصطلح الطابق، وأزيلت بقايا العرض الإنجليزية، ووُحدت أسماء الوحوش مع قاعدة البيانات والأسماء السياقية. زومنت المهمتان 60200 و60201 في سجل المهام إلى البرج اللانهائي. حُفظت الأسماء الفريدة بعد :: وأهداف duplicate() والأحداث والمعرفات والكميات والشروط والمنطق دون تغيير.,المرحلة_170
rathena-master/npc/instances/NydhoggsNest.txt,الزنزانات,مراجعة حوارية وتقنية عميقة,مكتمل,171,مراجعة كاملة لسلسلة عش نيدهوغر: بوابة يغدراسيل، المؤرخ مكبر وناومي، مخيما سبلينديد ومانوك، قبيلتا لافين وسافا، أسيرة لافين، روح شجرة العالم، الحراس ومواجهة ظل نيدهوغر. وُحدت الأسماء مع ملفات الملاحة وسجل المهام وقاعدة الوحوش، ونُقحت الرسائل الإدارية والسرد التاريخي. حُفظت الأسماء الداخلية بعد :: والأحداث والملصقات وأهداف duplicate() والمعرفات والكميات والشروط والمنطق دون تغيير.,المرحلة_171
rathena-master/npc/instances/OrcsMemory.txt,الزنزانات,مراجعة حوارية وتقنية عميقة,مكتمل,172,مراجعة كاملة لزنزانة ذاكرة الأورك: بوابة الدخول والعالم المجنون، أحداث الطابق الأول وتعليمات كروغر للتسلل، الطابق الثاني وترتيب المشاعل، الحراس والزعماء، شامان كارغال وخاتمة كروغر. وُحد مصطلح الصدع البعدي وأسماء قائد حرس الأورك وروح أورك فاسدة وبطل أورك فاسد، وصُحح جنس الشامانة. زومنت المهمات المرتبطة وقاعدة الوحوش. أُبقي strnpcinfo(3) عمدا لاعتماده على الأسماء الفريدة الإنجليزية بعد :: مع أسماء العرض العربية. حُفظت الأحداث والملصقات وأهداف duplicate() والمعرفات والكميات والشروط والمنطق دون تغيير.,المرحلة_172
rathena-master/npc/instances/SealedShrine.txt,الزنزانات,مراجعة حوارية وتقنية عميقة,مكتمل,173,مراجعة كاملة للضريح المختوم: الراهب باتريك وشروط الدخول، إزالة اللعنة، راست بلاك هاند وصناعة القرون، الطابق الأول وروح البطل القديم، القبور والمشاعل، الطابق الثاني والأختام ومواجهة بافوميت غير المختوم. وُحدت أسماء قرون الماعز المهيبة والعملاقة وكريستال الظلام، وصُححت مدة استعادة الختم إلى 3 دقائق وفق السكربت الرسمي. حُفظت الأسماء الداخلية بعد :: والأحداث والملصقات وأهداف duplicate() والمعرفات والكميات والشروط والمنطق دون تغيير.,المرحلة_173
rathena-master/npc/jobs/1-1e/gunslinger.txt,الوظائف,مراجعة حوارية وتقنية عميقة,مكتمل,174,مراجعة كاملة لمهمة تغيير الوظيفة إلى رامي المسدسات: المعلم ميلر والمقابلة ودورة التأهيل، رسالة التوصية إلى قرن الثور الحكيم، جمع المواد الست، إعداد قسيمة الاعتماد، طلب الحليب، العودة إلى ميلر وشرح قواعد النقابة ومكافآت تغيير الوظيفة. نُقحت الحوارات والخيارات ووُحدت أسماء الشخصيات والمهنة والأسلحة والذخيرة. زومن سجل المهام مع المتطلبات الفعلية للسكربت: جذع واحد و3 زغب و3 زارغون و10 أصداف و3 أعشاب خضراء و3 أصداف قوس قزح. حُفظ الاسمان الداخليان Master Miller وWise Bull Horn والأوامر والمعرفات والكميات والشروط والمنطق دون تغيير.,المرحلة_174
rathena-master/npc/jobs/1-1e/ninja.txt,الوظائف,مراجعة حوارية وتقنية عميقة,مكتمل,175,مراجعة كاملة لمهمة تغيير الوظيفة إلى نينجا: أكاغي ودرب الصبر، كوغا غاي ورسالة الهدنة، وايلدكات جو المتنكر باسم الرجل المشبوه وريد ليوبارد جو، جمع 5 سيفار وفراكون واحد مرتين، العودة إلى أماتسو، تغيير الوظيفة وتعاليم فرقة نينجا توغا. وُحد اسم إينبروخ، ونُقحت الحوارات والسرد، وزومنت المهمات 6015-6018 مع السكربت الفعلي بعد إزالة وصف الشجرة الحمراء الخاص بنسخة أخرى. حُفظت الأسماء الداخلية والأوامر والمعرفات والكميات والشروط ومسار تغيير الوظيفة والمكافأة دون تغيير.,المرحلة_175
rathena-master/npc/jobs/1-1e/taekwon.txt,الوظائف,مراجعة حوارية وتقنية عميقة,مكتمل,176,مراجعة كاملة لمهمة تغيير الوظيفة إلى تايكون: فلسفة فينيكس، قبول المبتدئ، اكتساب مستوى قاعدة، اختبار الإرادة والشجاعة وتقبل الاختلاف، التعهد النهائي، تغيير الوظيفة والمكافأة. أعيد الملف إلى البنية الرسمية ذات 418 سطرا، ووحدت مصطلحات تايكون والتايكوندو، وزومنت المهمات 6000-6002. حُفظ الاسم الداخلي والأوامر والمتغيرات والمعرفات والشروط وترتيب الخيارات وتغيير الوظيفة والمكافأة دون تغيير.,المرحلة_176
rathena-master/npc/jobs/2-1/assassin.txt,الوظائف,مراجعة حوارية وتقنية عميقة,مكتمل,177,مراجعة كاملة لمهمة تغيير الوظيفة إلى مغتال: هيوي وخاي والمجهول وباركاردي وبيهولدر وتوماس، الاختبار الكتابي بمجموعاته الثلاث، اختبار أهداف تغيير الوظيفة والفخاخ، اختبار الاختباء، المتاهة، مقابلة سيد النقابة واختيار المكافأة. وُحدت أسماء المهارات والوحوش والبطاقات مع قواميس الحزمة، وزومنت المهمات 8000-8008. حُفظت الأسماء الداخلية والأحداث والملصقات والمتغيرات والمعرفات والكميات والشروط وترتيب الإجابات ومنطق تغيير الوظيفة دون تغيير.,المرحلة_177
rathena-master/npc/jobs/2-1/blacksmith.txt,الوظائف,مراجعة حوارية وتقنية عميقة,مكتمل,178,مراجعة كاملة لمهمة تغيير الوظيفة إلى حداد: ألتيريجن والتسجيل، غيشوبنشت والاختبار الأول، مجموعات مواد التصنيع الخمس، التسليم إلى بايسوليست وويكيباين وكرونغاست وتالبيز وبسمارك، اختبار ميتهايميوه، تغيير الوظيفة ودليل المنطاد. أعيد الملف إلى البنية الرسمية ذات 1644 سطرا، ووحدت أسماء إينبك وإينبروخ والشخصيات والمصطلحات، وزومنت المهمات 2000-2016. حُفظت الأسماء الداخلية والأحداث والملصقات والأوامر والمتغيرات والمعرفات والكميات والشروط وترتيب الإجابات ومنطق تغيير الوظيفة والمكافآت دون تغيير.,المرحلة_178
rathena-master/npc/jobs/2-1/hunter.txt,الوظائف,مراجعة حوارية وتقنية عميقة,مكتمل,179,مراجعة كاملة لمهمة تغيير الوظيفة إلى صياد: شيرين واختبار الشخصية، صائد الشياطين ومجموعات المواد السبع، قائدا النقابة، اختبار الأهداف والفخاخ وغرفة الانتظار والمفتاح وتغيير الوظيفة. صُحح شرط المهمة 4011 إلى أربعة أهداف على الأقل، ووُحدت الأسماء مع سجل المهمات والملاحة. حُفظت الأسماء الداخلية والأحداث والملصقات والأوامر والمتغيرات والمعرفات والكميات والشروط ومنطق الاختبار وتغيير الوظيفة والمكافآت دون تغيير.,المرحلة_179
rathena-master/npc/jobs/2-1/knight.txt,الوظائف,مراجعة حوارية وتقنية عميقة,مكتمل,180,مراجعة كاملة لمهمة تغيير الوظيفة إلى فارس: القائد هيرمان، السير أندرو والمواد، السير سيراكيوز والأسئلة، السير ويندسور ومراحل القتال، السيدة إيمي والآداب، السير إدموند والصبر، السير غراي والمقابلة وصناعة كلايمور. استعيدت ستة أسطر حوارية ناقصة وأعيدت البنية الرسمية ذات 2507 أسطر، وزومنت المهمات 9000-9012. حُفظت الأسماء الداخلية والأحداث والملصقات والأوامر والمتغيرات والمعرفات والكميات والشروط وترتيب الإجابات ومنطق تغيير الوظيفة والمكافآت دون تغيير.,المرحلة_180
rathena-master/npc/jobs/2-1/priest.txt,الوظائف,مراجعة حوارية وتقنية عميقة,مكتمل,181,مراجعة كاملة لمهمة تغيير الوظيفة إلى كاهن: الأسقف بول، رحلة الحج، التدريب الروحي، الإغراءات الأربعة، قسم الأخت سيسيليا، والمكافآت. استعيدت مسارات بطاقة ميستريس الأصلية، ووحد اسم يوسوكي، وزمنت المهمات 8009-8016 والعنصر 1551. حُفظت الأسماء الداخلية والأحداث والأوامر والمعرفات والشروط ومنطق تغيير الوظيفة والمكافآت.,المرحلة_181
rathena-master/npc/jobs/2-1/wizard.txt,الوظائف,مراجعة حوارية وتقنية عميقة,مكتمل,182,مراجعة كاملة لمهمة تغيير الوظيفة إلى ساحر عظيم: كاثرين وجمع المواد، راوليل والاختبار الكتابي، غرف الماء والأرض والنار، وماريا وشرح الاختبارات. صحح شرط الجواهر إلى 10 من كل لون، وزومنت المهمات 9013-9018 والملاحة. حُفظت الأسماء الداخلية والأحداث والملصقات والأوامر والمتغيرات والمعرفات والكميات والشروط ومنطق تغيير الوظيفة والمكافآت.,المرحلة_182
rathena-master/npc/jobs/2-1a/AssassinCross.txt,الوظائف,مراجعة حوارية وتقنية عميقة,مكتمل,183,مراجعة كاملة لملف الارتقاء إلى سيد المغتالين في فالهالا: خطاب محاربي الصحراء، دعوة مواصلة السير في الظلال، قبول تغيير الوظيفة، شرط استهلاك نقاط المهارة، التهنئة والترحيب في قاعة الشرف. نُقحت الصياغة ووضّح سبب المنع عند وجود نقاط مهارة غير مستخدمة، ووُحد المصطلح مع قواميس الوظائف والملاحة والواجهة. حُفظ الاسم الداخلي Assassin Cross#Valkyrie والأوامر والمتغيرات والمعرفات والشروط وتغيير الوظيفة دون تغيير.,المرحلة_183
rathena-master/npc/jobs/2-1a/HighPriest.txt,الوظائف,مراجعة حوارية وتقنية عميقة,مكتمل,184,مراجعة كاملة لملف الارتقاء إلى كاهن متقدم في فالهالا: صلاة القداسة والحماية، خطاب الموهبة والإيمان، قبول الارتقاء، شرط نقاط المهارة، التهنئة والترحيب في قاعة الشرف. نُقحت الصياغة لتكون أكثر سلاسة، واستُخدمت تعبيرات محايدة للاعب حيث أمكن، ووُضح سبب المنع عند وجود نقاط مهارة غير مستخدمة. تحقق توحيد اسم كاهن متقدم في الملاحة وقواميس الوظائف والواجهة دون الحاجة إلى تعديلها. حُفظ الاسم الداخلي High Priest#Valkyrie والأوامر والمتغيرات والمعرفات والشروط وتغيير الوظيفة دون تغيير.,المرحلة_184
rathena-master/npc/jobs/2-1a/HighWizard.txt,الوظائف,مراجعة حوارية وتقنية عميقة,مكتمل,185,مراجعة كاملة لملف الارتقاء إلى ساحر متقدم في فالهالا: مسؤولية تسخير السحر المدمر في سبيل الخير، طول التدريب وخطر وقوع القوة في الأيدي الخطأ، حاجة ميدغارد إلى أقوى صنوف السحر، قبول الارتقاء، شرط نقاط المهارة، التهنئة والترحيب في قاعة الشرف. نُقحت الصياغة لتناسب شخصية الساحر، واستُخدمت تعبيرات محايدة للاعب حيث أمكن، ووُضح سبب المنع عند وجود نقاط مهارة غير مستخدمة. تحقق توحيد اسم ساحر متقدم في الملاحة وقواميس الوظائف والواجهة دون الحاجة إلى تعديلها. حُفظ الاسم الداخلي High Wizard#Valkyrie والأوامر والمتغيرات والمعرفات والشروط وتغيير الوظيفة دون تغيير.,المرحلة_185
rathena-master/npc/jobs/2-1a/LordKnight.txt,الوظائف,مراجعة حوارية وتقنية عميقة,مكتمل,186,مراجعة كاملة لملف الارتقاء إلى سيد الفرسان في فالهالا: مسؤولية الفرسان في خدمة الآخرين وحمايتهم، التضحية بالنفس وصون سلامة الرفاق، دعوة مواصلة المسيرة البطولية بهيئة جديدة، قبول الارتقاء، شرط نقاط المهارة، التهنئة والقيادة في طليعة المعركة، والترحيب في قاعة الشرف. نُقحت الصياغة لتناسب شخصية الفارس القيادي، واستُخدمت تعبيرات محايدة للاعب حيث أمكن، ووُضح سبب المنع عند وجود نقاط مهارة غير مستخدمة. تحقق توحيد اسم سيد الفرسان في الملاحة وقواميس الوظائف والواجهة دون الحاجة إلى تعديلها. حُفظ الاسم الداخلي Lord Knight#Valkyrie والأوامر والمتغيرات والمعرفات والشروط وتغيير الوظيفة دون تغيير.,المرحلة_186
rathena-master/npc/jobs/2-1a/Sniper.txt,الوظائف,مراجعة حوارية وتقنية عميقة,مكتمل,187,مراجعة كاملة لملف الارتقاء إلى قناص في فالهالا: شعار الطلقة الواحدة والهدف القاتل، اكتساب الرؤية اللازمة لأسلوب القتال بعيد المدى، حاجة العالم إلى الرماة المهرة، تحمل مسؤولية رتبة القناص، قبول الارتقاء، شرط نقاط المهارة، التهنئة ببقاء أتباع الشر في مرمى البصر، والترحيب في قاعة الشرف. نُقحت الصياغة لتناسب شخصية القناص ودقة التصويب، واستُخدمت تعبيرات محايدة للاعب حيث أمكن، ووُضح سبب المنع عند وجود نقاط مهارة غير مستخدمة. تحقق توحيد اسم قناص وصيغة المؤنث قناصة في الملاحة وقواميس الوظائف والواجهة دون الحاجة إلى تعديلها. حُفظ الاسم الداخلي Sniper#Valkyrie والأوامر والمتغيرات والمعرفات والشروط وتغيير الوظيفة دون تغيير.,المرحلة_187
rathena-master/npc/jobs/2-1a/WhiteSmith.txt,الوظائف,مراجعة حوارية وتقنية عميقة,مكتمل,188,مراجعة كاملة لملف الارتقاء إلى سيد الحدادين في فالهالا: ذروة إتقان الحرفة، السعي إلى ابتكار طرق جديدة وأكثر إتقانا في الصناعة، حاجة العالم إلى المغامرين الشجعان المجتهدين، قبول الارتقاء، شرط نقاط المهارة، والتهنئة بصياغة طريق يقود ميدغارد نحو مستقبل أكثر إشراقا. نُقحت الصياغة لتناسب شخصية الحداد الخبير وروح الصنعة والابتكار، واستُخدمت تعبيرات محايدة للاعب حيث أمكن، ووُضح سبب المنع عند وجود نقاط مهارة غير مستخدمة. تحقق توحيد اسم سيد الحدادين وصيغة المؤنث سيدة الحدادين في الملاحة وقواميس الوظائف والواجهة دون الحاجة إلى تعديلها. حُفظ الاسم الداخلي MasterSmith#Valkyrie والأوامر والمتغيرات والمعرفات والشروط وتغيير الوظيفة دون تغيير.,المرحلة_188
rathena-master/npc/jobs/2-1e/StarGladiator.txt,الوظائف,مراجعة حوارية وتقنية عميقة,مكتمل,189,مراجعة كاملة لمهمة تغيير الوظيفة إلى سيد التايكون: موهيون ومتطلب مستوى الوظيفة 40، لقاء موغانغ في كومودو، جمع عناصر الطبيعة الأربعة، اختبارات دارو وبيريو وتشيهي المرتبطة بالشمس والقمر والنجوم، أسئلة الإرادة والسلوك، جمع فتات النجوم وغبار النجوم، ثم تغيير الوظيفة والعودة إلى بايون. نُقحت الحوارات الطويلة والأغاني والأسئلة والرسائل السياقية، وصُححت صيغ المتحدث والمذكر والمؤنث واستخدمت صياغات محايدة للاعب حيث أمكن. زومنت أسماء العناصر الستة في سجل المهمات مع itemInfo. حُفظت الأسماء الداخلية والأحداث والملصقات والأوامر والمتغيرات والمعرفات والكميات والشروط وترتيب الإجابات ومنطق المهمة وتغيير الوظيفة دون تغيير.,المرحلة_189
rathena-master/npc/jobs/2-2/alchemist.txt,الوظائف,مراجعة حوارية وتقنية عميقة,مكتمل,190,مراجعة كاملة لمهمة تغيير الوظيفة إلى خيميائي: التسجيل لدى بارمي جيانينو ورسوم الطلب والمواد البديلة، مقابلة راسبوتشين واختبارات الحساب والتجارة، قصة داروين وزهرة الوهم وتجربة تحضير الدواء، تدريب فان هيلمونت لدى مورغنشتاين، اختبار نيكولاس في التركيز ومهمة باين وباجين في يونو، ثم تغيير الوظيفة على يد فينسنت كارسيالو. نُقحت الحوارات والاختيارات والأسئلة سياقيا، ووحدت أسماء العناصر مع itemInfo، وصححت أوصاف المهمات 2028-2040 ولا سيما إزالة المواد القديمة الزائدة من المهمة 2038. أُبقيت ألغاز الحروف الإنجليزية والتعاويذ اللاتينية كما هي لارتباطها بالاختبار. حُفظت الأسماء الداخلية الستة والأوامر والمتغيرات والمعرفات والكميات والشروط وترتيب الإجابات ومنطق المهمة وتغيير الوظيفة دون تغيير.,المرحلة_190
rathena-master/npc/jobs/2-2/bard.txt,الوظائف,مراجعة حوارية وتقنية عميقة,مكتمل,191,مراجعة كاملة لمهمة تغيير الوظيفة إلى شاعر: لقاء لالو ومتطلب مستوى الوظيفة 40، اختيار زهرة مميزة، التعرف إلى سنويسنو وأهل لوتي، اختبار كتابة وترديد أبيات الأغاني، شرط نقاط المهارة، تغيير الوظيفة، والهدية الاختيارية مقابل 60 جذعا من النوع نفسه. نُقحت الحوارات والأغاني واستجابات الزهور سياقيا، ووحدت أسماء هينالي وألوة ونعناع وإيزيدور ووردة لا تذبل ووردة متجمدة وزهرة الوهم مع itemInfo، ووحد اسم سنويسنو مع ملف لوتي والملاحة. زومنت المهمات 3000-3004. حُفظ الاسم الداخلي Wandering Bard والأوامر والمتغيرات والمعرفات والكميات والشروط وترتيب إدخال أبيات الأغاني ومنطق المهمة وتغيير الوظيفة دون تغيير.,المرحلة_191
rathena-master/npc/jobs/2-2/crusader.txt,الوظائف,مراجعة حوارية وتقنية عميقة,مكتمل,192,مراجعة كاملة لمهمة تغيير الوظيفة إلى فارس صليبي: مايكل هاليغ وجمع إحدى مجموعات المواد الثلاث أو تجاوزها بشعار الفروسية ويد الإله، موريناك ميول واختبار التحمل مع اشتراط ارتداء المسبحة، غابرييل فالنتاين واختبار المعرفة ذي ثلاث مجموعات من الأسئلة، ثم بليانت بيورد واختبار التطهير والقتال بالماء المقدس. نُقحت الحوارات والأسئلة والاختيارات سياقيا، ووحد اسم موريناك ميول، وصحح جنس غابرييل إلى فارسة صليبية في الحوار والملاحة، وزومنت أسماء مواد المهمات 3006-3015 مع itemInfo. حُفظت الأسماء الداخلية بعد :: وجميع Labels وEvents والأوامر والمتغيرات والمعرفات والكميات والشروط والإجابات الصحيحة ومنطق المهمة وتغيير الوظيفة دون تغيير.,المرحلة_192
rathena-master/npc/jobs/2-2/dancer.txt,الوظائف,مراجعة حوارية وتقنية عميقة,مكتمل,193,مراجعة كاملة لمهمة تغيير الوظيفة إلى راقصة: سونوتورا وبور روبن، التسجيل لدى آيل ومتطلب مستوى الوظيفة 40، إحدى مجموعات المواد الثلاث ورسوم التدريب، مقابلة بيجو والاختبار الكتابي ذي ثلاث مجموعات، تعليمات اختبار الرقص وحركاته، ثم تغيير الوظيفة والمكافأة. استعيد سطر مفقود من سؤال مهارة التهويدة، وصحح اتجاه موقع منارة فاروس إلى الشمال الغربي، ووحدت أسماء المهارات قبلة الحظ والسيد كيم الثري ودرس الرقص وتحسين التركيز ووابل السهام مع قاموس المهارات. زومنت المهمات 7000-7006 واسم غرفة انتظار الاختبار في الملاحة. حُفظت جميع UniqueName بعد :: وLabels وEvents والأوامر والمتغيرات والمعرفات والكميات والشروط وعدد خيارات الأسئلة والإجابات الصحيحة وتسلسل الرقص ومنطق المهمة وتغيير الوظيفة دون تغيير.,المرحلة_193
rathena-master/npc/jobs/2-2/monk.txt,الوظائف,مراجعة حوارية وتقنية عميقة,مكتمل,194,مراجعة كاملة لمهمة تغيير الوظيفة إلى راهب: دخول دير الرهبان ومتطلب مستوى الوظيفة 40، جمع إحدى مجموعات المواد السبع لدى المعلم موهاي، اختبار توها في حفظ القسم، اختيار اختبار جمع الفطر أو الماراثون لدى بوهاي، تعليمات هيونمو، ثم متاهة تومون والتدريب الروحي والعودة إلى موهاي لتغيير الوظيفة. نُقحت الحوارات والعهود والاختيارات سياقيا، وأُبقيت مقاطع القسم اللاتينية كما هي لارتباطها باختبار الحفظ. وُحدت أسماء مواد المهمات 3016-3032 مع itemInfo. حُفظت جميع UniqueName وduplicate() وLabels وEvents والأوامر والمتغيرات والمعرفات والكميات والشروط وترتيب خيارات القسم ومسارات الاختبارات ومنطق المهمة وتغيير الوظيفة دون تغيير.,المرحلة_194
rathena-master/npc/jobs/2-2/rogue.txt,الوظائف,مراجعة حوارية وتقنية عميقة,مكتمل,195,مراجعة كاملة لمهمة تغيير الوظيفة إلى مارق: ماركي ومتطلب مستوى الوظيفة 40 والاختبار الكتابي ذي ثلاث مجموعات، السيد سميث ورسوم التسجيل ومجموعات المواد، الشركاء الأربعة وكلمات المرور، ثم عبور النفق تحت الأرض والعودة إلى النقابة. نُقحت الحوارات والأسئلة والاختيارات سياقيا، ووُحدت أسماء مواد المهمات 2017-2027 مع itemInfo. حُفظت جميع UniqueName بعد :: وLabels وEvents والأوامر والمتغيرات والمعرفات والكميات ونقاط الاختبارات وكلمات المرور والرمز 3019 والإجابات الصحيحة ومنطق المهمة وتغيير الوظيفة دون تغيير.,المرحلة_195
rathena-master/npc/jobs/2-2/sage.txt,الوظائف,مراجعة حوارية وتقنية عميقة,مكتمل,196,مراجعة كاملة لمهمة تغيير الوظيفة إلى حكيم: كايرون غريك وميثيوس سيلف والتسجيل والرسوم، اختبار كليتوس الكتابي ذي 20 سؤالا، اختبار هيرميس العملي، ثم فروع سافيين في إغدراسيل ولوسيوس في الوحوش وإيبيسي في خصائص السحر، وكتابة الأطروحة وتسليمها إلى العميد. نقحت الحوارات والأسئلة والمحاضرات سياقيا، ووحدت أسماء العناصر والمهارات وإغدراسيل، وزومنت المهمات 2041-2062. حفظت جميع UniqueName والأسماء بعد :: وLabels وEvents والأوامر والمتغيرات والمعرفات والكميات والشروط والإجابات الصحيحة وتوزيع الفروع ومنطق المهمة دون تغيير.,المرحلة_196
rathena-master/npc/jobs/2-2a/Champion.txt,الوظائف,مراجعة حوارية وتقنية عميقة,مكتمل,197,مراجعة كاملة لملف الارتقاء إلى بطل في فالهالا: صفات المهارة والسرعة والقوة والرشاقة، حدود ما يستطيع الإنسان إتقانه، نهوض الأبطال لمواجهة قوى الشر، قبول الارتقاء، شرط نقاط المهارة، والتهنئة باستخدام قوة القبضتين لنشر النور في العالم. نُقحت الصياغة لتناسب هوية البطل القتالية والروحية، واستُخدمت تعبيرات محايدة للاعب حيث أمكن، ووُضح سبب المنع عند وجود نقاط مهارة غير مستخدمة. تحقق توحيد اسم بطل وصيغة المؤنث بطلة في الملاحة وقواميس الوظائف والواجهة دون الحاجة إلى تعديلها. حُفظ الاسم الداخلي Champion#Valkyrie والأوامر والمتغيرات والمعرفات والشروط وتغيير الوظيفة دون تغيير.,المرحلة_197
rathena-master/npc/jobs/2-2a/Clown.txt,الوظائف,مراجعة حوارية وتقنية عميقة,مكتمل,198,مراجعة كاملة لملف الارتقاء إلى منشد في فالهالا: دعوة نشر الأغاني المبهجة في عالم البشر، قلب موازين الحرب على الشر، قبول الارتقاء، شرط نقاط المهارة، والتهنئة ببث الأمل في نفوس الحلفاء وزرع اليأس في قلوب الأعداء. نُقحت الصياغة لتناسب هوية المنشد الموسيقية، واستُخدمت تعبيرات محايدة للاعب حيث أمكن، ووُضح سبب المنع عند وجود نقاط مهارة غير مستخدمة. تحقق توحيد اسم منشد وصيغة المؤنث منشدة في الملاحة وقواميس الوظائف والواجهة دون الحاجة إلى تعديلها. حُفظ الاسم الداخلي Minstrel#Valkyrie والأوامر والمتغيرات والمعرفات والشروط وتغيير الوظيفة دون تغيير.,المرحلة_198
rathena-master/npc/jobs/2-2a/Creator.txt,الوظائف,مراجعة حوارية وتقنية عميقة,مكتمل,199,مراجعة كاملة لملف الارتقاء إلى كيميائي حيوي في فالهالا: استعادة ذكريات أخلاقيات علم الأحياء ومهارات الهومنكولوس، مسؤولية خلق الحياة الاصطناعية، العلم والبطولة، عرض الارتقاء، شرط نقاط المهارة، وتسخير المعرفة للغايات الصحيحة. نُقحت الصياغة سياقيا ووُحد اسم الوظيفة على كيميائي حيوي وصيغة المؤنث كيميائية حيوية في قواميس الوظائف ورسائل العميل والإنجازات والملاحة وقائمة الفئات. حُفظ الاسم الداخلي Biochemist#Valkyrie وأمر jobchange Job_Creator ومهارة AM_BIOETHICS والأوامر والمتغيرات والمعرفات والشروط دون تغيير.,المرحلة_199
rathena-master/npc/jobs/2-2a/Gypsy.txt,الوظائف,مراجعة حوارية وتقنية عميقة,مكتمل,200,مراجعة كاملة لملف الارتقاء إلى غجرية في فالهالا: الرقص بوصفه أسلوب حياة، حاجة ميدغارد إلى نساء موهوبات يرجحن كفة الخير برشاقتهن، قبول الارتقاء، شرط نقاط المهارة، والتهنئة بعروض تحرك قلوب المشاهدين. نُقحت الصياغة لتناسب هوية الراقصة المتقدمة، وروعي جنس المتحدثة واللاعبة، ووُضح سبب المنع عند وجود نقاط مهارة غير مستخدمة. تحقق توحيد اسم غجرية في الملاحة وقواميس الوظائف والواجهة دون الحاجة إلى تعديلها. حُفظ الاسم الداخلي Gypsy#Valkyrie والأوامر والمتغيرات والمعرفات والشروط وتغيير الوظيفة دون تغيير.,المرحلة_200
rathena-master/npc/jobs/2-2a/Paladin.txt,الوظائف,مراجعة حوارية وتقنية عميقة,مكتمل,201,مراجعة كاملة لملف الارتقاء إلى فارس مقدس في فالهالا: اقتراب الحرب المقدسة، الاستعداد لها، نور العدالة، القتال دفاعا عن الحق والخير، قبول الارتقاء، شرط نقاط المهارة، وحماية الضعفاء وقيادة قوى الخير إلى النصر. نُقحت الصياغة لتناسب هوية الفارس المقدس الحامية، واستُخدمت تعبيرات محايدة للاعب حيث أمكن، ووُضح سبب المنع عند وجود نقاط مهارة غير مستخدمة. تحقق توحيد اسم فارس مقدس في الملاحة وقواميس الوظائف والواجهة دون الحاجة إلى تعديلها. حُفظ الاسم الداخلي Paladin#Valkyrie والأوامر والمتغيرات والمعرفات والشروط وتغيير الوظيفة دون تغيير.,المرحلة_201
rathena-master/npc/jobs/2-2a/Professor.txt,الوظائف,مراجعة حوارية وتقنية عميقة,مكتمل,202,مراجعة كاملة لملف الارتقاء إلى أستاذ في فالهالا: العمر المكرس لجمع المعرفة، اتساع ما يجهله المرء كلما ازداد علما، حاجة ميدغارد إلى الأساتذة لقيادة عصر جديد من الازدهار، تحمل المسؤولية، شرط نقاط المهارة، وإيصال نور المعرفة إلى مواضع الظلام. وُحد اسم الوظيفة والمتحدث على أستاذ بدلا من عالم، وصُحح اسم موقعه في ملف الملاحة. استُخدمت صياغة محايدة للاعب حيث أمكن، ووُضح سبب المنع عند وجود نقاط مهارة غير مستخدمة. حُفظ الاسم الداخلي Scholar#Valkyrie وأمر jobchange Job_Professor وجميع الأوامر والمتغيرات والمعرفات والشروط دون تغيير.,المرحلة_202
rathena-master/npc/jobs/2-2a/Stalker.txt,الوظائف,مراجعة حوارية وتقنية عميقة,مكتمل,203,مراجعة كاملة لملف الارتقاء إلى متعقب في فالهالا: صعوبة الجمع بين البطولة والعمل في الظلال، الثقة المتبادلة بين الرفاق، السير على الحد الفاصل بين النظام والفوضى، قبول الارتقاء، شرط نقاط المهارة، واستخدام أساليب الأشرار ضدهم. نُقحت الصياغة سياقيا واستخدمت تعبيرات محايدة للاعب حيث أمكن، ووُضح سبب المنع عند وجود نقاط مهارة غير مستخدمة. تحقق توحيد اسم متعقب وصيغة المؤنث متعقبة في الملاحة وقواميس الوظائف والواجهة دون الحاجة إلى تعديلها. حُفظ الاسم الداخلي Stalker#Valkyrie والأوامر والمتغيرات والمعرفات والشروط وjobchange Job_Stalker دون تغيير.,المرحلة_203
rathena-master/npc/jobs/2-2e/SoulLinker.txt,الوظائف,مراجعة حوارية وتقنية عميقة,مكتمل,204,مراجعة كاملة لمهمة تغيير الوظيفة إلى رابط الأرواح: مايا في هيئة طفلة ومتطلب مستوى الوظيفة 40، جمع الماس 3 قيراط وقلب خالد ووردة لا تذبل، استهلاك نقاط المهارة، دخول أعماق العقل لمدة ثلاث دقائق، الاستماع إلى أرواح الراهب والحكيم والخيميائي، ثم مراسم التضحية الرمزية بالمواد والتحول إلى رابط الأرواح. نُقحت الحوارات والاختيارات وقصص الأرواح وأداة الإدارة سياقيا، وصُحح جنس مايا في الملف والملاحة، وزومنت المهمات 6005-6008 مع التسلسل الفعلي وأسماء itemInfo. حُفظت جميع UniqueName وduplicate() وLabels وEvents والأوامر والمتغيرات والمعرفات والكميات والشروط ومؤقت الثلاث دقائق وتسلسل المهمة وتغيير الوظيفة دون تغيير.,المرحلة_204
rathena-master/npc/jobs/novice/supernovice.txt,الوظائف,مراجعة حوارية وتقنية عميقة,مكتمل,205,مراجعة كاملة لملف المبتدئ الخارق: تزيريرو وفلسفة الاعتيادية وجمع 30 مخاط لزج و30 راتنج، التحول والمزحة ومكافأة السروال الداخلي، قصة السيد كيمو شاون وجمعية المبتدئين، حوارات إيسيراي، وخدمة استئجار العربة من موظفة كافرا. أعيدت البنية إلى 482 سطرا بحذف سطر mes زائد، ونُقحت الحوارات والاختيارات سياقيا، ووُحد اسم مهارة عربة دفع وأسماء العناصر مع itemInfo، وزومنت المهمة 6010. حُفظت الأسماء الداخلية بعد :: والأوامر والمتغيرات والمعرفات والكميات والشروط ودعم Super Baby وتغيير الوظيفة ومنطق العربة دون تغيير.,المرحلة_205
rathena-master/npc/jobs/valkyrie.txt,الوظائف,مراجعة حوارية وتقنية عميقة,مكتمل,206,مراجعة كاملة لمسار الولادة الجديدة والتسامي: استقبال فالكيري في فالهالا، شروط التخلي عن الأغراض والزيني والعربة والصقر والركوب، شرط نقاط المهارة، طقس أورد وفيرداندي وسكولد، التحول إلى مبتدئ متسام، ميثيوس سيلف والتبرع لقراءة كتاب يمير، قصة قلب يمير، والناقل بين المدن. نُقحت الحوارات والاختيارات سياقيا، وزومنت المهمة 1000 بعنوان التسامي ووصف الوصول إلى فالهالا. حُفظت Valkyrie# وMetheus Sylphe#Library وBook of Ymir وHeart of Ymir وTeleporter وvalk01#1 وvalk01#2 وجميع الأوامر والمتغيرات والمعرفات والكميات والشروط ومسارات العودة ومنطق الولادة الجديدة دون تغيير.,المرحلة_206
rathena-master/npc/kafras/cool_event_corp.txt,الكافرا والخدمات,مراجعة حوارية وتقنية عميقة,مكتمل,207,مراجعة كاملة لموظفي شركة كول إيفنت في لايت هالزن وهويغل وراشيل وفينز: الترحيب، حفظ نقطة العودة، شرط المهارة الأساسية للمبتدئ، رسوم المخزن، النقل بين راشيل وفينز، استئجار عربة الدفع، خدمة كلمة مرور المخزن، ورسالة الملاحظات. وُحد الاسم إلى موظف شركة كول إيفنت في السكربت وملفي الملاحة، وحُسنت الصياغة سياقيا مع الحفاظ على الصياغة المحايدة للاعب. حُفظت جميع UniqueName بعد :: والدوال والمتغيرات والمعرفات والكميات والشروط والإحداثيات ومنطق الخدمات دون تغيير.,المرحلة_207
rathena-master/npc/kafras/dts_warper.txt,الكافرا والخدمات,مراجعة حوارية وتقنية عميقة,مكتمل,208,مراجعة كاملة لنظام انتخابات خدمة النقل إلى الدهاليز بين شركة كافرا وشركة كول إيفنت: دورة التصويت ومدتها، الحد الأدنى للمشاركة، إعادة الانتخابات، إعلانات النتائج، وجهات كل شركة ورسوم النقل، وخدمة الفائز وأداة الإدارة المعطلة. وُحدت أسماء الوجهات مع navi_map، ووُحد اسم موظف تصويت شركة كول إيفنت في السكربت والملاحة، وزومنت صياغة شرح الانتخابات في quests_lighthalzen.txt. أُعيد فصل سطرين من أوامر mes لمطابقة البنية الرسمية ذات 1336 سطرا. حُفظت جميع الأسماء الداخلية بعد :: وأهداف duplicate() والأحداث والملصقات والمتغيرات والمعرفات والرسوم والإحداثيات والأزمنة ومنطق التصويت والنقل دون تغيير.,المرحلة_208
rathena-master/npc/kafras/functions_kafras.txt,الكافرا والخدمات,مراجعة حوارية وتقنية عميقة,مكتمل,209,مراجعة كاملة لدوال خدمات شركة كافرا: رسائل الترحيب والقوائم، المخزن ومخزن النقابة، خدمة النقل ووجهاتها، استئجار عربة الدفع، نقاط الاحتياط، رسائل الحفظ والختام، وإنشاء كلمة مرور المخزن وتغييرها وإزالتها والتحقق منها. وُحد جنس المتحدث إلى موظفة كافرا في الملف وقاموس الملاحة، ووُحد اسم جزيرة المنارة، فاروس مع خريطة الملاحة، وزومنت العبارات المرتبطة في kafras.txt. حُفظت الدوال F_Kafra وF_KafStor وF_KafTele وF_KafCart وF_KafInfo وF_KafEnd وF_CheckKafCode وF_SetKafCode وF_EntKafCode وF_KafSet، والملصق S_SET، وجميع المتغيرات والمعرفات والرسوم والإحداثيات والوجهات ومنطق الخدمات دون تغيير.,المرحلة_209
rathena-master/npc/kafras/kafras.txt,الكافرا والخدمات,مراجعة حوارية وتقنية عميقة,مكتمل,210,مراجعة كاملة لموظفات شركة كافرا في المدن والدهاليز والحقول والمقر الرئيسي بألديباران: ترحيب كافرا ليلاه، حفظ نقطة العودة، المخزن، استئجار عربة الدفع، ورسائل موظفات كافرا في المدن ونقاط الدهاليز. أعيدت البنية إلى 698 سطرا لتطابق المرجع الرسمي، ونُقحت الحوارات المتكررة وأسماء مواقع الحفظ، ووُحد اسم كافرا ليلاه في السكربت والملاحة. حُفظت جميع الأسماء الداخلية بعد :: واللاحقات #ein1/#ein2/#ein3 والدوال والمتغيرات والمعرفات والرسوم والإحداثيات وشروط Pre-Renewal/Renewal ومنطق الخدمات دون تغيير.,المرحلة_210
rathena-master/npc/mapflag/battleground.txt,أعلام الخرائط,مراجعة تقنية عميقة,مكتمل,211,مراجعة كاملة لملف تعريف خرائط ساحات القتال: خرائط KVM الثلاث bat_c01 وbat_c02 وbat_c03، وخريطتا فلافيوس bat_b01 وbat_b02، وخريطتا وادي تييرا bat_a01 وbat_a02. ثبت أن الملف تقني بالكامل ولا يحتوي على حوار أو قوائم أو أسماء عرض للاعب، وأن النسخة الموجودة مطابقة بايتيا للمرجع الإنجليزي وللنسخة الرسمية الحالية من rAthena. حُفظت أعلام battleground السبعة والمعامل 2 على الخرائط الأربع التي تعرض لوحة النتائج دون تغيير، وتحقق وجود الخرائط السبع في mapInfo وnavi_map واستخدامها في سكربتات ساحات القتال.,المرحلة_211
rathena-master/npc/merchants/advanced_refiner.txt,التجار والخدمات,مراجعة حوارية وتقنية عميقة,مكتمل,212,مراجعة كاملة لحداد التطوير المتقدم سونبي في بايون: اختيار المعدات، التحقق من قابلية التطوير وحد +10، استخدام الإيلونيوم والأوريديكون المخصبين، رسوم الخدمة، التحذير من كسر السلاح أو الدرع وفقد البطاقات والخصائص، نجاح التطوير وفشله، وفحوص مكافحة تبديل العنصر. نُقحت الحوارات سياقيا ووُحدت أسماء الخامات المخصبة في itemInfo، مع الحفاظ على Suhnbi#cash وS_RefineValidate وجميع الأوامر والمتغيرات والمعرفات والأسعار ونسب النجاح ومنطق التطوير دون تغيير. كما استبعدت بقية ملفات mapflag وعددها 28 من المراجعة الحوارية بناء على توجيه المستخدم لأنها ملفات تقنية بلا حوار.,المرحلة_212
rathena-master/npc/merchants/alchemist.txt,التجار والخدمات,مراجعة حوارية وتقنية عميقة,مكتمل,213,مراجعة كاملة لمتجر اتحاد الخيميائيين وغيفر آل شارب في ألديباران: فحص الوزن، بيع أوعية الدواء بسعر 8 زيني حتى 2000 وعاء، بيع أدلة صنع الجرعات والكحول والقنبلة الزجاجية وزجاجة الحمض وزجاجة النبات وزجاجة مارين سفير والطلاء اللامع والجرعات المكثفة، والتحقق من الزيني والوزن وإلغاء الصفقات. نُقحت الحوارات والخيارات سياقيا، ووُحد اسم دليل الجرعات المكثفة في itemInfo مع كتاب القراءة. حُفظ الاسم الداخلي Guild Dealer والملصق S_SellManual وجميع الأوامر والمتغيرات والمعرفات والأسعار والكميات وحد الشراء ومنطق البيع دون تغيير.,المرحلة_213
rathena-master/npc/merchants/buying_shops.txt,التجار والخدمات,مراجعة حوارية وتقنية عميقة,مكتمل,214,مراجعة كاملة لنظام متاجر الشراء بالجملة: جاس وتراخيص السوق السوداء لغير التجار، وهيو وفريق المشتريات في نقابة تجار ألبرتا، شراء الرخص الرسمية، شرح التسجيل وتعلم مهارة متجر الشراء، شروط مهارة البيع، رسوم التسجيل، حدود الكمية والأسعار، ومتطلبات حمل عينة من الغرض. نُقحت الحوارات سياقيا ووُحد اسم رخصة متجر الشراء بالجملة والرخصة المشبوهة في itemInfo. حُفظ الاسمان الداخليان Black Marketeer#Buying وPurchasing Team#Buying، والمهارتان ALL_BUYING_STORE وMC_VENDING، وجميع المعرفات والأسعار والكميات وفحوص الوزن ومنطق التسجيل والبيع دون تغيير.,المرحلة_214
rathena-master/npc/merchants/cash_trader.txt,التجار والخدمات,مراجعة حوارية وتقنية عميقة,مكتمل,215,مراجعة كاملة لموظفة متجر كافرا في بايون وقائمة سلع متجر النقاط: التحقق من موقع المتجر ونوع cashshop والاسم الداخلي Kafra Shop Employee، ومراجعة المعرفات الثلاثة والعشرين وأسعارها. صُحح جنس الاسم الظاهر إلى موظفة متجر كافرا، ونُقحت أسماء وأوصاف صناديق أدلة المعركة والتأمين وعلكة الفقاعات وبطاقات كافرا وأجنحة الذبابة والنيورالايزر ورموز سيغفريد ولفافات المهارات وأطعمة الإحصاءات ولفافات الانتقال وبطاقة النادي الرياضي في itemInfo. حُفظت الإحداثيات ونوع المتجر والصورة والمعرفات والأسعار وترتيب السلع والاسم الداخلي بعد :: دون تغيير، كما حُفظت تناقضات أعداد بعض الصناديق كما وردت في المرجع الإنجليزي بدلا من تغيير بيانات المصدر.,المرحلة_215
rathena-master/npc/merchants/cashheadgear_dye.txt,التجار والخدمات,مراجعة حوارية وتقنية عميقة,مكتمل,216,مراجعة كاملة لخدمة ألورا لصبغ أغطية الرأس في برونتيرا: اختيار فئة غطاء الرأس واللون المطلوب، اختيار القطعة الأصلية، استهلاك الصبغة الغامضة، والتحذير من زوال مستويات التطوير والبطاقات. نُقحت الحوارات والخيارات سياقيا، ووُحدت أسماء قبعة الساحر وقبعة الصوف والقطة المتدلية وقبعة ديفيروتشي والباروكة والشريط وقرون الماعز المهيبة مع itemInfo. حُفظ الاسم الداخلي Alora وجميع المصفوفات والمعرفات والأوامر والمتغيرات وشروط الاختيار والاستهلاك ومنطق استبدال القطعة دون تغيير.,المرحلة_216
rathena-master/npc/merchants/clothes_dyer.txt,التجار والخدمات,مراجعة حوارية وتقنية عميقة,مكتمل,217,"مراجعة كاملة لخدمة الخياط غينيدين ريفير لصبغ ملابس الوظائف في برونتيرا: حديثه عن الأزياء، اختيار اللون المتاح حسب الوظيفة والجنس، قائمة الأصباغ الثمانية، إعادة اللون الافتراضي مجانا، والتحقق من الصبغة ورسوم 10,000 زيني. نُقحت الحوارات والخيارات سياقيا، ووُحد اسم الخياط مع ملف برونتيرا والملاحة، وطوبقت أسماء الأصباغ مع itemInfo مع تصحيح وصف الأصباغ البرتقالية والبنفسجية. حُفظ الاسم الداخلي Dyer Ginedin Rephere والدالة Dyes والملصق L_End وجميع حالات الوظائف والمصفوفات والمعرفات والرسوم وأوامر setlook والاستهلاك دون تغيير.",المرحلة_217
rathena-master/npc/merchants/coin_exchange.txt,التجار والخدمات,مراجعة حوارية وتقنية عميقة,مكتمل,218,مراجعة كاملة لتاجري العملات في مانوك وسبلينديد: شرط خاتم الملك الحكيم القديم واكتمال المهمة، فحص الوزن، قراءة دليلي السلع، واستبدال عملة واحدة بثلاث وحدات من السلعة المختارة. نُقحت الحوارات والخيارات سياقيا، ووُحدت أسماء دليلي السلع وإيمان مانوك ولوسيولا وأسماء الوحوش في itemInfo وكتابي 11018 و11019، وصُححت منطقة تأثير دموع كورنوس إلى سبلينديد. حُفظ merchant_13_2 والاسمان الداخليان Merchant of Manuk وMerchant of Splendide، واستخدام strnpcinfo(3) للتمييز بين النسختين، وجميع المعرفات والمصفوفات والكميات وشروط الحلقة ومنطق الاستبدال دون تغيير.,المرحلة_218
rathena-master/npc/merchants/dye_maker.txt,التجار والخدمات,مراجعة حوارية وتقنية عميقة,مكتمل,219,"مراجعة كاملة لصانع الأصباغ جافا دوليهان في موروك: فحص الوزن، قصة العائلة ومهنته، اختيار أحد الألوان الثمانية، وصف مواد كل لون ورسومه، التحقق من المواد والزيني، استهلاك المكونات وتسليم الأصباغ. وُحد المصطلح إلى صانع الأصباغ، وطوبقت أسماء الأعشاب والعامل المعادل والمزيج والأصباغ الثمانية مع itemInfo، ونُقحت أوصاف العامل المعادل والمزيج. حُفظ الاسم الداخلي Java Dullihan والملصق S_MakeDye وجميع مصفوفات المواد والكميات ومعرفات النواتج ورسوم 3,000 و3,500 و5,000 و7,000 زيني وفحوص الوزن ومنطق الصنع دون تغيير.",المرحلة_219
rathena-master/npc/merchants/elemental_trader.txt,التجار والخدمات,مراجعة حوارية وتقنية عميقة,مكتمل,220,مراجعة كاملة لراسبوتشين غريغوري في قصر أماتسو وخدمة استبدال الأحجار العنصرية: حديثه عن الاتحاد وسيد القصر، طلب ثمانية أحجار من نوع واحد، اختيار حجر ناتج مختلف، واستثناء الريح الهوجاء التي تتطلب اثني عشر حجرا. نُقحت الحوارات سياقيا ووُحد اسم الشخصية مع مهمة الخيميائي والملاحة، ووُحدت أسماء الصقيع الغامض والطبيعة العظيمة وقلب اللهب والريح الهوجاء في السكربت وسجل المهام واختبار الحداد وطلب الهندباء. حُفظ الاسم الداخلي Alchemist#ama وجميع المعرفات 994-997 والمصفوفة والحلقات والحدود 8 و12 وأوامر الاستهلاك والتسليم ومنطق منع اختيار النوع نفسه دون تغيير.,المرحلة_220
rathena-master/npc/merchants/enchan_arm.txt,التجار والخدمات,مراجعة حوارية وتقنية عميقة,مكتمل,221,"مراجعة كاملة للحرفي المتدرب في برونتيرا وخدمة سحر الدروع: تصنيف الدروع إلى بلا خانة وذات خانة وعالية الجودة، اختيار الدرع، رسم 400,000 زيني، التحذير من فقد مستوى التطوير والبطاقات واحتمال كسر الدرع، وإضافة خاصية عشوائية من STR أو INT أو DEX أو AGI أو VIT أو LUK بقيمة +1 إلى +3. نُقحت الحوارات والخيارات سياقيا، وحُفظ الاسم الداخلي Apprentice Craftsman والملصق S_EnchantArmor وجميع مصفوفات الدروع والمعرفات ومعدلات الفشل والمؤثرات والرسوم ومنطق الاستهلاك والتسليم دون تغيير.",المرحلة_221
rathena-master/npc/merchants/gemstone.txt,التجار والخدمات,مراجعة حوارية وتقنية عميقة,مكتمل,222,مراجعة كاملة لجايد في بايون وخدمة استبدال الجواهر: تحويل كل جوهرتين زرقاوين إلى جوهرة حمراء، أو كل جوهرتين حمراوين إلى جوهرة صفراء، أو كل جوهرتين صفراوين إلى جوهرة زرقاء. نُقحت الحوارات والخيارات، ووُضحت نسبة المبادلة وحد الإدخال اليدوي البالغ 100، واستعيدت بنية الأسطر المطابقة للمرجع الرسمي. حُفظ الاسم الداخلي Jade#pay والملصق S_TradeGems والمعرفات 715 و716 و717 وفحص الوزن وحساب الأزواج وأوامر الاستهلاك والتسليم دون تغيير.,المرحلة_222
rathena-master/npc/merchants/hair_dyer.txt,التجار والخدمات,مراجعة حوارية وتقنية عميقة,مكتمل,223,"مراجعة كاملة لروزا وخدمة صبغ الشعر في لايت هالزن: الترحيب المختلف بحسب الجنس، اختيار ثمانية ألوان، معاينة اللون وإعادة الاختيار، التحقق من الصبغة المناسبة ورسوم 1,000 زيني، واستهلاك وحدة واحدة وتغيير لوحة الشعر. نُقحت الحوارات سياقيا وأزيلت الصيغ المذكرة من المسار المشترك، ووُحد اسم الوظيفة إلى صباغة الشعر في السكربت والملاحة، وطوبقت أسماء الأصباغ الثمانية مع itemInfo. حُفظ الاسم الداخلي Hair Dyer#lich وجميع لوحات الألوان والمعرفات والحلقات والشروط وأوامر delitem وsetlook والرسوم دون تغيير.",المرحلة_223
rathena-master/npc/merchants/hair_style.txt,التجار والخدمات,مراجعة حوارية وتقنية عميقة,مكتمل,224,"مراجعة كاملة لمصفف الشعر المتجول روي فيشوب في ألبرتا ومساعدة التجميل في لايت هالزن: قصة روي ومنافسته لفيرونيكا، شرط المستوى 60، رسم 199,800 زيني والتسريحة واللون العشوائيان، ثم تدريب مساعدة التجميل ورسوم 250,000 زيني ومعاينة التسريحات من 1 إلى 23 واحتمال منح تسريحة ولون عشوائيين. نُقحت الحوارات والخيارات سياقيا وأزيلت الصيغ المباشرة المذكرة، ووُحد الاسمان الظاهران في الملاحة. حُفظ الاسمان الداخليان Roving Hair Dresser وAssistant Beautician#li وجميع الشروط والرسوم والحلقات والصور والأوامر والمتغيرات ومنطق التغيير دون تعديل.",المرحلة_224
rathena-master/npc/merchants/icecream.txt,التجار والخدمات,مراجعة حوارية وتقنية عميقة,مكتمل,225,مراجعة كاملة لصانع المثلجات وخدمة بيع الآيس كريم في ألبرتا وحقل موروك: عرض السعر، حد الشراء البالغ خمس حبات، إدخال الكمية، التحقق من الزيني ووزن الحقيبة، ورسائل الإلغاء ونقص المتطلبات. وُحد الاسم الظاهر إلى صانع مثلجات ليتطابق مع ملف برازيليس المراجع سابقا، ونُقحت الحوارات سياقيا، وصُححت همزة كلمة أكلته في وصف الآيس كريم داخل itemInfo. حُفظ IceCreamer والاسمان الداخليان Ice Cream Maker#1 وIce Cream Maker#2، والمعرف 536، والسعر 100 زيني، والحد 5، والإحداثيات والصورة وأوامر الاستهلاك والتسليم دون تغيير.,المرحلة_225
rathena-master/npc/merchants/inn.txt,التجار والخدمات,مراجعة حوارية وتقنية عميقة,مكتمل,226,"مراجعة كاملة لموظفي النزل وخدمات الحفظ والإقامة في برونتيرا وألبرتا وغيفن وبايون وألديباران وراشيل ولايت هالزن وهويغل وفينز وبرازيليس وأينبروخ. وُحدت أدوار موظفات النزل ومديرة النزل ومدير النزل، وأسماء نزل نينكاراس والصيادين وإفريت وفندق التنين الملكي، ونُقحت خيارات حفظ نقطة العودة والإقامة ورسائل نقص الزيني والنجاح والإلغاء. طوبق ديفرو آرك والغرفة 201 مع مهمة المنطاد، ووُحدت المصطلحات في الملاحة. حُفظت F_InnMaid وجميع الأسماء الداخلية ونقاط الحفظ والإحداثيات والانتقالات ورسوم 5,000 زيني والعلاج الكامل ومهارة البركة ومنطق المهمة دون تغيير.",المرحلة_226
rathena-master/npc/merchants/kunai_maker.txt,التجار والخدمات,مراجعة حوارية وتقنية عميقة,مكتمل,227,مراجعة كاملة لتاجر الكوناي كاشين في نقابة النينجا: إتاحة الخدمة لفئة النينجا وفروعها، عرض خمسة أنواع من الكوناي العنصرية، شرح مواد كل مبادلة، حد 500 مجموعة في الصفقة، التحقق من المواد ومساحة الحقيبة، واستهلاك الشوريكن والأحجار وتسليم عشر وحدات لكل مجموعة. نُقحت الحوارات والخيارات سياقيا، ووُحدت أسماء كوناي السم الفتاك ورقاقات الجليد والرياح العاتية والأرض السوداء وموجة الحر مع itemInfo، وصُحح شوريكن إبرة الشوك ولفافة موجة الحر. حُفظ الاسم الداخلي Kunai Merchant Kashin والدالة Kunai_Trade وجميع المعرفات والكميات والحدود والشروط وأوامر الاستهلاك والتسليم دون تغيير.,المرحلة_227
rathena-master/npc/merchants/milk_trader.txt,التجار والخدمات,مراجعة حوارية وتقنية عميقة,مكتمل,228,مراجعة كاملة لبائع الحليب في برونتيرا وخدمة استبدال جميع الزجاجات الفارغة: مقابل كل زجاجة فارغة و15 زيني يحصل اللاعب على عبوة حليب واحدة. نُقحت رسائل امتلاء الحقيبة وعرض المبادلة ونقص الزجاجات والزيني ومساحة الوزن، ووُضحت الصياغة لتناسب استبدال جميع الزجاجات دفعة واحدة. صُحح وصف الحليب في itemInfo إلى صياغة عربية سليمة. حُفظ الاسم الداخلي Milk Vendor والإحداثيات والصورة والمعرفان 713 و519 وسعر 15 زيني ووزن 50 لكل عبوة وجميع المتغيرات والشروط وأوامر الاستهلاك والتسليم دون تغيير.,المرحلة_228
rathena-master/npc/merchants/novice_exchange.txt,التجار والخدمات,مراجعة حوارية وتقنية عميقة,مكتمل,229,مراجعة كاملة لتجار المبتدئين في برونتيرا وموروك وبايون وألديباران وغيفن: استبدال الأصداف والزغب والجيلوبي وريش الطيور وجذور الأشجار وانسلاخ الدودة والشرانق بجرعات حمراء وفق النسب الرسمية. وُحد الاسم الظاهر إلى تاجر المبتدئين في السكربت والملاحة، ونُقحت عروض المبادلة ورسائل امتلاء الحقيبة والرفض والحدود والنجاح. طوبقت أسماء المواد مع itemInfo وصُححت خمسة أوصاف عربية. حُفظت الأسماء الداخلية الخمسة والدالة F_PotExchange والمعرفات 501 و902 و909 و914 و915 و916 و935 و955، وحد 100 جرعة، وفحص الوزن وجميع الكميات والشروط وأوامر الاستهلاك والتسليم دون تغيير.,المرحلة_229
rathena-master/npc/merchants/old_pharmacist.txt,التجار والخدمات,مراجعة حوارية وتقنية عميقة,مكتمل,230,مراجعة كاملة للصيدلي العجوز في ألبرتا وخدمة صناعة الجرعات الحمراء والبرتقالية والصفراء والبيضاء والزرقاء والخضراء. نُقحت حوارات الترحيب والوزن واختيار الجرعة والكمية ونقص المواد والزيني والنجاح والإلغاء، وصيغت وصفات المواد والرسوم بعربية سليمة. وُحد الاسم الظاهر إلى الصيدلي العجوز في السكربت والملاحة. حُفظ الاسم الداخلي Pharmacist والملصق L_Making والمعرفات 501-511 و713 وجميع الكميات والرسوم وفحوص الوزن وحد 100 وأوامر الاستهلاك والتسليم دون تغيير. وُثقت تناقضات منطقية موروثة من المرجع الرسمي دون تعديلها.,المرحلة_230
rathena-master/npc/merchants/quivers.txt,التجار والخدمات,مراجعة حوارية وتقنية عميقة,مكتمل,231,مراجعة كاملة للمخترع جاكس في بايون وخدمة تحويل الأسهم إلى جعب سحرية: شرح الاختراع، اختيار اثني عشر نوعا من الجعب، تعبئة أكبر عدد ممكن أو صنع جعبة واحدة، حساب عدد الجعب والتكلفة، والتحقق من الأسهم والزيني. نُقحت الحوارات والخيارات سياقيا، وصُحح أوريديكون، ووُحدت أسماء سهم الظل والسهم غير المادي والجعبة الكريستالية في itemInfo. حُفظ الاسم الداخلي Inventor Jaax والملصق S_BuyQuiver والمعرفات 1750-1770 و12004-12015، ومتطلب 500 سهم ورسم 500 زيني، وفحوص الوزن وجميع المتغيرات والشروط وأوامر الاستهلاك والتسليم دون تغيير.,المرحلة_231
rathena-master/npc/merchants/refine.txt,التجار والخدمات,مراجعة حوارية وتقنية عميقة,مكتمل,232,مراجعة كاملة لملف الحدادة والترقية: كريستوفر غيلينرو وبول سبانر لبيع السنادين وأدوات الحدادة والمعادن وتنقية الخامات، وسبعة مقدمي ترقية للأسلحة والدروع، وسبعة بائعين لفراكون وإمفيريتاركون، وسبعة منقين لأوريديكون وإيلونيوم، وأربعة عشر عامل إصلاح. نُقحت الحوارات والقوائم ورسائل نقص الزيني والمواد والوزن والنجاح والفشل والكسر والإلغاء، ووُحدت أسماء أوريديكون وإيلونيوم وساد وماتيستاين مع الملفات المرتبطة. حُفظت الأسماء الداخلية والدوال refinemain وphramain وorimain وrepairmain، وجميع المعرفات والأسعار ونسب النجاح والحدود وفحوص المعدات ومنطق الترقية والكسر والإصلاح دون تغيير.,المرحلة_232
rathena-master/npc/merchants/renters.txt,التجار والخدمات,مراجعة حوارية وتقنية عميقة,مكتمل,233,"مراجعة كاملة لمربيي بيكو بيكو في برونتيرا لخدمة الفرسان والفرسان الصليبيين، ومربي الصقور في هويغل لخدمة الصيادين. نُقحت حوارات الترحيب ورسوم الاستئجار ونقص الزيني وشروط مهارتي ركوب بيكو بيكو وإتقان الصقر وحالات امتلاك مطية أو صقر أو وارغ، ورسائل الإلغاء وعدم أهلية الفئة. حُفظت الأسماء الداخلية Peco Peco Breeder#knt وPeco Peco Breeder#cru وFalcon Breeder#hnt، والأسعار 2,500 و3,500 و2,500 زيني، والفئات والمهارات والفحوص وأوامر setriding وsetfalcon دون تغيير.",المرحلة_233
rathena-master/npc/merchants/shops.txt,التجار والخدمات,مراجعة حوارية وتقنية عميقة,مكتمل,234,"مراجعة كاملة لملف متاجر المدن الذي يضم 156 متجر NPC و1,172 إدخال عنصر في ألبرتا وألديباران وأماتسو وأيوثايا وبرازيليس وكومودو وإينبروخ وغيفن وكونلون وهويغل وإزلود وجاواي ويونو ولايت هالزن ولويانغ ولوتي وموروك وموسكوفيا ونيفلهيم وبايون وبرونتيرا وراشيل وجزيرة السلاحف وأمبالا وفينز. تحققت مطابقة الخرائط والإحداثيات والاتجاهات والصور وقوائم العناصر والأسعار مع المرجع الإنجليزي الرسمي، ووُحدت تسميات بائعي مزرعة الحليب وبائعي مستلزمات الزفاف وبائع أينبروخ المتجول وبائع المثلجات وتاجر المقابر مع الملاحة. حُفظت جميع الأسماء الداخلية بعد :: والمعرفات وعدد التكرارات وقيم الأسعار -1 دون تغيير، وزامنت التسمية المرتبطة في متجر إزلود لما قبل التجديد.",المرحلة_234
rathena-master/npc/merchants/socket_enchant.txt,التجار والخدمات,مراجعة حوارية وتقنية عميقة,مكتمل,235,مراجعة كاملة لسايابليم في بايون ولايت هالزن وبرونتيرا وموروك وخدمة إضافة الفتحات إلى 73 سلاحا ودرعا ضمن فئات C وB وA وS، مع حوار الشاب الطامح إلى المهنة. نُقحت رسائل الوزن والتعريف بالخدمة واختيار الفئات والتحذيرات ومتطلبات المواد والزيني والنجاح والفشل والإلغاء، ووُحدت أسماء الأسلحة والدروع مع itemInfo، ومنها درع الفيلق الصفيحي وقبعة أبو الهول وقرون الماعز المهيبة. حُفظت الأسماء الداخلية SocketEnchant وFunc_Socket وSocketMan، وكل معرفات المدخلات والنواتج والمواد والرسوم وحدود النجاح والأوامر والمؤثرات ومواقع النسخ الثمانية دون تغيير.,المرحلة_235
rathena-master/npc/merchants/socket_enchant2.txt,التجار والخدمات,مراجعة حوارية وتقنية عميقة,مكتمل,236,مراجعة كاملة لليابليم في بايون ولايت هالزن وبرونتيرا وخدمة إضافة الفتحات إلى 38 سلاحا ودرعا ضمن الفئات C وB وA وS، إضافة إلى الخدمة السرية لإضافة فتحة إلى قبعة إله الشمس بنسبة نجاح 90%. نُقحت حوارات التعريف والمواد والرسوم والتحذيرات والنجاح والفشل، ووُحدت أسماء المعدات مع itemInfo، وصُحح اسم كتاب الأمواج في نسختيه. حُفظت الأسماء الداخلية SocketEnchant2 وFunc_Socket2، وجميع معرفات المدخلات والنواتج والمواد والأسعار وحدود النجاح والمؤثرات وشروط الخدمة السرية ومواقع النسخ الثلاثة دون تغيير.,المرحلة_236
rathena-master/npc/merchants/wander_pet_food.txt,التجار والخدمات,مراجعة حوارية وتقنية عميقة,مكتمل,237,مراجعة كاملة لجيني محبة الحيوانات الأليفة في برونتيرا وخدمة مبادلة 20 جرة خمر مكسورة ووحدة كحول واحدة مقابل 20 مشروب الأرواح لطعام حيوان المتجول الأليف. نُقحت حوارات التعريف والعناية بالحيوانات وعرض المبادلة والنجاح والإلغاء ونقص المتطلبات، ووُحد اسم مشروب الأرواح مع itemInfo واسما المتجول وتنغو مع قاعدة الوحوش. وُحد الاسم الظاهر إلى محبة الحيوانات الأليفة في السكربت والملاحة، وصُحح وصفا جرة الخمر والكحول. حُفظ الاسمان الداخليان Pet Enthusiast وBerry Toe والموقعان والصورتان والمعرفات 7158 و970 و7824 والكميات وفحوص العناصر وأوامر الاستهلاك والتسليم والمؤثر دون تغيير.,المرحلة_237
rathena-master/npc/mobs/jail.txt,الوحوش,مراجعة حوارية وتقنية عميقة,مكتمل,238,مراجعة كاملة لملف وحوش خريطة السجن sec_in02. طوبقت أسماء بورينغ ومارين وبوبورينغ ودروبس وبيغفوت وفلورا مع المعرفات 1002 و1242 و1031 و1113 و1060 و1118 في قاعدتي الوحوش العربية والإنجليزية ومع إدخالات الملاحة الخاصة بالخريطة. ثبت أن الترجمة الحالية موحدة ولا تحتاج إلى تعديل. حُفظت الخريطة والإحداثيات ونطاقات الظهور والمعرفات والكميات وعلامات التبويب والبنية البرمجية دون أي تغيير.,المرحلة_238
rathena-master/npc/mobs/pvp.txt,الوحوش,مراجعة حوارية وتقنية عميقة,مكتمل,239,مراجعة كاملة لملف ظهور الوحوش في غرف Nightmare PvP الخمس pvp_n_8-1 إلى pvp_n_8-5. طوبقت أسماء سايد وايندر وبيغفوت وكرامب وويسبر وهمس عملاق وزومبي وغول وخاليتزبورغ ورايدريك مع المعرفات 1037 و1060 و1209 و1179 و1186 و1015 و1036 و1132 و1163 في قاعدتي الوحوش العربية والإنجليزية ومع ملف ملاحة الوحوش. ثبت أن الترجمة الحالية موحدة ولا تحتاج إلى تعديل. حُفظت الخرائط والإحداثيات والمعرفات والكميات وتأخيرا إعادة الظهور 360000 و180000 وعلامات التبويب والبنية البرمجية دون تغيير.,المرحلة_239
rathena-master/npc/mobs/towns.txt,الوحوش,مراجعة حوارية وتقنية عميقة,مكتمل,240,مراجعة كاملة لملف ظهور وحوش المدن في إينبيخ وجاواي وداخل جاواي وداخل لايت هالزن. طوبقت أسماء تارو وفين وأستر ومحار وفطر أحمر وفطر أسود مع المعرفات 1175 و1158 و1266 و1074 و1085 و1084 في قاعدتي الوحوش العربية والإنجليزية ومع ملف ملاحة الوحوش. ثبت أن الترجمة الحالية موحدة ولا تحتاج إلى تعديل. حُفظت الخرائط والإحداثيات ونطاقات الظهور والمعرفات والكميات وتأخيرات إعادة الظهور وعلامات التبويب والبنية البرمجية دون تغيير.,المرحلة_240
rathena-master/npc/other/CashShop_Functions.txt,الدوال العامة والخدمات,مراجعة حوارية وتقنية عميقة,مكتمل,241,مراجعة كاملة لدوال عناصر متجر الكاش: بطاقة كافرا، جناح الذبابة العملاق، Neuralizer، لفائف الانتقال إلى الزنزانات والمدن والقلاع، كرة الثلج، وجرعات خفض السمات. وُحد 49 اسما للخرائط والقلاع مع mapInfo وملف ملاحة الخرائط، وصُحح اسم إينبيخ، وروعي جنس موظفة كافرا، ونُقحت خيارات كرة الثلج لتوضح نسب الاستعادة الفعلية. حُفظت أسماء الدوال الأحد عشر والخرائط والإحداثيات والمعرف 12213 والكميات والشروط وأوامر warp وwarpparty وpercentheal وSM_ENDURE ومنطق خفض السمات دون تغيير.,المرحلة_241
rathena-master/npc/other/Global_Functions.txt,الدوال العامة والخدمات,مراجعة حوارية وتقنية عميقة,مكتمل,242,مراجعة كاملة للدوال العامة الثماني والعشرين، بما يشمل التحيات والوداع وتنسيق أسماء العناصر وفئات الأسلحة والمعدات والوقت وحماية تبديل المعدات وصيغ الجمع وأدوات النكرة وفتح المخزن وتغيير الوظيفة وأسماء فتحات التجهيز والمهارات البلاتينية. وُحدت ست فئات أسلحة مع متجر KVM المراجع سابقا، ووُضحت عناصر السلاح الخمسة وفتحات زينة الرأس وفتحة الدرع، ونُقحت رسالة الوداع. حُفظت أسماء الدوال والمتغيرات والثوابت والأرقام والشروط ومعرفات المهارات ومنطق الدوال دون تغيير.,المرحلة_242
rathena-master/npc/other/acolyte_warp.txt,الدوال العامة والخدمات,مراجعة حوارية وتقنية عميقة,مكتمل,243,مراجعة كاملة لناقلتي المريد كيكي وإيسالي في برونتيرا ويونو. روعي جنس المتحدثتين بتأنيث الاسم الظاهر، ونُقحت التحيات ووصف مهارة بوابة الانتقال والمواقع المحفوظة ورسائل رسوم الخدمة، ووُحد اسم إينبروخ مع mapInfo وملف ملاحة الخرائط. حُفظ الاسمان الداخليان Acolyte#Prtclear وAcolyte#Junoclear، ودالتا VIP، والخرائط والإحداثيات والتكاليف والمصفوفات والمؤثرات وشروط الزيني ومنطق الانتقال دون تغيير.,المرحلة_243
rathena-master/npc/other/arena/arena_aco.txt,الحلبات,مراجعة حوارية وتقنية عميقة,مكتمل,244,مراجعة كاملة لحلبة المريد والكاهن في إزلود، بما يشمل غرفة الانتظار وتروكو ومراحل الوحوش وموظفي المكافآت وسجلات الأزمنة وفينديغوس والمرشد ألياس وأدوات الإدارة. وُحد مصطلح فئة المريد ومعركة قوة الزمن وغرفة انتظار المريدين وبوابة الانتقال، وصُحح اسما الوحشين للمعرفين 1475 و1479 إلى شبح حاقد وسجين هيكل، ونُقحت الحوارات بصياغات محايدة. حُفظت جميع الأسماء الداخلية وLabels وEvents والمتغيرات والمعرفات والكميات والإحداثيات والشروط والمؤقتات ومنطق نقاط الحلبة والسجلات دون تغيير.,المرحلة_244
rathena-master/npc/other/arena/arena_lvl50.txt,الحلبات,مراجعة حوارية وتقنية عميقة,مكتمل,245,مراجعة كاملة لحلبة المستوى 50 الفردية في إزلود، بما يشمل غرفة الانتظار ودليل الحلبة هيل آند تو وتسع مراحل قتالية والعد التنازلي وموظفي المكافآت وسجل أسرع زمن ورسائل إعادة تهيئة الحلبة. وُحد اسم هيل آند تو مع ملف ملاحة الشخصيات، وصُحح اسم الوحش ذي المعرف 1469 إلى هيكل عامل، ونُقحت التعليمات والمكافآت والسجلات بصياغات أوضح ومحايدة. حُفظت الأسماء الداخلية وLabels وEvents والمتغيرات والمعرفات والكميات والإحداثيات والمؤقتات ونقاط الحلبة ومنطق السجل دون تغيير.,المرحلة_245
rathena-master/npc/other/arena/arena_lvl60.txt,الحلبات,مراجعة حوارية وتقنية عميقة,مكتمل,246,مراجعة كاملة لحلبة المستوى 60 الفردية في إزلود، بما يشمل غرفة الانتظار ودليل الحلبة ميني لوفر وتسع مراحل قتالية والعد التنازلي وموظفي المكافآت وسجل أسرع زمن ورسائل إعادة تهيئة الحلبة. وُحد اسم ميني لوفر مع ملف الملاحة، وصُحح اسم الوحش ذي المعرف 1468 إلى ريكوييم، ونُقحت التعليمات والمكافآت والسجلات بصياغات أوضح ومحايدة. حُفظت الأسماء الداخلية وLabels وEvents والمتغيرات والمعرفات والكميات والإحداثيات والمؤقتات ونقاط الحلبة ومنطق السجل دون تغيير.,المرحلة_246
rathena-master/npc/other/arena/arena_lvl70.txt,الحلبات,مراجعة حوارية وتقنية عميقة,مكتمل,247,مراجعة كاملة لحلبة المستوى 70 الفردية في إزلود، بما يشمل غرفة الانتظار ودليل الحلبة كاديلاك وتسع مراحل قتالية والعد التنازلي وموظفي المكافآت وسجل أسرع زمن ورسائل إعادة تهيئة الحلبة. ثُبت توحيد اسم كاديلاك مع ملف الملاحة، وصُحح اسما الوحشين للمعرفين 1526 و1453 إلى فراشة دموية ورامي رايدريك، ونُقحت التعليمات والمكافآت والسجلات بصياغات أوضح ومحايدة. حُفظت الأسماء الداخلية وLabels وEvents والمتغيرات والمعرفات والكميات والإحداثيات والمؤقتات ونقاط الحلبة ومنطق السجل دون تغيير.,المرحلة_247
rathena-master/npc/other/arena/arena_lvl80.txt,الحلبات,مراجعة حوارية وتقنية عميقة,مكتمل,248,مراجعة كاملة لحلبة المستوى 80 الفردية في إزلود، بما يشمل غرفة الانتظار ودليل الحلبة أوكتوس وتسع مراحل قتالية والعد التنازلي وموظفي المكافآت وسجل أسرع زمن ورسائل إعادة تهيئة الحلبة. ثُبت توحيد اسم أوكتوس مع ملف الملاحة، ووُحدت أسماء المعرفات 1424 و1471 و1479 و1533 إلى سايد وايندر وذو تسعة ذيول وسجين هيكل وفقمة، ونُقحت التعليمات والمكافآت والسجلات بصياغات أوضح ومحايدة. حُفظت الأسماء الداخلية وLabels وEvents والمتغيرات والمعرفات والكميات والإحداثيات والمؤقتات ونقاط الحلبة ومنطق السجل دون تغيير.,المرحلة_248
rathena-master/npc/other/arena/arena_party.txt,الحلبات,مراجعة حوارية وتقنية عميقة,مكتمل,249,مراجعة كاملة لحلبة الفريق المكون من خمس شخصيات، بما يشمل غرفة الانتظار والمساعد إيريف ودليل الحلبة سليبسلو ران والغرف القتالية العشر وموظفي المكافآت وسجل أسرع فريق وتنبيهات المهلة وإعادة التهيئة. وُحدت أسماء ناسك طاوي وسجين هيكل وساموراي ساحر مع قاعدة الوحوش، وصُححت أسماء العرض المخصصة في غرفة الخروج، ونُقحت التعليمات والمكافآت والسجلات بصياغات واضحة ومحايدة. حُفظت الأسماء الداخلية وLabels وEvents والمتغيرات والمعرفات والكميات والإحداثيات والمؤقتات وتكلفة الدخول ونقاط الحلبة ومنطق السجل دون تغيير.,المرحلة_249
rathena-master/npc/other/arena/arena_point.txt,الحلبات,مراجعة حوارية وتقنية عميقة,مكتمل,250,مراجعة كاملة لمسؤول نقاط الحلبة وخدمة تحويل نقاط مضمار التيربو إلى نقاط الحلبة. وُحد مصطلح نقاط مضمار التيربو مع ملف turbo_track.txt، ونُقحت المقدمة والقوائم وتعليمات الإدخال ورسائل الحد الأقصى وعدم كفاية النقاط ونتائج التحويل وعرض الرصيد بصياغة واضحة ومحايدة. زامنت الإشارة الوحيدة في turbo_track.txt من مسؤول نقاط الساحة إلى مسؤول نقاط الحلبة. حُفظ الاسم الداخلي Arena Point Manager وLabel S_ExchangePoints والمتغيران arena_point وtt_point والمتغيرات المحلية والقيم والحدود ونسب التحويل وشروط الخدمة دون تغيير.,المرحلة_250
rathena-master/npc/other/arena/arena_room.txt,الحلبات,مراجعة حوارية وتقنية عميقة,مكتمل,251,"مراجعة كاملة لقاعة حلبة إزلود الرئيسية، بما يشمل فينديغوس وموظف سجلات الحلبة ومساعدي المستويات ومرحلة الفريق ومديري الحلبة والمكافآت والناقل وغيفو وخدمة الصور والبث المباشر ودالة استبدال المكافآت. وحدت أسماء هيل آند تو وميني لوفر وكاديلاك وأوكتوس وسليبسلو ران، وأسماء فيشوس وإيبين، ومصطلحات الوضع الفردي ومعركة قوة الزمن وغرفة الانتظار النهائية ونقاط الحلبة. أعيد الأمر الرسمي المفقود donpcevent ""#arena_ss_4::OnKis""; إلى تسلسل التصوير. حفظت الأسماء الداخلية وLabels وEvents والمتغيرات والمعرفات والكميات والإحداثيات والمؤقتات والمكافآت والشروط ومنطق الحلبة دون تغيير آخر.",المرحلة_251
rathena-master/npc/other/auction.txt,الأنظمة والخدمات,مراجعة حوارية وتقنية عميقة,مكتمل,252,مراجعة كاملة لنظام قاعة المزاد في موروك وبرونتيرا ويونو ولايت هالزن، بما يشمل المرشدين ولوحات المعلومات ومداخل القاعات ووسطاء المزاد. وُحد اسم مرشد قاعة المزاد مع اسم الخريطتين في ملفات الخرائط، وزومنت مواضعه الأربعة في ملف ملاحة الشخصيات، ونُقحت دعوات الدخول ورسائل القبول والرفض وتصفح المعروضات بصياغة واضحة ومحايدة. حُفظت الدالة F_AuctionWarper والأسماء الداخلية AuctionSign وAuctionBroker وأسماء NPC الداخلية بعد :: وتعريفات duplicate والخرائط والإحداثيات ومعرفات الصور والأوامر والشروط ومنطق الانتقال وOpenAuction دون تغيير.,المرحلة_252
rathena-master/npc/other/books.txt,الموسوعات والأدلة,مراجعة حوارية وتقنية عميقة,مكتمل,253,مراجعة كاملة لملف الكتب الذي يضم سبع موسوعات للوحوش ودليلي البيع والحداد عبر 429 كتلة نصية وقائمة. وُحدت أسماء الوحوش مع قاعدة mob_db وأسماء إسقاطات العناصر في 355 مدخلا مع itemInfo، ووُحدت أسماء مهارات التاجر والحداد مع skillinfolist. أعيدت صياغة مقدمات الموسوعات ودليل البيع ودليل صقل الخامات وصناعة الأسلحة سياقيا، مع الحفاظ على جميع الأسماء الداخلية بعد :: وأوامر mes وnext وselect وswitch وcase وwhile وclose وتفرعات السكربت دون تغيير.,المرحلة_253
rathena-master/npc/other/bulletin_boards.txt,المدن والإرشادات,مراجعة حوارية وتقنية عميقة,مكتمل,254,مراجعة كاملة لجميع لوحات الإعلانات في ألبرتا وغيفن وبيالان وبايون وقرية الرماة وبرونتيرا وموروك وكومودو وأومبالا وقرى الأورك والكوبولد والغوبلن ويونو وألديباران ولوتي ونيفلهايم وغلاست هايم، إضافة إلى كتلة جحيم النمل المعطلة رسميا. أعيدت صياغة الإرشادات والمعلومات السياحية والتحذيرات سياقيا، ووحدت أسماء المدن والوظائف والوحوش مع قواعد الحزمة. أعيد أمرا mes الرسميان اللذان كانا مفقودين في قسم كومودو بسبب دمج الأسطر، وحفظت جميع الأسماء الداخلية بعد :: وتعريفات duplicate والخرائط والإحداثيات والصور والألوان وتسلسل الأوامر دون تغيير.,المرحلة_254
rathena-master/npc/other/card_trader.txt,الأنظمة والخدمات,مراجعة حوارية وتقنية عميقة,مكتمل,255,مراجعة كاملة لبوتي وخدمة مقايضة بطاقات الوحوش بالنقاط ثم استبدال النقاط بألبوم بطاقات قديم وتوت إغدراسيل والجرعات الزرقاء والعسل. نُقحت المقدمة والتعليمات والقوائم ورسائل الإدخال والرصيد والنجاح والفشل بصياغة واضحة ومحايدة للاعب مع مراعاة أن المتحدثة أنثى. صُححت تكلفة ألبوم البطاقات المعروضة من 50 إلى 100 نقطة لتطابق الشرط البرمجي والمقدمة، ووُحد اسم ألبوم بطاقات قديم في itemInfo. حُفظ الاسم الداخلي Putty وجميع المصفوفات والمعرفات والمتغيرات والكميات والشروط والدوال ومنطق المقايضة دون تغيير.,المرحلة_255
rathena-master/npc/other/comodo_gambling.txt,الأنظمة والخدمات,مراجعة حوارية وتقنية عميقة,مكتمل,256,مراجعة كاملة لنظام مقامرة كومودو بالألماس، بما يشمل كاتشوا وفئات جوائز الأسلحة والدروع والأردية وأغطية الرأس والأحذية والتروس، وحوار ديفيلين ومعلومات كاين وخدمة دواين لبيع ألماس 3 قيراط. نُقحت جميع الحوارات والقوائم سياقيا، وأعيد أمر mes المفقود في حوار كاتشوا، وتحققت أسماء الشخصيات وإحداثياتها مع ملف الملاحة واسم العنصر 732 مع itemInfo دون الحاجة إلى تعديل الملفات المرتبطة. حُفظت الأسماء الداخلية Kachua وDevellin وSuspicious Guy#cmd وBlacksmith Miner وجميع احتمالات الجوائز والمعرفات والمتغيرات والكميات وشروط الوزن والمال ومنطق المقامرة دون تغيير.,المرحلة_256
rathena-master/npc/other/divorce.txt,الأنظمة والخدمات,مراجعة حوارية وتقنية عميقة,مكتمل,257,"مراجعة كاملة لديفيروتشي وخدمة الطلاق الرسمية في نيفلهايم، بما يشمل حالات غير المتزوج والمتزوج وفرعي اللاعب واللاعبة وعرض تكلفة الطلاق والتأكيد والرفض والنجاح وعدم كفاية المال. نُقحت النبرة الساخرة والحوارات والخيارات بصياغة عربية طبيعية، وراجع النص المعطل رسميا داخل التعليقات دون تفعيله. تحقق اسم ديفيروتشي وموقعه مع ملفات الملاحة دون الحاجة إلى تعديلها. حُفظ الاسم الداخلي Deviruchi#divorce والمتغير wedding_sign وتكلفة 2,500,000 زيني والمؤثران EF_MAGICROD وEF_DEVIL وأوامر percentheal وdivorce والانتقال وجميع الشروط والفروع دون تغيير.",المرحلة_257
rathena-master/npc/other/fortune.txt,الأنظمة والخدمات,مراجعة حوارية وتقنية عميقة,مكتمل,258,مراجعة كاملة لملف قراءة الطالع، بما يشمل العراف ليميتورا وأربعة محاور للحب والثروة والمستقبل والتحذيرات، وعراف البورينغ وخمسة محاور، والناسكة كيسي كيسي. رُوجعت 456 حالة عشوائية و89 صورة بطاقة، ووُحدت مصطلحات قراءة الطالع وأسماء الوحوش، وصُحح جنس ليميتورا وتشوكارل بوصفهما عرافين والناسكة بوصفها أنثى، مع مخاطبة محايدة للاعب. زُومن اسم الناسكة في ملف الملاحة، وحُفظت جميع الأسماء الداخلية والفروع ونطاقات rand والمتغيرات ورسوم 1000 زيني ومدخل التبرع ودالة L_displaycutin دون تغيير.,المرحلة_258
rathena-master/npc/other/gm_npcs.txt,الأنظمة والخدمات,مراجعة حوارية وتقنية عميقة,مكتمل,259,مراجعة كاملة لدالة F_GM_NPC المسؤولة عن حماية شخصيات إدارة GM، بما يشمل الحد الأدنى لمستوى الصلاحية، وتسجيل محاولات الوصول، وكلمات المرور الرقمية والنصية، وقيم الإرجاع وحالات الإلغاء والخروج عن النطاق. عُرّبت وثائق الإدارة ورسالة السجل وعناوين القائمة المرجعية، مع إبقاء جميع أسماء NPC الداخلية في القائمة دون ترجمة. حُفظت الدالة F_GM_NPC وتعليمتا end وreturn واستدعاءات getgmlevel وgetmapxy وlogmes وgetarg وinput وجميع المتغيرات والحدود والمنطق دون تغيير.,المرحلة_259
rathena-master/npc/other/guildpvp.txt,other,مراجعة حوارية وتقنية عميقة,مكتمل,260,مراجعة كاملة لمرشد معارك النقابات في قاعة PvP: اختيار واحدة من خمس خرائط وتحديد الفريق الأول أو الثاني ثم تأكيد النقل أو إلغاؤه. نُقحت الحوارات والخيارات سياقيا، ووُحد اسم المرشد مع ملف الملاحة، وأزيلت مخاطبة اللاعب المذكرة. حُفظ الاسم الداخلي Guild Battle Guide والخريطة والإحداثيات والصورة والمصفوفات والمتغيرات وخيارات الخرائط والفرق وشرط الرفض وأوامر close وclose2 وwarp وend دون تغيير.,المرحلة_260
rathena-master/npc/other/gympass.txt,other,مراجعة حوارية وتقنية عميقة,مكتمل,261,مراجعة كاملة لكابوس مفتول العضلات في بايون وخدمة استهلاك بطاقة النادي الرياضي لرفع سعة حمل العناصر حتى عشر درجات، مع استعادة الدرجات المسجلة عند زوال أثر المهارة. نُقحت الحوارات والخيارات سياقيا، وأزيلت المخاطبة المذكرة والعبارات العامية، ووُحد مصطلح زيادة حد الوزن مع قاموس المهارات. حُفظ الاسم الداخلي Ripped Cabus#GymPass والمعرف 7776 والمتغير gympassmemory والمهارة ALL_INCCARRY وحد 10 والمؤثرات الأربعة وجميع الشروط وأوامر delitem وskill وclose دون تغيير.,المرحلة_261
