المسار,الحالة,SHA256 قبل,SHA256 بعد
.gitignore,دون تغيير,83f51228406dd45e6132553a4e2568099e7c6b0a9ff2d5a8f08694f9d0c4f193,83f51228406dd45e6132553a4e2568099e7c6b0a9ff2d5a8f08694f9d0c4f193
README.md,دون تغيير,c9a4f06868de160578be94101c90df421a4727c492704e38693bd497f1dacb8f,c9a4f06868de160578be94101c90df421a4727c492704e38693bd497f1dacb8f
System/LuaFiles514/itemInfo.lua,دون تغيير,862ef8951602cf68f6bea4cf8d794e8a547402b62ea6fc229a8eedc2403043f1,862ef8951602cf68f6bea4cf8d794e8a547402b62ea6fc229a8eedc2403043f1
System/LuaFiles514/itemInfo_EN.lua,دون تغيير,c482708c157e120e31fe49909d6ac73e3303154a37b14c49c5a2cb547fae372c,c482708c157e120e31fe49909d6ac73e3303154a37b14c49c5a2cb547fae372c
System/Navi_Data_EN.lub,دون تغيير,30de99d67011d5a8689061ce2022e7c1b17e8d1140f43a436b3452d2c68d7656,30de99d67011d5a8689061ce2022e7c1b17e8d1140f43a436b3452d2c68d7656
System/Navi_Data_EN_EN.lub,دون تغيير,b2c826d1dcf86f270f03700c0bef4767d972def265fd4b3f3cce4ef8170d4f83,b2c826d1dcf86f270f03700c0bef4767d972def265fd4b3f3cce4ef8170d4f83
System/OngoingQuestInfoList_True_EN.lub,دون تغيير,48f9961b9ee5105a18877ab6a0942e3bceeaadf6b60f92feb2e135273c00af39,48f9961b9ee5105a18877ab6a0942e3bceeaadf6b60f92feb2e135273c00af39
System/OngoingQuestInfoList_True_EN_EN.lub,دون تغيير,6597d516239401fb909a2ad29f8fdb87048d1b76f7423e13e155a76422867cc9,6597d516239401fb909a2ad29f8fdb87048d1b76f7423e13e155a76422867cc9
System/Sign_Data_EN.lub,دون تغيير,d8582af0b4120b2f45fcfc86e705332c22778154e8b1dabd12cb94d90dee740c,d8582af0b4120b2f45fcfc86e705332c22778154e8b1dabd12cb94d90dee740c
System/Sign_Data_EN_EN.lub,دون تغيير,61edd98b3b1ce3f697af79c666b39567139b1d260e093602e724cefaf3ea9ef9,61edd98b3b1ce3f697af79c666b39567139b1d260e093602e724cefaf3ea9ef9
System/Towninfo_EN.lub,دون تغيير,6ebfbd7ad584d642cc386a3e079fd35712598947902e639d53572a68cefcce88,6ebfbd7ad584d642cc386a3e079fd35712598947902e639d53572a68cefcce88
System/Towninfo_EN_EN.lub,دون تغيير,0690979639fca6417bf6c2bae5cb046621c256c2e28d5d2d7d97a05075b5e398,0690979639fca6417bf6c2bae5cb046621c256c2e28d5d2d7d97a05075b5e398
System/achievement_list_EN.lub,دون تغيير,b20da1a32b5634fb6116459b23a5160676d4b08d1ee8d85a8069457d01b48cff,b20da1a32b5634fb6116459b23a5160676d4b08d1ee8d85a8069457d01b48cff
System/achievement_list_EN_EN.lub,دون تغيير,6bff38adbc2d52557011392c8bb89dcc0a03a79c31e350079cdbda15a1943324,6bff38adbc2d52557011392c8bb89dcc0a03a79c31e350079cdbda15a1943324
System/mapInfo_true_EN.lub,دون تغيير,971995b215933b91090f6bb31ee93a7666c52098edee1d7fa3229c6f6b366418,971995b215933b91090f6bb31ee93a7666c52098edee1d7fa3229c6f6b366418
System/mapInfo_true_EN_EN.lub,دون تغيير,7c14213b899d550d68e49f72eba060e111e1b66a047d2c1168d7fda6c34eb214,7c14213b899d550d68e49f72eba060e111e1b66a047d2c1168d7fda6c34eb214
System/spopup_EN.lub,دون تغيير,3d841e822955d8389206f4ce67d5c6ba176c20e674e0a33719a23d7556bb34cf,3d841e822955d8389206f4ce67d5c6ba176c20e674e0a33719a23d7556bb34cf
System/spopup_EN_EN.lub,دون تغيير,50387c127564d71acee306af39c1926c335842c424ec088cc4deed9137be5cff,50387c127564d71acee306af39c1926c335842c424ec088cc4deed9137be5cff
System/tipbox_EN.lub,دون تغيير,109deec8ae8e85dc672f2afd6f084a19f89650d076aa8c6725ca9d5cfda8e5ed,109deec8ae8e85dc672f2afd6f084a19f89650d076aa8c6725ca9d5cfda8e5ed
System/tipbox_EN_EN.lub,دون تغيير,d7d3ef016f7eb259bea26d019bc210ef5cc07ca961a84c4b132218478a1d2b5f,d7d3ef016f7eb259bea26d019bc210ef5cc07ca961a84c4b132218478a1d2b5f
data/ba_frostjoke.txt,دون تغيير,a21cec985b251149c3b005077f349a94212d9bc9e71db587bc951aea54e4bbd3,a21cec985b251149c3b005077f349a94212d9bc9e71db587bc951aea54e4bbd3
data/ba_frostjoke_EN.txt,دون تغيير,0b7304ca7d91b6778e2ffd862b8aad5aba8ec5b3b9ca8d935fe8969bd1df21cf,0b7304ca7d91b6778e2ffd862b8aad5aba8ec5b3b9ca8d935fe8969bd1df21cf
data/book/11000.txt,دون تغيير,ff552bee797a04586d09ae9a1bcda33e6a516612e038532ae371233ecd7f6239,ff552bee797a04586d09ae9a1bcda33e6a516612e038532ae371233ecd7f6239
data/book/11000_EN.txt,دون تغيير,862b3427160ce952d881cffd3856d1226d0a074a41a0346595b6a8bdc4b39de2,862b3427160ce952d881cffd3856d1226d0a074a41a0346595b6a8bdc4b39de2
data/book/11001.txt,دون تغيير,488d8e9ca3d346acaca0bcee3cdd9838346cd34d9e0c8f8397e75c674488a5f5,488d8e9ca3d346acaca0bcee3cdd9838346cd34d9e0c8f8397e75c674488a5f5
data/book/11001_EN.txt,دون تغيير,9018ba14565f7bb5f6fb670b72354f0ebc3e02b519b67bce80a72ddbaa1f111f,9018ba14565f7bb5f6fb670b72354f0ebc3e02b519b67bce80a72ddbaa1f111f
data/book/11002.txt,دون تغيير,9072f6c89349ea4229bef1995c8fc5554d4b8b860d7c66b9fbf82982a6cc5b66,9072f6c89349ea4229bef1995c8fc5554d4b8b860d7c66b9fbf82982a6cc5b66
data/book/11002_EN.txt,دون تغيير,ca0286d7e516dabe3f88d8a6fc95732b1abaa684bbe2ab9fde091be05e374f0b,ca0286d7e516dabe3f88d8a6fc95732b1abaa684bbe2ab9fde091be05e374f0b
data/book/11003.txt,دون تغيير,72705da5f585e8314cdb573edc563c9ff3cecf7419a008c5117c13bd173219bd,72705da5f585e8314cdb573edc563c9ff3cecf7419a008c5117c13bd173219bd
data/book/11003_EN.txt,دون تغيير,94e4e9f96d9aa9f2bf0b054d7d4e356d81a3c663839ad1258b433ea40fc8efe7,94e4e9f96d9aa9f2bf0b054d7d4e356d81a3c663839ad1258b433ea40fc8efe7
data/book/11004.txt,دون تغيير,18ef2d296a6ddd0047ccb2bdc452ad0475153fe6e4ad05f1379705da7ebd302c,18ef2d296a6ddd0047ccb2bdc452ad0475153fe6e4ad05f1379705da7ebd302c
data/book/11004_EN.txt,دون تغيير,7846c974ccf59bcc03a42bed081fb7d4685e30642e875be4e5b9f7c690382854,7846c974ccf59bcc03a42bed081fb7d4685e30642e875be4e5b9f7c690382854
data/book/11005.txt,دون تغيير,fa9b4ab9ff833af12a3f8a884e0cb247a41d72943c223da133ea2c4e305cc2ad,fa9b4ab9ff833af12a3f8a884e0cb247a41d72943c223da133ea2c4e305cc2ad
data/book/11005_EN.txt,دون تغيير,7a804cfdfe503af2e8e29823273c522413eaa9d15e400eb1571f6beef19b74c3,7a804cfdfe503af2e8e29823273c522413eaa9d15e400eb1571f6beef19b74c3
data/book/11006.txt,دون تغيير,f4d14179b84af9ddbe593b785ef85910e90d79632b0436b02abaa7738c156ded,f4d14179b84af9ddbe593b785ef85910e90d79632b0436b02abaa7738c156ded
data/book/11006_EN.txt,دون تغيير,1a2c3c599d7572e13733e77b96282343178fcf615766190533786d305ccda7be,1a2c3c599d7572e13733e77b96282343178fcf615766190533786d305ccda7be
data/book/11007.txt,دون تغيير,f6f33c20bbd4f3287f1cd947b0b5c89111cb19869fb5551318ef2418f0409ddf,f6f33c20bbd4f3287f1cd947b0b5c89111cb19869fb5551318ef2418f0409ddf
data/book/11007_EN.txt,دون تغيير,9635f5f5672fead78fac53648e6730f741a54dcc6b46eda82459adfc8ad0db3e,9635f5f5672fead78fac53648e6730f741a54dcc6b46eda82459adfc8ad0db3e
data/book/11008.txt,دون تغيير,c63f3ae1b43ab4d20b0f087a9f9ba9e42eccc95772a25ca1c0763b949df3e0a8,c63f3ae1b43ab4d20b0f087a9f9ba9e42eccc95772a25ca1c0763b949df3e0a8
data/book/11008_EN.txt,دون تغيير,e1b99b19cc271b3c389920b5248bb70b5a8669c8adb8b8bcf94eaf7cef112cea,e1b99b19cc271b3c389920b5248bb70b5a8669c8adb8b8bcf94eaf7cef112cea
data/book/11009.txt,دون تغيير,9039fc69dbee731b8ffb2564d8423e7dbbd45184266bfc7ff98ee0b52ade1593,9039fc69dbee731b8ffb2564d8423e7dbbd45184266bfc7ff98ee0b52ade1593
data/book/11009_EN.txt,دون تغيير,f3cf6b8c1c4089a095e17aac78aaa343d7aed17ed21e0cf0d3d856e0fff8db20,f3cf6b8c1c4089a095e17aac78aaa343d7aed17ed21e0cf0d3d856e0fff8db20
data/book/11010.txt,دون تغيير,9226ec1564392b4fc96f55777e431bddab1700051e2383585c6f9c5f6824c750,9226ec1564392b4fc96f55777e431bddab1700051e2383585c6f9c5f6824c750
data/book/11010_EN.txt,دون تغيير,44094d2b0a13887bee218b007cb60299757491bc4836cd2237ccb5589c86ee74,44094d2b0a13887bee218b007cb60299757491bc4836cd2237ccb5589c86ee74
data/book/11011.txt,دون تغيير,2d5166f0f6c175b9c06ae8293b458533965d68d02ea2329df9a7857638ce0683,2d5166f0f6c175b9c06ae8293b458533965d68d02ea2329df9a7857638ce0683
data/book/11011_EN.txt,دون تغيير,1ca6644c826795a63413044b935989e95a6c7ac78532ef5979b8b70308007bb2,1ca6644c826795a63413044b935989e95a6c7ac78532ef5979b8b70308007bb2
data/book/11017.txt,دون تغيير,ee00b612a33ad5bfbaab0c81347ffd8ccfe8cce55e43526884191f29893dd263,ee00b612a33ad5bfbaab0c81347ffd8ccfe8cce55e43526884191f29893dd263
data/book/11017_EN.txt,دون تغيير,6e34fda4af5bbfa10964b5b521664f18553a20556eb5e9fb159ed45f6f5de906,6e34fda4af5bbfa10964b5b521664f18553a20556eb5e9fb159ed45f6f5de906
data/book/11018.txt,دون تغيير,62208bc67bd80671724620f13446d031128f96d2d8e8b1293b04ae85c5a78543,62208bc67bd80671724620f13446d031128f96d2d8e8b1293b04ae85c5a78543
data/book/11018_EN.txt,دون تغيير,26f88165c8582e7f730563a50ad7a85dd64062837ec98bb7e7c76037911bdb83,26f88165c8582e7f730563a50ad7a85dd64062837ec98bb7e7c76037911bdb83
data/book/11019.txt,دون تغيير,ae85070b97f6a4dd5e2fde0915a44f19e27b8de4c0f1852c4768465b0ea0d97b,ae85070b97f6a4dd5e2fde0915a44f19e27b8de4c0f1852c4768465b0ea0d97b
data/book/11019_EN.txt,دون تغيير,5422e7a7cf3f517d3036deb466484855b903d0c01daeb33e3aeeaa0dc4bed629,5422e7a7cf3f517d3036deb466484855b903d0c01daeb33e3aeeaa0dc4bed629
data/book/11022.txt,دون تغيير,d8f138089cb1d13a6bbf706c7cdec656bcb763dae754ef21166f85d846ac2978,d8f138089cb1d13a6bbf706c7cdec656bcb763dae754ef21166f85d846ac2978
data/book/11022_EN.txt,دون تغيير,8c1fcd7e6ddb66b53d2a706263378ea12aa5365078d88703221be6f2e355c662,8c1fcd7e6ddb66b53d2a706263378ea12aa5365078d88703221be6f2e355c662
data/book/11023.txt,دون تغيير,73d72e1cda8ef7c6ebe5685c2cd81d18d30eda24033e76e8e236dd5c13a5e2b5,73d72e1cda8ef7c6ebe5685c2cd81d18d30eda24033e76e8e236dd5c13a5e2b5
data/book/11023_EN.txt,دون تغيير,4ac0f4ebc19e5c3ad90083684bdc53eb6fdcbf056bff878335991e32285a234a,4ac0f4ebc19e5c3ad90083684bdc53eb6fdcbf056bff878335991e32285a234a
data/book/11024.txt,دون تغيير,811e92d8aead15381b4da4214330940893913f156a2994d903dd90fcd672f312,811e92d8aead15381b4da4214330940893913f156a2994d903dd90fcd672f312
data/book/11024_EN.txt,دون تغيير,73fde8df35dff7ac15283ca5248ca6ef7bf6d5926d618ede81e9b0d3f4b27ed7,73fde8df35dff7ac15283ca5248ca6ef7bf6d5926d618ede81e9b0d3f4b27ed7
data/book/11056.txt,دون تغيير,77c55e6c1d2f03973482e58472dfa2ec7bce2eae9fd2924dbe1bb6e80a8bc126,77c55e6c1d2f03973482e58472dfa2ec7bce2eae9fd2924dbe1bb6e80a8bc126
data/book/11056_EN.txt,دون تغيير,a2b55105c72faf3fc17402e665d0e713f9b36b98cc853fa1b00adea39b1d25c1,a2b55105c72faf3fc17402e665d0e713f9b36b98cc853fa1b00adea39b1d25c1
data/book/11057.txt,دون تغيير,b275b658a058be7d799d5acde2b1f25a791d57342472fb12d65ef237c9c81870,b275b658a058be7d799d5acde2b1f25a791d57342472fb12d65ef237c9c81870
data/book/11057_EN.txt,دون تغيير,066ca24f2fd8226ec4b160033f38e4c96c99e97db08376b36081e881e86902e7,066ca24f2fd8226ec4b160033f38e4c96c99e97db08376b36081e881e86902e7
data/book/11058.txt,دون تغيير,875d8a290e8792cef10fdb4af43b989c823d2a4cda2d319927b695ac17434e50,875d8a290e8792cef10fdb4af43b989c823d2a4cda2d319927b695ac17434e50
data/book/11058_EN.txt,دون تغيير,38f19466a01ea869fbc290cad0840da322473565ff66a1d1cd389159136fde57,38f19466a01ea869fbc290cad0840da322473565ff66a1d1cd389159136fde57
data/book/11059.txt,دون تغيير,ceea2b5c7bc523cfcf500a5732e29ea374956bf6365579adc93645d751a9162c,ceea2b5c7bc523cfcf500a5732e29ea374956bf6365579adc93645d751a9162c
data/book/11059_EN.txt,دون تغيير,9804befc080575ed191c652da6bf1edcaac506aa34de0d66286b43b4ab8c38a1,9804befc080575ed191c652da6bf1edcaac506aa34de0d66286b43b4ab8c38a1
data/book/11060.txt,دون تغيير,0bf4aeb4c2eb52dea52feb569118c055bc2b28594791b344d0928e76c6b4bafa,0bf4aeb4c2eb52dea52feb569118c055bc2b28594791b344d0928e76c6b4bafa
data/book/11060_EN.txt,دون تغيير,1d48f4acfede77945084e91699a5064f9a9511e87881f0f0f3211420764e7d53,1d48f4acfede77945084e91699a5064f9a9511e87881f0f0f3211420764e7d53
data/book/11061.txt,دون تغيير,aeabba96042abd64d90921efe683c907a92e164a20b7f9b6dc44f0aa3d7715d7,aeabba96042abd64d90921efe683c907a92e164a20b7f9b6dc44f0aa3d7715d7
data/book/11061_EN.txt,دون تغيير,055ff2b8497efa64d989d82249dd16307d41d6a9e54e9bd82704bb9ef780fc4a,055ff2b8497efa64d989d82249dd16307d41d6a9e54e9bd82704bb9ef780fc4a
data/book/7127.txt,دون تغيير,1a919efd57b0aed66673986c63beb18bd05ad4018c0a1078b5cfa59eede821e1,1a919efd57b0aed66673986c63beb18bd05ad4018c0a1078b5cfa59eede821e1
data/book/7127_EN.txt,دون تغيير,bdcc5af7d7bb7565d0ef0537637bbe4b39b28bcc898207172015e56eb5bbb569,bdcc5af7d7bb7565d0ef0537637bbe4b39b28bcc898207172015e56eb5bbb569
data/book/7128.txt,دون تغيير,edcaed351b7b4dba553d2449039bdfcd1f4de52a3f18d21be5645aa8bfc4e58f,edcaed351b7b4dba553d2449039bdfcd1f4de52a3f18d21be5645aa8bfc4e58f
data/book/7128_EN.txt,دون تغيير,d98732d9f5ecda9d222b6cedd4e9c9e8bc586b14d98ac29ede9cb0dc3a2f67ed,d98732d9f5ecda9d222b6cedd4e9c9e8bc586b14d98ac29ede9cb0dc3a2f67ed
data/book/7129.txt,دون تغيير,0f6bacd43a3175fe83877261a0ec5fecc980df8dbe1fb0298cf6ca59d2709753,0f6bacd43a3175fe83877261a0ec5fecc980df8dbe1fb0298cf6ca59d2709753
data/book/7129_EN.txt,دون تغيير,6f1864c25b2860661dc48d7abc97d3eeccf6af62f620afa10e84d46245c30eca,6f1864c25b2860661dc48d7abc97d3eeccf6af62f620afa10e84d46245c30eca
data/book/7130.txt,دون تغيير,e81551194dc3b4358b8710d80a44ea7f8de5eefa9527dc2260238c936895ab47,e81551194dc3b4358b8710d80a44ea7f8de5eefa9527dc2260238c936895ab47
data/book/7130_EN.txt,دون تغيير,dc027e06c669f84646f3c59e38e5b4a7ef0697cc7b5e9d183d151d6a2577f782,dc027e06c669f84646f3c59e38e5b4a7ef0697cc7b5e9d183d151d6a2577f782
data/book/7131.txt,دون تغيير,9a823a2b99b42591b832d395f41a6208365cd3b5e624c3a8e81174de791b59fb,9a823a2b99b42591b832d395f41a6208365cd3b5e624c3a8e81174de791b59fb
data/book/7131_EN.txt,دون تغيير,c9aad0e7690c0d243b2a50bed3c925e6635f52cb5891763a42852fc76dbbe64e,c9aad0e7690c0d243b2a50bed3c925e6635f52cb5891763a42852fc76dbbe64e
data/book/7132.txt,دون تغيير,da50589883a678f5d2452beb954e332e4c73c4a9a7ea8332acfe16c0eec218f2,da50589883a678f5d2452beb954e332e4c73c4a9a7ea8332acfe16c0eec218f2
data/book/7132_EN.txt,دون تغيير,dd7e6b0cab9e29c2d4aaf3de9d1511e8b1934b4ad66deaa2f1ba274d94f94e89,dd7e6b0cab9e29c2d4aaf3de9d1511e8b1934b4ad66deaa2f1ba274d94f94e89
data/book/7133.txt,دون تغيير,20b6977f60d0dd666163728a111c21cb8e63bfc23819607e5bc53c02e22bb10c,20b6977f60d0dd666163728a111c21cb8e63bfc23819607e5bc53c02e22bb10c
data/book/7133_EN.txt,دون تغيير,bd8972a33a1b15c6c7dfbe687b4d2aff724a625999528573f54b7dc24927c55e,bd8972a33a1b15c6c7dfbe687b4d2aff724a625999528573f54b7dc24927c55e
data/book/7144.txt,دون تغيير,6c44aab9c662a3f396870d2cbb754f4f7d2b3668ff90c0ee52045f8510aea03d,6c44aab9c662a3f396870d2cbb754f4f7d2b3668ff90c0ee52045f8510aea03d
data/book/7144_EN.txt,دون تغيير,a03039490c5bcf8d33e86ab8172f08475429a2e2efdf7920a15e3d7edce46093,a03039490c5bcf8d33e86ab8172f08475429a2e2efdf7920a15e3d7edce46093
data/book/7434.txt,دون تغيير,10e84e0ad600bf1f0b29ab9354e17a00264c45a48b270937d4e906c74f444e2d,10e84e0ad600bf1f0b29ab9354e17a00264c45a48b270937d4e906c74f444e2d
data/book/7434_EN.txt,دون تغيير,8a1059f94e576c56dad33ecfd1654456c718dbec30a2a51a8f41cd4cf5de7a13,8a1059f94e576c56dad33ecfd1654456c718dbec30a2a51a8f41cd4cf5de7a13
data/book/7472.txt,دون تغيير,f0ef8765a4b3d7d24de584be125d9e33c68423eac25f4f8289885200907845ae,f0ef8765a4b3d7d24de584be125d9e33c68423eac25f4f8289885200907845ae
data/book/7472_EN.txt,دون تغيير,3e46b25075f24b6c42350c2be1008eb75a8f9933980f8025c90101570a530417,3e46b25075f24b6c42350c2be1008eb75a8f9933980f8025c90101570a530417
data/book/7473.txt,دون تغيير,5ebbdc9abb7f05b911fd5e91e1dd922910237560f33cee40314afd8bb65d64fe,5ebbdc9abb7f05b911fd5e91e1dd922910237560f33cee40314afd8bb65d64fe
data/book/7473_EN.txt,دون تغيير,5a9726a6fdc34924fa3a4c9e2b900fd863503f5e4e527c45cd148bf9c9fed350,5a9726a6fdc34924fa3a4c9e2b900fd863503f5e4e527c45cd148bf9c9fed350
data/book/7474.txt,دون تغيير,f793be31e58159e7a3ee5fbc4b1f5eb374979e925791b698efe4b51fab974c99,f793be31e58159e7a3ee5fbc4b1f5eb374979e925791b698efe4b51fab974c99
data/book/7474_EN.txt,دون تغيير,37e7723ab9a842bd5e9f5b6eba8c2238e35a9a19260a0ed73d2e31338d45c32a,37e7723ab9a842bd5e9f5b6eba8c2238e35a9a19260a0ed73d2e31338d45c32a
data/book/7475.txt,دون تغيير,748c4137f0b3e01370680670c4a14f91ddc07069d87bdf785d21c2f86930798f,748c4137f0b3e01370680670c4a14f91ddc07069d87bdf785d21c2f86930798f
data/book/7475_EN.txt,دون تغيير,3716da16f50dd9da53f5a4c393f845d9c37d3d48f021cce73354dc77b7363959,3716da16f50dd9da53f5a4c393f845d9c37d3d48f021cce73354dc77b7363959
data/book/7476.txt,دون تغيير,3a4a2c131ac836b50b2cb22a4345f129f7570995a346fc03e9363fe82447b1b7,3a4a2c131ac836b50b2cb22a4345f129f7570995a346fc03e9363fe82447b1b7
data/book/7476_EN.txt,دون تغيير,32322117670873c4c1884905256a827dd2e844ea93e5813d2fe1201640d508e8,32322117670873c4c1884905256a827dd2e844ea93e5813d2fe1201640d508e8
data/book/7477.txt,دون تغيير,6a26dad036134aa7053d8760068ba230484fafcc332e16f4f48fb4cded57c6d4,6a26dad036134aa7053d8760068ba230484fafcc332e16f4f48fb4cded57c6d4
data/book/7477_EN.txt,دون تغيير,aed96ff501aaa6a518d542d4dca1a1e1a25c93e5834cbe4aff35b5965ca2bb3f,aed96ff501aaa6a518d542d4dca1a1e1a25c93e5834cbe4aff35b5965ca2bb3f
data/book/7478.txt,دون تغيير,bc3862654a7ea8fcc8f93ca89f646f5a925c67844a79d1fdfaad44714340838c,bc3862654a7ea8fcc8f93ca89f646f5a925c67844a79d1fdfaad44714340838c
data/book/7478_EN.txt,دون تغيير,8f071092ffdd637422e85e7c3295a61c8d32ddbd063eef83cd3cf9d0a76eec5f,8f071092ffdd637422e85e7c3295a61c8d32ddbd063eef83cd3cf9d0a76eec5f
data/book/7479.txt,دون تغيير,cdb9c301de038bb3a67fdae6739c2c8d833a75cfd76a30462499d2e77bd604d1,cdb9c301de038bb3a67fdae6739c2c8d833a75cfd76a30462499d2e77bd604d1
data/book/7479_EN.txt,دون تغيير,52f5f8aefde45df67a012be2286fe36cec182ee9a8a890b1953f54d4b17e3e44,52f5f8aefde45df67a012be2286fe36cec182ee9a8a890b1953f54d4b17e3e44
data/book/7480.txt,دون تغيير,7b8b807b4f51def0f925ac16342ff84632d91b618e252c0ff97bd9f9215a49f4,7b8b807b4f51def0f925ac16342ff84632d91b618e252c0ff97bd9f9215a49f4
data/book/7480_EN.txt,دون تغيير,4a6889fb90ebabb10bb9f52af5f89c08e51482a7110cf52b7d8e776ad7391066,4a6889fb90ebabb10bb9f52af5f89c08e51482a7110cf52b7d8e776ad7391066
data/book/7481.txt,دون تغيير,78e039585e59ba67539e581dfe41f3268b6fd5bd6b7ec48ed5f6f54dd3a81dfc,78e039585e59ba67539e581dfe41f3268b6fd5bd6b7ec48ed5f6f54dd3a81dfc
data/book/7481_EN.txt,دون تغيير,fc1f5ba7de510c6c7962fdf9bd8e0e41a34f071255b62af372a7e45f58de7538,fc1f5ba7de510c6c7962fdf9bd8e0e41a34f071255b62af372a7e45f58de7538
data/book/7755.txt,دون تغيير,e42e0a92ad473fcbd17d15c7963a0191ba7f99d88074e225950136bbb2b7c998,e42e0a92ad473fcbd17d15c7963a0191ba7f99d88074e225950136bbb2b7c998
data/book/7755_EN.txt,دون تغيير,c7658a8e154dc88219fac65e920a2fb6e134fffac0f53c52dc713be33e9ed509,c7658a8e154dc88219fac65e920a2fb6e134fffac0f53c52dc713be33e9ed509
data/book/prontera bible01.txt,دون تغيير,e92410c58e7894fa07a3c605d8825fa193260993c3ea2a3bf0db5e57b2be8302,e92410c58e7894fa07a3c605d8825fa193260993c3ea2a3bf0db5e57b2be8302
data/book/prontera bible01_EN.txt,دون تغيير,506e8f1ba61f699233df69e907d1ae88e8e6b7ca9145e67bede752d9a35fa2de,506e8f1ba61f699233df69e907d1ae88e8e6b7ca9145e67bede752d9a35fa2de
data/dc_scream.txt,دون تغيير,9488f602b9ff9a11e52c49c12622e71d4d250baa920da1d09c041356d5a7ef06,9488f602b9ff9a11e52c49c12622e71d4d250baa920da1d09c041356d5a7ef06
data/dc_scream_EN.txt,دون تغيير,849359d205c5d79e3f74400019bf4b383fa99d7e858a5d8c2a07eeea49a5ba5e,849359d205c5d79e3f74400019bf4b383fa99d7e858a5d8c2a07eeea49a5ba5e
data/luafiles514/lua files/admin/pcjobname.lub,دون تغيير,6691a4716c9cc5c796aec7e12872767b841f94f0b1c89beb9ab2bd969699d013,6691a4716c9cc5c796aec7e12872767b841f94f0b1c89beb9ab2bd969699d013
data/luafiles514/lua files/admin/pcjobname_EN.lub,دون تغيير,dec9945ec6f417c8a87ec0d87d23274c80c6ad892423b6a50119a1a6fd2f2bd4,dec9945ec6f417c8a87ec0d87d23274c80c6ad892423b6a50119a1a6fd2f2bd4
data/luafiles514/lua files/admin/pcjobnamegender.lub,دون تغيير,af2043a4759ae8d0479e18c0c3cfb7e51f8656ae24dd3e32dab93a0e2164efcf,af2043a4759ae8d0479e18c0c3cfb7e51f8656ae24dd3e32dab93a0e2164efcf
data/luafiles514/lua files/admin/pcjobnamegender_EN.lub,دون تغيير,46b295bbf48e69620422d83f8163259d5057d526232dcf39f2bdecee3a35b590,46b295bbf48e69620422d83f8163259d5057d526232dcf39f2bdecee3a35b590
data/luafiles514/lua files/agit/agitconfig.lub,دون تغيير,c80291608825c07d5f018074d46d9791b64cf73d51c818c1146d84c0513dd8ee,c80291608825c07d5f018074d46d9791b64cf73d51c818c1146d84c0513dd8ee
data/luafiles514/lua files/agit/agitconfig_EN.lub,دون تغيير,894073170412f5f64fad4392321ba17c5fc7d21e2ea8eda025c2fe84c5a49fc7,894073170412f5f64fad4392321ba17c5fc7d21e2ea8eda025c2fe84c5a49fc7
data/luafiles514/lua files/battlefield/battlefieldinfo.lub,دون تغيير,80c261f5dee38e2565c0337f03b9c8f95e0f3cbfb511608164a47c4b8278751d,80c261f5dee38e2565c0337f03b9c8f95e0f3cbfb511608164a47c4b8278751d
data/luafiles514/lua files/battlefield/battlefieldinfo_EN.lub,دون تغيير,96ec447cc65003d25832f9d12bfcb7178138772550ad2558e28ea65da93ddde7,96ec447cc65003d25832f9d12bfcb7178138772550ad2558e28ea65da93ddde7
data/luafiles514/lua files/datainfo/addrandomoptionnametable.lub,دون تغيير,3d68baceaa9ac12e995035ce8aa83cdf8e4281cb6f1a15b97f81b3ab65a1b139,3d68baceaa9ac12e995035ce8aa83cdf8e4281cb6f1a15b97f81b3ab65a1b139
data/luafiles514/lua files/datainfo/addrandomoptionnametable_EN.lub,دون تغيير,16028775de2beb34ec5666082e74f6f92db32b5cef27400e20af920a73336896,16028775de2beb34ec5666082e74f6f92db32b5cef27400e20af920a73336896
data/luafiles514/lua files/datainfo/helpmsgstr.lub,دون تغيير,fe482023675752c454fbc49ab6194bdd5feacf21fa58003233eacc8fab62225f,fe482023675752c454fbc49ab6194bdd5feacf21fa58003233eacc8fab62225f
data/luafiles514/lua files/datainfo/helpmsgstr_EN.lub,دون تغيير,02f9698c4a7a9a8dc6175ce0469d7b9849fbc73807e654f7e70cf89408c2262e,02f9698c4a7a9a8dc6175ce0469d7b9849fbc73807e654f7e70cf89408c2262e
data/luafiles514/lua files/datainfo/titletable.lub,دون تغيير,51881fccaf2ee5d875a92f798e308f7c5c70fe93cc69e6be7afc209fdfdae16d,51881fccaf2ee5d875a92f798e308f7c5c70fe93cc69e6be7afc209fdfdae16d
data/luafiles514/lua files/datainfo/titletable_EN.lub,دون تغيير,3fbdfb88100ed08ba3058ec209c7d9158386650b8ec8b86027d5cc94e1092358,3fbdfb88100ed08ba3058ec209c7d9158386650b8ec8b86027d5cc94e1092358
data/luafiles514/lua files/entryqueue/entryqueuelist.lub,دون تغيير,baa80d55dbe633e789caa4b8884bc7eb6c470e92d16179534e57c33cae1aa11d,baa80d55dbe633e789caa4b8884bc7eb6c470e92d16179534e57c33cae1aa11d
data/luafiles514/lua files/entryqueue/entryqueuelist_EN.lub,دون تغيير,656e00731db96e74b7a82219e5bef281be1bc5e4e693895e771d9704ef06d07f,656e00731db96e74b7a82219e5bef281be1bc5e4e693895e771d9704ef06d07f
data/luafiles514/lua files/msgstring_kr.lub,دون تغيير,061fa352e97bd4ee52e9317eb30fcfcd7da18615dc2e3d81980a3c8f1d2d6da1,061fa352e97bd4ee52e9317eb30fcfcd7da18615dc2e3d81980a3c8f1d2d6da1
data/luafiles514/lua files/msgstring_kr_EN.lub,دون تغيير,e58ab29db98a0e7b2c92a14ec9da4f3d722b4dcbc2ed3ee9afe1394c9d10f553,e58ab29db98a0e7b2c92a14ec9da4f3d722b4dcbc2ed3ee9afe1394c9d10f553
data/luafiles514/lua files/msgstring_kr_s.lub,دون تغيير,77fa5e63215a087dacc9205fe730448cfe85dc3bcda8a61d1555c9980ea6dfbb,77fa5e63215a087dacc9205fe730448cfe85dc3bcda8a61d1555c9980ea6dfbb
data/luafiles514/lua files/msgstring_kr_s_EN.lub,دون تغيير,bfc8f2fa71c379f10a044021f63808902dcd49a9fbc4765975b4960773683678,bfc8f2fa71c379f10a044021f63808902dcd49a9fbc4765975b4960773683678
data/luafiles514/lua files/navigation/navi_link_krpri.lub,دون تغيير,6dcb9087ea9b408adff74690d59778e3b79c395c738f1bb3901b5d3317b6f8c8,6dcb9087ea9b408adff74690d59778e3b79c395c738f1bb3901b5d3317b6f8c8
data/luafiles514/lua files/navigation/navi_link_krpri_EN.lub,دون تغيير,0cc5d347e744b1d90df7a49bd41c4ee2c5cca16f90468107d301da2b231a68aa,0cc5d347e744b1d90df7a49bd41c4ee2c5cca16f90468107d301da2b231a68aa
data/luafiles514/lua files/navigation/navi_map_krpri.lub,دون تغيير,a59fdf117c42cb4802970750052bc148d272449ec195fdfccbd7f3bbc9fd369e,a59fdf117c42cb4802970750052bc148d272449ec195fdfccbd7f3bbc9fd369e
data/luafiles514/lua files/navigation/navi_map_krpri_EN.lub,دون تغيير,53ed9be3852642c802241fe68224f12be525d6f43b1621ef3524ebd2622a8a56,53ed9be3852642c802241fe68224f12be525d6f43b1621ef3524ebd2622a8a56
data/luafiles514/lua files/navigation/navi_mob_krpri.lub,دون تغيير,cfdd5fb6950c1703039a681a220659f87aea02b31863ee31307508efba5b2306,cfdd5fb6950c1703039a681a220659f87aea02b31863ee31307508efba5b2306
data/luafiles514/lua files/navigation/navi_mob_krpri_EN.lub,دون تغيير,a6f0fd9258aed09fb08729ee060a03181f392e1e1510e480190e01a4c85e63c0,a6f0fd9258aed09fb08729ee060a03181f392e1e1510e480190e01a4c85e63c0
data/luafiles514/lua files/navigation/navi_npc_krpri.lub,دون تغيير,30fdba30a532505526841ede3ab9f72fb342c1035ae5beeeaeb56a5ab6b8230f,30fdba30a532505526841ede3ab9f72fb342c1035ae5beeeaeb56a5ab6b8230f
data/luafiles514/lua files/navigation/navi_npc_krpri_EN.lub,دون تغيير,249bfa24b41d6d5d88be974f73080b362a8bcb179bb4b09d91249de80e5db5a7,249bfa24b41d6d5d88be974f73080b362a8bcb179bb4b09d91249de80e5db5a7
data/luafiles514/lua files/selectpackage/selectpackageitem.lub,دون تغيير,8b51758d166b6d5c8bb544c38d5b6fb01260009659d7ac6e87841bab31ef819c,8b51758d166b6d5c8bb544c38d5b6fb01260009659d7ac6e87841bab31ef819c
data/luafiles514/lua files/selectpackage/selectpackageitem_EN.lub,دون تغيير,f154b9337f47c47588124b3d83a6cd3a75f6f84b9ff0f17fafcb1cd65e1d781c,f154b9337f47c47588124b3d83a6cd3a75f6f84b9ff0f17fafcb1cd65e1d781c
data/luafiles514/lua files/skillinfoz/skilldescript.lub,دون تغيير,ffd89c964a230f73d0f7ee4fbf34ddfa42eb266f6857a7d50b84a051c30f04f2,ffd89c964a230f73d0f7ee4fbf34ddfa42eb266f6857a7d50b84a051c30f04f2
data/luafiles514/lua files/skillinfoz/skilldescript_EN.lub,دون تغيير,0b1ddb5de326296f305da16405bb05f2a1e83ebe82084cc99d30fc7b344a7c70,0b1ddb5de326296f305da16405bb05f2a1e83ebe82084cc99d30fc7b344a7c70
data/luafiles514/lua files/skillinfoz/skillinfolist.lub,دون تغيير,fae3451f2045a28455c018cc7b6ee15234f75dbb51c8c9bbb51e4e341becdf2b,fae3451f2045a28455c018cc7b6ee15234f75dbb51c8c9bbb51e4e341becdf2b
data/luafiles514/lua files/skillinfoz/skillinfolist_EN.lub,دون تغيير,591b370d0316f8ebc610b58d9da3d94e0d7c43b4fdd5c3da5d6ef2c0e1770789,591b370d0316f8ebc610b58d9da3d94e0d7c43b4fdd5c3da5d6ef2c0e1770789
data/luafiles514/lua files/worldviewdata/worldviewdata_language.lub,دون تغيير,961fca43ac772988f522fad66de9c3e4a634a09149fcd8a9388b4a53b9e63511,961fca43ac772988f522fad66de9c3e4a634a09149fcd8a9388b4a53b9e63511
data/luafiles514/lua files/worldviewdata/worldviewdata_language_EN.lub,دون تغيير,3c61e5c88b6c7a31403da69af9787cf9c680e1eba474ce1a4dfb8df2e739feff,3c61e5c88b6c7a31403da69af9787cf9c680e1eba474ce1a4dfb8df2e739feff
data/msgstringtable.txt,دون تغيير,1612213c43529489ce5d977ecbc38f0d38ef4e53b76bd986d03de6f60576120d,1612213c43529489ce5d977ecbc38f0d38ef4e53b76bd986d03de6f60576120d
data/msgstringtable_EN.txt,دون تغيير,3885e55f22081d455cebde7d486d217968782fe758e332a0bedd304446a61044,3885e55f22081d455cebde7d486d217968782fe758e332a0bedd304446a61044
rathena-master/db/pre-re/mob_db.yml,دون تغيير,686c45a8f23a6fa0293858e59f8e41900d4887f0f7e82d37cc11dc021048d533,686c45a8f23a6fa0293858e59f8e41900d4887f0f7e82d37cc11dc021048d533
rathena-master/db/pre-re/mob_db_en.yml,دون تغيير,4f045e32eb176c695cb11e94a68013867a437072aef0cee7438313826dc54e12,4f045e32eb176c695cb11e94a68013867a437072aef0cee7438313826dc54e12
rathena-master/npc/airports/airships.txt,دون تغيير,33fce7a67d6251c26cc44609110b860a25e0f103c92506c5de9dbb7b502a3a0a,33fce7a67d6251c26cc44609110b860a25e0f103c92506c5de9dbb7b502a3a0a
rathena-master/npc/airports/einbroch.txt,دون تغيير,6d0ae869cc59b9b871a6c963097661552896feb071a46574759841b76db8662d,6d0ae869cc59b9b871a6c963097661552896feb071a46574759841b76db8662d
rathena-master/npc/airports/hugel.txt,دون تغيير,57a9b4d47ebc65cee8478b6495c9b466c7ba2fff90ffec8657671738ac3fad68,57a9b4d47ebc65cee8478b6495c9b466c7ba2fff90ffec8657671738ac3fad68
rathena-master/npc/airports/izlude.txt,دون تغيير,70d352308056579d9e796f78091a24390104d3332300b272c0ae71e51020ade0,70d352308056579d9e796f78091a24390104d3332300b272c0ae71e51020ade0
rathena-master/npc/airports/lighthalzen.txt,دون تغيير,2f075c953f9f9516c5503ac29c942578b7eeeb9e720577f8d02fefec8238316d,2f075c953f9f9516c5503ac29c942578b7eeeb9e720577f8d02fefec8238316d
rathena-master/npc/airports/rachel.txt,دون تغيير,f6c98ba92b0c2951b7dbec8f1e8e9ffbdc1e032511e70cc10f2df1614b9610db,f6c98ba92b0c2951b7dbec8f1e8e9ffbdc1e032511e70cc10f2df1614b9610db
rathena-master/npc/airports/yuno.txt,دون تغيير,a0a1487ac77e7c7a44bb6bc351864057e875d79b7723db293653468225c7b0df,a0a1487ac77e7c7a44bb6bc351864057e875d79b7723db293653468225c7b0df
rathena-master/npc/battleground/bg_common.txt,دون تغيير,c507f09165ae176ec2525769aa3be53a23b3ff7c97440542e7700eef638ac580,c507f09165ae176ec2525769aa3be53a23b3ff7c97440542e7700eef638ac580
rathena-master/npc/battleground/flavius/flavius01.txt,دون تغيير,69960d06a3a57ea84ddaf50badc0c30bc92ba68288450377728fcd283ace2e69,69960d06a3a57ea84ddaf50badc0c30bc92ba68288450377728fcd283ace2e69
rathena-master/npc/battleground/flavius/flavius02.txt,دون تغيير,8fe2285e17a68f48a09ebfca225d3688494cb89702a12766e7e8b78d4d68fa9e,8fe2285e17a68f48a09ebfca225d3688494cb89702a12766e7e8b78d4d68fa9e
rathena-master/npc/battleground/flavius/flavius_enter.txt,دون تغيير,b2c6dddc5ce1fb012d89a7c031a4b7ba68340b9765a17999232ffaf3c8b76bba,b2c6dddc5ce1fb012d89a7c031a4b7ba68340b9765a17999232ffaf3c8b76bba
rathena-master/npc/battleground/kvm/kvm01.txt,دون تغيير,c2c8d8a69884489d2c4ad5807b10f4f4d0143906ae9a0b6e06abf6dd4b8ea2fa,c2c8d8a69884489d2c4ad5807b10f4f4d0143906ae9a0b6e06abf6dd4b8ea2fa
rathena-master/npc/battleground/kvm/kvm02.txt,دون تغيير,4ff664c2af3e0e04f20145f582f3d9909490970a30c224646dae243591e4ed2e,4ff664c2af3e0e04f20145f582f3d9909490970a30c224646dae243591e4ed2e
rathena-master/npc/battleground/kvm/kvm03.txt,دون تغيير,d8509edebed3c1127ed23246da66bcb9a3eb6c478c77828271912de10c6347dd,d8509edebed3c1127ed23246da66bcb9a3eb6c478c77828271912de10c6347dd
rathena-master/npc/battleground/kvm/kvm_enter.txt,دون تغيير,868c35dcec600a962467ca3bee809231f46de3d1b78e6c5e296dca5b09e0823d,868c35dcec600a962467ca3bee809231f46de3d1b78e6c5e296dca5b09e0823d
rathena-master/npc/battleground/kvm/kvm_item_pay.txt,دون تغيير,2f3ab4a2afb785fc69caf6a08812848034c9e734188f21fda15b3e54c8b7bb1a,2f3ab4a2afb785fc69caf6a08812848034c9e734188f21fda15b3e54c8b7bb1a
rathena-master/npc/battleground/tierra/tierra01.txt,دون تغيير,17b51f75ab2a822f3f00685cb6faa2d2ab5054e360a202e7ceb5345ee550252c,17b51f75ab2a822f3f00685cb6faa2d2ab5054e360a202e7ceb5345ee550252c
rathena-master/npc/battleground/tierra/tierra02.txt,دون تغيير,2aaa0b9e3d022794b32ba1f2fea943d0024e33c9acbed60bd013fdd6c12b9764,2aaa0b9e3d022794b32ba1f2fea943d0024e33c9acbed60bd013fdd6c12b9764
rathena-master/npc/battleground/tierra/tierra_enter.txt,دون تغيير,6186a84afd3bb86b5fea3fcb0be485889bba8908f05c946cfd1f77cf5bfb2f74,6186a84afd3bb86b5fea3fcb0be485889bba8908f05c946cfd1f77cf5bfb2f74
rathena-master/npc/cities/alberta.txt,دون تغيير,5de6795c847099273749103a35ce55096db87d993944cc5a01e272253b4527bf,5de6795c847099273749103a35ce55096db87d993944cc5a01e272253b4527bf
rathena-master/npc/cities/aldebaran.txt,دون تغيير,35613c5713816722b84f8ede998474601af50a1d7dc60252eda235aa5a8e8e59,35613c5713816722b84f8ede998474601af50a1d7dc60252eda235aa5a8e8e59
rathena-master/npc/cities/amatsu.txt,دون تغيير,a9af97057d637453190399bf0531ac1155ba77f6fbeda96e872fbaedb8afb2a4,a9af97057d637453190399bf0531ac1155ba77f6fbeda96e872fbaedb8afb2a4
rathena-master/npc/cities/ayothaya.txt,دون تغيير,e9d90f0af6cbd5ea92d49bf1a9cf4a358652830c808bd9ed457b82422eae4560,e9d90f0af6cbd5ea92d49bf1a9cf4a358652830c808bd9ed457b82422eae4560
rathena-master/npc/cities/brasilis.txt,دون تغيير,b3edf18c2fbe9dd35cdfe5ed4b0e4ad8aef2e5561ca1d8c7eafae5a43a84aa38,b3edf18c2fbe9dd35cdfe5ed4b0e4ad8aef2e5561ca1d8c7eafae5a43a84aa38
rathena-master/npc/cities/comodo.txt,دون تغيير,a5975f04d40fad90c572edf5ddb516ba1768c4b693368c57935d5c37ce99a2b6,a5975f04d40fad90c572edf5ddb516ba1768c4b693368c57935d5c37ce99a2b6
rathena-master/npc/cities/einbech.txt,دون تغيير,06a9a5a99c45eeb26b4a90800b7dd04cfa84b99c48fccaec76b1962064671940,06a9a5a99c45eeb26b4a90800b7dd04cfa84b99c48fccaec76b1962064671940
rathena-master/npc/cities/einbroch.txt,دون تغيير,52b58ef47b971b404de0483d1f25710249366d83d8e7c0b9b98481934a93e089,52b58ef47b971b404de0483d1f25710249366d83d8e7c0b9b98481934a93e089
rathena-master/npc/cities/geffen.txt,دون تغيير,f62ae36d7092128569a26036601de1134b141c46c76c85ce247108bae5758933,f62ae36d7092128569a26036601de1134b141c46c76c85ce247108bae5758933
rathena-master/npc/cities/gonryun.txt,دون تغيير,3fca9a48a69791c16017a1c51035ead144736d5b226e29be7ee35b75bc7b0bfd,3fca9a48a69791c16017a1c51035ead144736d5b226e29be7ee35b75bc7b0bfd
rathena-master/npc/cities/hugel.txt,دون تغيير,9b1e743c4fdfc202209c7fce87dfcc10ba10fa94f8c34f8587a1124a3637483b,9b1e743c4fdfc202209c7fce87dfcc10ba10fa94f8c34f8587a1124a3637483b
rathena-master/npc/cities/izlude.txt,دون تغيير,8ed6386b0824795eeb03216bc5e4ee8acedcba06369cdb7e29a00411276e3e08,8ed6386b0824795eeb03216bc5e4ee8acedcba06369cdb7e29a00411276e3e08
rathena-master/npc/cities/jawaii.txt,دون تغيير,8098f66a5e5f563e61470a031b26814a0cb2bef7a44a15c5e38e7c6e9fa43728,8098f66a5e5f563e61470a031b26814a0cb2bef7a44a15c5e38e7c6e9fa43728
rathena-master/npc/cities/lighthalzen.txt,دون تغيير,5e1a06c3b38f50b79dad0b199252cc849064ca858ea55c51b64347dfcdf024f3,5e1a06c3b38f50b79dad0b199252cc849064ca858ea55c51b64347dfcdf024f3
rathena-master/npc/cities/louyang.txt,دون تغيير,804cf466c50f24345cd7c7234d72e9015805233bf92eba4880f2057e2cb9dfb6,804cf466c50f24345cd7c7234d72e9015805233bf92eba4880f2057e2cb9dfb6
rathena-master/npc/cities/lutie.txt,دون تغيير,54bf28dd69f4927e5729ea4e3f5469c045b8c250e4aab8856ba379d9a63c41ad,54bf28dd69f4927e5729ea4e3f5469c045b8c250e4aab8856ba379d9a63c41ad
rathena-master/npc/cities/manuk.txt,دون تغيير,b142b2d267695647f952a2f536ae2d68ed721843201658821e2ccb95ea2590f4,b142b2d267695647f952a2f536ae2d68ed721843201658821e2ccb95ea2590f4
rathena-master/npc/cities/morocc.txt,دون تغيير,14bf35e6fd579900b3b349ad3c63e330c7d938da8cc29d4fba92f1cd46a19c86,14bf35e6fd579900b3b349ad3c63e330c7d938da8cc29d4fba92f1cd46a19c86
rathena-master/npc/cities/moscovia.txt,دون تغيير,300d87924255af6d4d9858967bbce64f600e67734fae56af43dd96f4aaa00b9e,300d87924255af6d4d9858967bbce64f600e67734fae56af43dd96f4aaa00b9e
rathena-master/npc/cities/niflheim.txt,دون تغيير,0704834467f402a0213ca10925105b0ffa68d328767fe91ff7d710cd1848c72c,0704834467f402a0213ca10925105b0ffa68d328767fe91ff7d710cd1848c72c
rathena-master/npc/cities/payon.txt,دون تغيير,d797465aba96225b113098c9c3d8ce282e372319fba949de2725c733f880b6b0,d797465aba96225b113098c9c3d8ce282e372319fba949de2725c733f880b6b0
rathena-master/npc/cities/prontera.txt,دون تغيير,6d6bb2d55bce865eaaf38b8feeefa3ff152bbf812b8761f39e375fae8a75de5c,6d6bb2d55bce865eaaf38b8feeefa3ff152bbf812b8761f39e375fae8a75de5c
rathena-master/npc/cities/rachel.txt,دون تغيير,9165d470dfa457ad65ac7ea47b255d8483a78a75b9276ac86bae15479f4841c3,9165d470dfa457ad65ac7ea47b255d8483a78a75b9276ac86bae15479f4841c3
rathena-master/npc/cities/splendide.txt,دون تغيير,a9175a3dd80eaf2dda321d3e5ae90e3ff45c94aae358a371c173e2208b5c93a7,a9175a3dd80eaf2dda321d3e5ae90e3ff45c94aae358a371c173e2208b5c93a7
rathena-master/npc/cities/umbala.txt,دون تغيير,a3c29193add398d2f4605c8616c8f1f7c45cce423268ad454ead260bb6703831,a3c29193add398d2f4605c8616c8f1f7c45cce423268ad454ead260bb6703831
rathena-master/npc/cities/veins.txt,دون تغيير,0c04ac2d5812f987fd23d9c2f12cb8ee01c4e0d9713598d5210d6b774b6f3976,0c04ac2d5812f987fd23d9c2f12cb8ee01c4e0d9713598d5210d6b774b6f3976
rathena-master/npc/cities/yuno.txt,دون تغيير,29be1fbb7929f0786ec7bf2eff4766e004b53b44815c93568bcae97fc9f914b4,29be1fbb7929f0786ec7bf2eff4766e004b53b44815c93568bcae97fc9f914b4
rathena-master/npc/guild/agit_controller.txt,دون تغيير,81ce0e91cff9f85490fae7edd80e33884d5e971db9d55b3dc7ba14f03b39e697,81ce0e91cff9f85490fae7edd80e33884d5e971db9d55b3dc7ba14f03b39e697
rathena-master/npc/guild/agit_main.txt,دون تغيير,ed284a7996679d09c082cb001142f4d77015ef7603a1e21db567bc126f41cab4,ed284a7996679d09c082cb001142f4d77015ef7603a1e21db567bc126f41cab4
rathena-master/npc/guild/aldeg_cas01.txt,دون تغيير,d1abee6542fd6bf4f58938d3a68ac99a808e25133860b9a5330942775e3bbfbf,d1abee6542fd6bf4f58938d3a68ac99a808e25133860b9a5330942775e3bbfbf
rathena-master/npc/guild/aldeg_cas02.txt,دون تغيير,dfbef12160fad8842ff92d4d53660911e69866263b57414d19dbcb4cf5c90605,dfbef12160fad8842ff92d4d53660911e69866263b57414d19dbcb4cf5c90605
rathena-master/npc/guild/aldeg_cas03.txt,دون تغيير,dfbadd10ee2ec56917651e5364fb931f61757c5ce93fd98d1f82aba71a473794,dfbadd10ee2ec56917651e5364fb931f61757c5ce93fd98d1f82aba71a473794
rathena-master/npc/guild/aldeg_cas04.txt,دون تغيير,e181901e22869366a0e883faff02ef4c078f5733395e5aeb37c835df5fe9f6bc,e181901e22869366a0e883faff02ef4c078f5733395e5aeb37c835df5fe9f6bc
rathena-master/npc/guild/aldeg_cas05.txt,دون تغيير,8068d7aa83e25628c4f3aad27f228eb29c2c991c492bdaa19a95feba1599f227,8068d7aa83e25628c4f3aad27f228eb29c2c991c492bdaa19a95feba1599f227
rathena-master/npc/guild/gefg_cas01.txt,دون تغيير,d18646911685f840b22ef59c234a1bdbf46ba36b99aa59c29014d12638d314b1,d18646911685f840b22ef59c234a1bdbf46ba36b99aa59c29014d12638d314b1
rathena-master/npc/guild/gefg_cas02.txt,دون تغيير,b66d39a7a761c18a39e6b688f682f48f9dc8fe6ca03abca8eb97c83afc8f889d,b66d39a7a761c18a39e6b688f682f48f9dc8fe6ca03abca8eb97c83afc8f889d
rathena-master/npc/guild/gefg_cas03.txt,دون تغيير,ef86ae61e49984e118670ef41aa32125cadf0160f3d713d14c5cc85251b6f996,ef86ae61e49984e118670ef41aa32125cadf0160f3d713d14c5cc85251b6f996
rathena-master/npc/guild/gefg_cas04.txt,دون تغيير,e5a34e3a36f5ea0a5124277e63caa004129a602c083758a683c3c7d5229a8400,e5a34e3a36f5ea0a5124277e63caa004129a602c083758a683c3c7d5229a8400
rathena-master/npc/guild/gefg_cas05.txt,دون تغيير,d559a502030b273d88592743e743889e86651533c0f70628e71b3ae6615ac873,d559a502030b273d88592743e743889e86651533c0f70628e71b3ae6615ac873
rathena-master/npc/guild/payg_cas01.txt,دون تغيير,ec92ac013720f5f0b2e0141acab7b4ade930dec9abd4e74de85560c32e72cfab,ec92ac013720f5f0b2e0141acab7b4ade930dec9abd4e74de85560c32e72cfab
rathena-master/npc/guild/payg_cas02.txt,دون تغيير,9f8860905850787b27db9afa43f54f2b329f1fc8088ad418e0ca0756153789bd,9f8860905850787b27db9afa43f54f2b329f1fc8088ad418e0ca0756153789bd
rathena-master/npc/guild/payg_cas03.txt,دون تغيير,237b679d5aa51aabd589ac1e23006ed2df98e2f5f576aa7cd7c871602c645117,237b679d5aa51aabd589ac1e23006ed2df98e2f5f576aa7cd7c871602c645117
rathena-master/npc/guild/payg_cas04.txt,دون تغيير,aee6bac47ca7db8895818cd989ec7fbb443a92726eb9e21208106a32f5c8b67a,aee6bac47ca7db8895818cd989ec7fbb443a92726eb9e21208106a32f5c8b67a
rathena-master/npc/guild/payg_cas05.txt,دون تغيير,f6c800b852520bec87029549848f5cf2b520bbd54b4b629c99e71694df6848f9,f6c800b852520bec87029549848f5cf2b520bbd54b4b629c99e71694df6848f9
rathena-master/npc/guild/prtg_cas01.txt,دون تغيير,ad092beb060f9d2d3524bd4d39bfa96fca363df5462e492b4300bbb7394700d7,ad092beb060f9d2d3524bd4d39bfa96fca363df5462e492b4300bbb7394700d7
rathena-master/npc/guild/prtg_cas02.txt,دون تغيير,bc7eafd57c36060d1d40eb7e2e9e5a52510727d52bdec0284cfc4084febb10af,bc7eafd57c36060d1d40eb7e2e9e5a52510727d52bdec0284cfc4084febb10af
rathena-master/npc/guild/prtg_cas03.txt,دون تغيير,a7006a1cb3c58024d151f45993b2096014edbd050d7e6a84d677a443db1246ba,a7006a1cb3c58024d151f45993b2096014edbd050d7e6a84d677a443db1246ba
rathena-master/npc/guild/prtg_cas04.txt,دون تغيير,15fa662b5680906343fadf9e93b7482297d08434a8dced47a1007680d0ee3f0d,15fa662b5680906343fadf9e93b7482297d08434a8dced47a1007680d0ee3f0d
rathena-master/npc/guild/prtg_cas05.txt,دون تغيير,59779e478676d13d87a7d8e11a74d20dca306954215fe572bca38c0b3b4f3565,59779e478676d13d87a7d8e11a74d20dca306954215fe572bca38c0b3b4f3565
rathena-master/npc/guild/trs_rp.txt,دون تغيير,6c098586f997de1e32bc4c40be9f5c72606a5fb9e692c284aaa3dab21d45bf62,6c098586f997de1e32bc4c40be9f5c72606a5fb9e692c284aaa3dab21d45bf62
rathena-master/npc/guild2/agit_main_se.txt,دون تغيير,128b478715a62602f71b5240841ad9b711039c304991a6100c90831ea7eae441,128b478715a62602f71b5240841ad9b711039c304991a6100c90831ea7eae441
rathena-master/npc/guild2/agit_start_se.txt,دون تغيير,3b506ad1a28b04a0312931886ad261201b2892180f19406880505618f245ca3c,3b506ad1a28b04a0312931886ad261201b2892180f19406880505618f245ca3c
rathena-master/npc/guild2/arug_cas01.txt,دون تغيير,7f2922a4372fd1ee5c676480b4dd3086b38e0ffdf134839c8e170a54cbb5840c,7f2922a4372fd1ee5c676480b4dd3086b38e0ffdf134839c8e170a54cbb5840c
rathena-master/npc/guild2/arug_cas02.txt,دون تغيير,7fec7b9a4bc490c9fa951339580ee4c9f925a8d5ed549fcb88b85644045954e6,7fec7b9a4bc490c9fa951339580ee4c9f925a8d5ed549fcb88b85644045954e6
rathena-master/npc/guild2/arug_cas03.txt,دون تغيير,a8c03d2cff64840e6073784f51320aa1af901a75f08b1325676f4ba4ecbc54c6,a8c03d2cff64840e6073784f51320aa1af901a75f08b1325676f4ba4ecbc54c6
rathena-master/npc/guild2/arug_cas04.txt,دون تغيير,871e2d3f29dc6cecaaa7775e5e96f89dc99f32a781b7417dafc3d7effb9f1393,871e2d3f29dc6cecaaa7775e5e96f89dc99f32a781b7417dafc3d7effb9f1393
rathena-master/npc/guild2/arug_cas05.txt,دون تغيير,e82f37c529e3ba39e230e12b7d5e887476e07334ae03bc2f482363625342708a,e82f37c529e3ba39e230e12b7d5e887476e07334ae03bc2f482363625342708a
rathena-master/npc/guild2/guild_flags.txt,دون تغيير,c4f6bf548fc089b63248acdd8ba82a56456634e10d0d2326bb310926cdbf5b82,c4f6bf548fc089b63248acdd8ba82a56456634e10d0d2326bb310926cdbf5b82
rathena-master/npc/guild2/schg_cas01.txt,دون تغيير,e179e71e1a17ef4ada7441d870ea7d3aaf737948816bb9d76f9cf852d553a4d3,e179e71e1a17ef4ada7441d870ea7d3aaf737948816bb9d76f9cf852d553a4d3
rathena-master/npc/guild2/schg_cas02.txt,دون تغيير,6c5beb41592bde4a6f30c9f0611457469dd4ed849796662d99ebddc2a19734a2,6c5beb41592bde4a6f30c9f0611457469dd4ed849796662d99ebddc2a19734a2
rathena-master/npc/guild2/schg_cas03.txt,دون تغيير,466c787ab8f87a92290b0039954b1874b3f521c9b9ebacf7eade28ea073b6b5f,466c787ab8f87a92290b0039954b1874b3f521c9b9ebacf7eade28ea073b6b5f
rathena-master/npc/guild2/schg_cas04.txt,دون تغيير,a29e6f7369a9943192cb104a507dbfb75ce5f227dce75deb261a09e17ab23ae6,a29e6f7369a9943192cb104a507dbfb75ce5f227dce75deb261a09e17ab23ae6
rathena-master/npc/guild2/schg_cas05.txt,دون تغيير,f53ac3161b3863f0b1e30cee8c76ae28a5975e617c69e94c04ac3f0d3ea94c67,f53ac3161b3863f0b1e30cee8c76ae28a5975e617c69e94c04ac3f0d3ea94c67
rathena-master/npc/instances/EndlessTower.txt,دون تغيير,a2b68812ae94b1dcd745bf1d9c659b022c7e78efd7c90df91ddadeefa59282e7,a2b68812ae94b1dcd745bf1d9c659b022c7e78efd7c90df91ddadeefa59282e7
rathena-master/npc/instances/NydhoggsNest.txt,دون تغيير,dcbb8f92b6094ce6c42ee365841b7ad97789ed39347a2cdff9a6b17274c5d635,dcbb8f92b6094ce6c42ee365841b7ad97789ed39347a2cdff9a6b17274c5d635
rathena-master/npc/instances/OrcsMemory.txt,دون تغيير,50bac3cdfb519cbac42a3359c6efe6ef39a62991c251ac71b81ed0fbcd43aac5,50bac3cdfb519cbac42a3359c6efe6ef39a62991c251ac71b81ed0fbcd43aac5
rathena-master/npc/instances/SealedShrine.txt,دون تغيير,ddb22c1e5a380f1ba505fbbbf788735daf77dfa8c12e20c9ca6b5e9ad09e608f,ddb22c1e5a380f1ba505fbbbf788735daf77dfa8c12e20c9ca6b5e9ad09e608f
rathena-master/npc/jobs/1-1e/gunslinger.txt,دون تغيير,290c82c5ebb320d2ef7c6a7bb1f534addf229c25ab8bba9b1e8029ab2425407d,290c82c5ebb320d2ef7c6a7bb1f534addf229c25ab8bba9b1e8029ab2425407d
rathena-master/npc/jobs/1-1e/ninja.txt,دون تغيير,259760f25bddde8cda92cde53cdf5689c740d5a024321312d9a61d2bcc2871ac,259760f25bddde8cda92cde53cdf5689c740d5a024321312d9a61d2bcc2871ac
rathena-master/npc/jobs/1-1e/taekwon.txt,دون تغيير,0a978c82a6e0f3ab974c821e3e8de90a9b8433869fa7e755af57f14466043603,0a978c82a6e0f3ab974c821e3e8de90a9b8433869fa7e755af57f14466043603
rathena-master/npc/jobs/2-1/assassin.txt,دون تغيير,65b8600688b33c078d8ec6e8985923f415fe0aac317830c6c56a0d3b88b1a1bc,65b8600688b33c078d8ec6e8985923f415fe0aac317830c6c56a0d3b88b1a1bc
rathena-master/npc/jobs/2-1/blacksmith.txt,دون تغيير,26205953f46aa5601488844a9df44fe78d6d3908792a76b0fa3a751512359a3c,26205953f46aa5601488844a9df44fe78d6d3908792a76b0fa3a751512359a3c
rathena-master/npc/jobs/2-1/hunter.txt,دون تغيير,f8786fc4477622f92f828a49a2fffe29ca36a15dc0fb6c3a5ba336076bd04388,f8786fc4477622f92f828a49a2fffe29ca36a15dc0fb6c3a5ba336076bd04388
rathena-master/npc/jobs/2-1/knight.txt,دون تغيير,f4be0f8a3db47169a1bc2efb4bc3d023d37dd22c56afc0d6f81ccaad3ac75453,f4be0f8a3db47169a1bc2efb4bc3d023d37dd22c56afc0d6f81ccaad3ac75453
rathena-master/npc/jobs/2-1/priest.txt,دون تغيير,98293e23d024b0d60dbfdb90a1086533ea34bd33dc4e41834585a8d73b4856fa,98293e23d024b0d60dbfdb90a1086533ea34bd33dc4e41834585a8d73b4856fa
rathena-master/npc/jobs/2-1/wizard.txt,دون تغيير,4219a88c050f126e09e12d435f445effbde3dc68e040c82b6ca3e1b5f2b872b6,4219a88c050f126e09e12d435f445effbde3dc68e040c82b6ca3e1b5f2b872b6
rathena-master/npc/jobs/2-1a/AssassinCross.txt,دون تغيير,957092855b1faca6249346fe27c1c08833f340054637ea56b7514b8bb87183b3,957092855b1faca6249346fe27c1c08833f340054637ea56b7514b8bb87183b3
rathena-master/npc/jobs/2-1a/HighPriest.txt,دون تغيير,3725056b3404852b2284248c7ca19ddbd180e853aa539f1389793522b8dc21f9,3725056b3404852b2284248c7ca19ddbd180e853aa539f1389793522b8dc21f9
rathena-master/npc/jobs/2-1a/HighWizard.txt,دون تغيير,a8639429f0853c64b382cb0e54e8460df9b3375b8dcb372dec714401248b60dd,a8639429f0853c64b382cb0e54e8460df9b3375b8dcb372dec714401248b60dd
rathena-master/npc/jobs/2-1a/LordKnight.txt,دون تغيير,7482a1548b18a4d47b1328dbb0aec4f6b4655fcfb44b3e182ec488b874e0c66b,7482a1548b18a4d47b1328dbb0aec4f6b4655fcfb44b3e182ec488b874e0c66b
rathena-master/npc/jobs/2-1a/Sniper.txt,دون تغيير,8b45d0ee283a18c95b83eb8abc39e510eadd4888d598c83125ddf686038e3ce6,8b45d0ee283a18c95b83eb8abc39e510eadd4888d598c83125ddf686038e3ce6
rathena-master/npc/jobs/2-1a/WhiteSmith.txt,دون تغيير,47b197b30b2f25af746826853b4db02e4b4ed01b27268192eadeb9d4b0f7e06a,47b197b30b2f25af746826853b4db02e4b4ed01b27268192eadeb9d4b0f7e06a
rathena-master/npc/jobs/2-1e/StarGladiator.txt,دون تغيير,3c56f61f3614ed4e2c8100102de8b6c4011eb7032eaf523fee961261d5b345db,3c56f61f3614ed4e2c8100102de8b6c4011eb7032eaf523fee961261d5b345db
rathena-master/npc/jobs/2-2/alchemist.txt,دون تغيير,18c90f0610697706fdb09c13ff6a5720c313d01c4c93d8942efd12cb216a7b6c,18c90f0610697706fdb09c13ff6a5720c313d01c4c93d8942efd12cb216a7b6c
rathena-master/npc/jobs/2-2/bard.txt,دون تغيير,a60db3ad482562cd15f7f8d7a47cd4d0e6ff0e3fd3fb2016d87616544d5912b0,a60db3ad482562cd15f7f8d7a47cd4d0e6ff0e3fd3fb2016d87616544d5912b0
rathena-master/npc/jobs/2-2/crusader.txt,دون تغيير,4d0d9491f98570bb2d8b61fe9325d2263e468d51aff4ef005c3bc8d263a3bf06,4d0d9491f98570bb2d8b61fe9325d2263e468d51aff4ef005c3bc8d263a3bf06
rathena-master/npc/jobs/2-2/dancer.txt,دون تغيير,668776d767f2837fc6291449cdd604992266fc4d22bce19972791f65c9e4938d,668776d767f2837fc6291449cdd604992266fc4d22bce19972791f65c9e4938d
rathena-master/npc/jobs/2-2/monk.txt,دون تغيير,b7ef9b0854f10cc2b6c224f18c5c340e51861b4adbc2b22d824c355f416c1772,b7ef9b0854f10cc2b6c224f18c5c340e51861b4adbc2b22d824c355f416c1772
rathena-master/npc/jobs/2-2/rogue.txt,دون تغيير,80761df3e11ddcf9712ed32ff4c9b54f53b5380b860571c1b44ce1c734f9a0d0,80761df3e11ddcf9712ed32ff4c9b54f53b5380b860571c1b44ce1c734f9a0d0
rathena-master/npc/jobs/2-2/sage.txt,دون تغيير,ed9fef09356b524e9ae67ccda44f5efa0a9300a2ff36feaece4dc4d3fe797e3f,ed9fef09356b524e9ae67ccda44f5efa0a9300a2ff36feaece4dc4d3fe797e3f
rathena-master/npc/jobs/2-2a/Champion.txt,دون تغيير,5d2610b9d5054006f3f4d2333fb6256e1fb94fdbbd628c547cddf974ed509b2e,5d2610b9d5054006f3f4d2333fb6256e1fb94fdbbd628c547cddf974ed509b2e
rathena-master/npc/jobs/2-2a/Clown.txt,دون تغيير,045d1a1cbfbfc0570a4ca310a6ab60e3da678a24a1d35f36b91df74fed33ce8e,045d1a1cbfbfc0570a4ca310a6ab60e3da678a24a1d35f36b91df74fed33ce8e
rathena-master/npc/jobs/2-2a/Creator.txt,دون تغيير,1d7a3c80198d353fff60f2c4467e63936b4216d8763f3a23afbe62ccb5e2b6dd,1d7a3c80198d353fff60f2c4467e63936b4216d8763f3a23afbe62ccb5e2b6dd
rathena-master/npc/jobs/2-2a/Gypsy.txt,دون تغيير,49065e2d1fba5ec141410761ae86519a7537fb3ba2829427fdb952ea1ec95c2f,49065e2d1fba5ec141410761ae86519a7537fb3ba2829427fdb952ea1ec95c2f
rathena-master/npc/jobs/2-2a/Paladin.txt,دون تغيير,26817b67766a84960240e3c3b345a7bc049dc4722c2abd4e11f0f48b904f0bd8,26817b67766a84960240e3c3b345a7bc049dc4722c2abd4e11f0f48b904f0bd8
rathena-master/npc/jobs/2-2a/Professor.txt,دون تغيير,a23de7cd5cbae2e45aee81ae5ef428294e7532821076ae52cadad7cf70c8a6a7,a23de7cd5cbae2e45aee81ae5ef428294e7532821076ae52cadad7cf70c8a6a7
rathena-master/npc/jobs/2-2a/Stalker.txt,دون تغيير,0796d28ba1d58b4e45d1dce9e3f7ba76f4e8799df667e3c03aafcd0f5499da78,0796d28ba1d58b4e45d1dce9e3f7ba76f4e8799df667e3c03aafcd0f5499da78
rathena-master/npc/jobs/2-2e/SoulLinker.txt,دون تغيير,5c87b77e3b05448046b4f6a31a91c3d045cc7edc54d5bfe71b2372823ee96f64,5c87b77e3b05448046b4f6a31a91c3d045cc7edc54d5bfe71b2372823ee96f64
rathena-master/npc/jobs/novice/supernovice.txt,دون تغيير,19bc1f229bdef5eaccb01d7f50e1d62f5da435ae19d59a8a99591ff13e918b05,19bc1f229bdef5eaccb01d7f50e1d62f5da435ae19d59a8a99591ff13e918b05
rathena-master/npc/jobs/valkyrie.txt,دون تغيير,17b2151df1a969cd7abbff8b8601e45dbde63b40ed86899102baccbc1625b300,17b2151df1a969cd7abbff8b8601e45dbde63b40ed86899102baccbc1625b300
rathena-master/npc/kafras/cool_event_corp.txt,دون تغيير,1d9d4caa3e63f450c29832621efb205715e768e4b964cf17d166588b7d6d20e1,1d9d4caa3e63f450c29832621efb205715e768e4b964cf17d166588b7d6d20e1
rathena-master/npc/kafras/dts_warper.txt,دون تغيير,02600e05a2d4abc5d1dd0c34970f36276a30d578fab4dd91e9740a3ff7920198,02600e05a2d4abc5d1dd0c34970f36276a30d578fab4dd91e9740a3ff7920198
rathena-master/npc/kafras/functions_kafras.txt,دون تغيير,18d296386dca7d196aca829f9ccea18e72f22dc413fa7dd9eb6dd32cd04df532,18d296386dca7d196aca829f9ccea18e72f22dc413fa7dd9eb6dd32cd04df532
rathena-master/npc/kafras/kafras.txt,دون تغيير,d8bd332c033903440ac84e1d39405b447f36ea554f76c377a293e87b5052bc4b,d8bd332c033903440ac84e1d39405b447f36ea554f76c377a293e87b5052bc4b
rathena-master/npc/mapflag/battleground.txt,دون تغيير,11108b2d06ab9c4b02ab3a83352e7bf5f1200835307c6c7d37da7eaa08c40a9c,11108b2d06ab9c4b02ab3a83352e7bf5f1200835307c6c7d37da7eaa08c40a9c
rathena-master/npc/mapflag/gvg.txt,دون تغيير,ee14f9ac2c976daa112f044c9af1a06add8ca37db7eaeb62ecfb5eb49778d10e,ee14f9ac2c976daa112f044c9af1a06add8ca37db7eaeb62ecfb5eb49778d10e
rathena-master/npc/mapflag/gvg_noparty.txt,دون تغيير,0fcf3519efc3387a4f09aca5b98f245a4d9b419667f9154d33a49b3f44e5ab11,0fcf3519efc3387a4f09aca5b98f245a4d9b419667f9154d33a49b3f44e5ab11
rathena-master/npc/mapflag/hidemobhpbar.txt,دون تغيير,07af2500f2035eb7a48c1e6bfead835bfb378d4715e06c2973a744ddb6d472dc,07af2500f2035eb7a48c1e6bfead835bfb378d4715e06c2973a744ddb6d472dc
rathena-master/npc/mapflag/jail.txt,دون تغيير,840bc7ee282a99c079b3152559a3b829a3593df6e2efb8b77e6d9b6cc3905c94,840bc7ee282a99c079b3152559a3b829a3593df6e2efb8b77e6d9b6cc3905c94
rathena-master/npc/mapflag/night.txt,دون تغيير,c60a033c28e9080eee2e485e1f8babdb9ebffd1ccd6d3056c96ff9a23992bfed,c60a033c28e9080eee2e485e1f8babdb9ebffd1ccd6d3056c96ff9a23992bfed
rathena-master/npc/mapflag/nightmare.txt,دون تغيير,33c6f4b08d69c65297f4c33a660f223ebcc074233bf31262135c57a9b218252a,33c6f4b08d69c65297f4c33a660f223ebcc074233bf31262135c57a9b218252a
rathena-master/npc/mapflag/nobranch.txt,دون تغيير,692e0266fb8cab5f798788626824efe123af71d1a059a3cb82923563d46c1c99,692e0266fb8cab5f798788626824efe123af71d1a059a3cb82923563d46c1c99
rathena-master/npc/mapflag/nocostume.txt,دون تغيير,0bf5c352e623387cb260739cd4027164a3c6d3df022832789f41bb50c98eac26,0bf5c352e623387cb260739cd4027164a3c6d3df022832789f41bb50c98eac26
rathena-master/npc/mapflag/nodynamicnpc.txt,دون تغيير,56d0a3787b9263c4e88f63ef722eb6b865f25a8a7c9bc37ce72cb361b6ccb2f3,56d0a3787b9263c4e88f63ef722eb6b865f25a8a7c9bc37ce72cb361b6ccb2f3
rathena-master/npc/mapflag/noicewall.txt,دون تغيير,944f7165005e53be4262414da19662e0470a3fec7aef86c68c01b4b5257ec389,944f7165005e53be4262414da19662e0470a3fec7aef86c68c01b4b5257ec389
rathena-master/npc/mapflag/nomemo.txt,دون تغيير,ffebdf80d1a9b4c2b00e07e162d0f3b3e9136e21bba205093ec27a1ce3ddfa42,ffebdf80d1a9b4c2b00e07e162d0f3b3e9136e21bba205093ec27a1ce3ddfa42
rathena-master/npc/mapflag/nopenalty.txt,دون تغيير,9262265a80ee656f5ae5226875a59820d4917f69be9b34325ad2a45b3ec0ac0f,9262265a80ee656f5ae5226875a59820d4917f69be9b34325ad2a45b3ec0ac0f
rathena-master/npc/mapflag/nopvp.txt,دون تغيير,9737bb3531ada2c6d72defd1832baf26d8e32f86f82e3d4e668220509c80f66e,9737bb3531ada2c6d72defd1832baf26d8e32f86f82e3d4e668220509c80f66e
rathena-master/npc/mapflag/noreturn.txt,دون تغيير,6d9083df7bb62d7a9477eb404e17b7d9cb5e909e7309095f214da77d95cc7920,6d9083df7bb62d7a9477eb404e17b7d9cb5e909e7309095f214da77d95cc7920
rathena-master/npc/mapflag/nosave.txt,دون تغيير,36d90adc5085c16cee1f9066bd77961ff059c6b9f7797ed315c573d00a328925,36d90adc5085c16cee1f9066bd77961ff059c6b9f7797ed315c573d00a328925
rathena-master/npc/mapflag/noskill.txt,دون تغيير,9a46ea1bdb7f7f1f889d24af3962daf7a5e086155a4ec9da0ab34b53ea64aa63,9a46ea1bdb7f7f1f889d24af3962daf7a5e086155a4ec9da0ab34b53ea64aa63
rathena-master/npc/mapflag/noteleport.txt,دون تغيير,00c5b4e2358832a7949a80f3ce1b9b6eea16db3b7a90b566b7750dd35a98f1cf,00c5b4e2358832a7949a80f3ce1b9b6eea16db3b7a90b566b7750dd35a98f1cf
rathena-master/npc/mapflag/nowarp.txt,دون تغيير,f414de43c9064f261d99c40b2a637e07021392110e919ef388ce75a1aea6d6e8,f414de43c9064f261d99c40b2a637e07021392110e919ef388ce75a1aea6d6e8
rathena-master/npc/mapflag/nowarpto.txt,دون تغيير,fb890ab55c25a67b160e140ea0a72a966061d1614cb4f5e893ffc181891217ff,fb890ab55c25a67b160e140ea0a72a966061d1614cb4f5e893ffc181891217ff
rathena-master/npc/mapflag/partylock.txt,دون تغيير,eaa504947d3f65a210c8739c3c8d0d18a367a3f8651e88b503156a4c5fcd1f6c,eaa504947d3f65a210c8739c3c8d0d18a367a3f8651e88b503156a4c5fcd1f6c
rathena-master/npc/mapflag/pvp.txt,دون تغيير,e81e56b270b5b2205ef90d8004db77d2cbbd6e5e4f9d82029c992cf349106047,e81e56b270b5b2205ef90d8004db77d2cbbd6e5e4f9d82029c992cf349106047
rathena-master/npc/mapflag/pvp_noguild.txt,دون تغيير,46312c9ebe738d574132fa44ab99c977dc7b6f9359d6eb5fa0ea9e67b6f0a3e0,46312c9ebe738d574132fa44ab99c977dc7b6f9359d6eb5fa0ea9e67b6f0a3e0
rathena-master/npc/mapflag/pvp_noparty.txt,دون تغيير,7e194f7698ecf1d1212819e1ad9c24a8718d3c97cec17685ef4f38645b8d8664,7e194f7698ecf1d1212819e1ad9c24a8718d3c97cec17685ef4f38645b8d8664
rathena-master/npc/mapflag/reset.txt,دون تغيير,d1744b70ec04eca5aa7ea28bbb58d13ef71ee5c1b3729702c6a93233414a69a5,d1744b70ec04eca5aa7ea28bbb58d13ef71ee5c1b3729702c6a93233414a69a5
rathena-master/npc/mapflag/restricted.txt,دون تغيير,3978a4abcf45b10594ebc937c94c7b66357f5fe61ffc05a1efad6f87b90711ea,3978a4abcf45b10594ebc937c94c7b66357f5fe61ffc05a1efad6f87b90711ea
rathena-master/npc/mapflag/skill_damage.txt,دون تغيير,2f88cb2fe9b809f74a88cfb1b75c0fa63a3dfccf66607e8de49d9cfba076bbce,2f88cb2fe9b809f74a88cfb1b75c0fa63a3dfccf66607e8de49d9cfba076bbce
rathena-master/npc/mapflag/skill_duration.txt,دون تغيير,49e63a606efc134ddcefaf1c1fc16550ffebb8d46455397a53d2da6e27f77591,49e63a606efc134ddcefaf1c1fc16550ffebb8d46455397a53d2da6e27f77591
rathena-master/npc/mapflag/town.txt,دون تغيير,611e6fd3bc0feeffdd9b00f3b6728f7d5daa138b9704fdcbb49376cda6a54ce9,611e6fd3bc0feeffdd9b00f3b6728f7d5daa138b9704fdcbb49376cda6a54ce9
rathena-master/npc/merchants/advanced_refiner.txt,دون تغيير,55c0c8acd4317149ef6beeab5e8fa27115a2255bd306428b651e3e14bcd34c5b,55c0c8acd4317149ef6beeab5e8fa27115a2255bd306428b651e3e14bcd34c5b
rathena-master/npc/merchants/alchemist.txt,دون تغيير,947620f6dcaa642ab096066cf2e804ccf9d1dc620b22158244bb1dbb894b80e6,947620f6dcaa642ab096066cf2e804ccf9d1dc620b22158244bb1dbb894b80e6
rathena-master/npc/merchants/buying_shops.txt,دون تغيير,89206d744d13721feff75b3478da93ebf4b0e5f189b2788e0413937edd3928a8,89206d744d13721feff75b3478da93ebf4b0e5f189b2788e0413937edd3928a8
rathena-master/npc/merchants/cash_trader.txt,دون تغيير,b25a740a9bb3cf26799439692c4f098c663b7b415151a4fd5b3eff56e6342965,b25a740a9bb3cf26799439692c4f098c663b7b415151a4fd5b3eff56e6342965
rathena-master/npc/merchants/cashheadgear_dye.txt,دون تغيير,5fd02d0cec043c9ac98b731704a5a7803d9b2b36468945f8109c0189db1bec0b,5fd02d0cec043c9ac98b731704a5a7803d9b2b36468945f8109c0189db1bec0b
rathena-master/npc/merchants/clothes_dyer.txt,دون تغيير,da9b611a2fbf0069d9f3905a0131bea5455f66f50dcc2029911e3ac0a4ce852a,da9b611a2fbf0069d9f3905a0131bea5455f66f50dcc2029911e3ac0a4ce852a
rathena-master/npc/merchants/coin_exchange.txt,دون تغيير,c56848c2b0e9bd32b12e7a2a17017d8b4a36075e12bed212d4227b82e266e539,c56848c2b0e9bd32b12e7a2a17017d8b4a36075e12bed212d4227b82e266e539
rathena-master/npc/merchants/dye_maker.txt,دون تغيير,d7eb8e295d4ddefbabcf480aedad7e6bb5d23fea7dee235963be0c6eb2017da7,d7eb8e295d4ddefbabcf480aedad7e6bb5d23fea7dee235963be0c6eb2017da7
rathena-master/npc/merchants/elemental_trader.txt,دون تغيير,ece6eb72505f6b605470eb2e5162cf4fdb6250dd54d436c2c70387a05b24aeba,ece6eb72505f6b605470eb2e5162cf4fdb6250dd54d436c2c70387a05b24aeba
rathena-master/npc/merchants/enchan_arm.txt,دون تغيير,a89895329665e5568e1a859d043b37ddac97f76b38375a1ad65b8126780d7021,a89895329665e5568e1a859d043b37ddac97f76b38375a1ad65b8126780d7021
rathena-master/npc/merchants/gemstone.txt,دون تغيير,02b0370284616044ee25eab6ccbd8c193cc5b7ef0b7e0952381ff7a64271c72e,02b0370284616044ee25eab6ccbd8c193cc5b7ef0b7e0952381ff7a64271c72e
rathena-master/npc/merchants/hair_dyer.txt,دون تغيير,dfde227e11982d86adefff9b9db3a763e0a124f82ddfe843fdd2481550cf755d,dfde227e11982d86adefff9b9db3a763e0a124f82ddfe843fdd2481550cf755d
rathena-master/npc/merchants/hair_style.txt,دون تغيير,c699f85bdb50aba45c56cee73f2bdc39591d9ac56a69d0c01337fe07ec71a681,c699f85bdb50aba45c56cee73f2bdc39591d9ac56a69d0c01337fe07ec71a681
rathena-master/npc/merchants/icecream.txt,دون تغيير,cbdd55cffe11d5483ce8b3d9d7b566d1da84303ec78815b9656c9a8cbdbdf5b0,cbdd55cffe11d5483ce8b3d9d7b566d1da84303ec78815b9656c9a8cbdbdf5b0
rathena-master/npc/merchants/inn.txt,دون تغيير,e98eb2b675a751f8cd4b32b61c7d7e0fda507e3b5a44ecba62a58722f4734649,e98eb2b675a751f8cd4b32b61c7d7e0fda507e3b5a44ecba62a58722f4734649
rathena-master/npc/merchants/kunai_maker.txt,دون تغيير,b9b75a0320a8b65d58e5dce3601f2bd218fad30f6b596c3729185b66f9c0f3b7,b9b75a0320a8b65d58e5dce3601f2bd218fad30f6b596c3729185b66f9c0f3b7
rathena-master/npc/merchants/milk_trader.txt,دون تغيير,b912d7758eec0b27ae027f10ed0c2f67627e85b79f48236559916afd84309f92,b912d7758eec0b27ae027f10ed0c2f67627e85b79f48236559916afd84309f92
rathena-master/npc/merchants/novice_exchange.txt,دون تغيير,5345aebb396bcacac8293ebcb5447b492baa5c0407edf614bdf8815190143de9,5345aebb396bcacac8293ebcb5447b492baa5c0407edf614bdf8815190143de9
rathena-master/npc/merchants/old_pharmacist.txt,دون تغيير,91761ffe29997c21a6608d6b676657c708f68d7b3d0006ac7530673911fea7fd,91761ffe29997c21a6608d6b676657c708f68d7b3d0006ac7530673911fea7fd
rathena-master/npc/merchants/quivers.txt,دون تغيير,82cdd8f63817e5df58ebaa2df8132147cc9a341f442f109864c31f9bcd54d8f5,82cdd8f63817e5df58ebaa2df8132147cc9a341f442f109864c31f9bcd54d8f5
rathena-master/npc/merchants/refine.txt,دون تغيير,a07e5e0f4200e158805dec0e0fd2ea62d6677c9b0991b7301a61506cbb22ae3b,a07e5e0f4200e158805dec0e0fd2ea62d6677c9b0991b7301a61506cbb22ae3b
rathena-master/npc/merchants/renters.txt,دون تغيير,f45a59793ba71f1f4c53bfc3e3bf27e22b0e13b52062213e082980ac52113f72,f45a59793ba71f1f4c53bfc3e3bf27e22b0e13b52062213e082980ac52113f72
rathena-master/npc/merchants/shops.txt,دون تغيير,43ef98f46c81a52baa350bb0208e54bd8b817b0717ffc1b933272eb09b9dcd26,43ef98f46c81a52baa350bb0208e54bd8b817b0717ffc1b933272eb09b9dcd26
rathena-master/npc/merchants/socket_enchant.txt,دون تغيير,5f90a6522f3e069440b0e756d3e630a447b99ea422d97a6edd509a8df1728697,5f90a6522f3e069440b0e756d3e630a447b99ea422d97a6edd509a8df1728697
rathena-master/npc/merchants/socket_enchant2.txt,دون تغيير,0d812da646354069209484aa40dcd4c502441e4ead82911e5c6cb73cc9722be8,0d812da646354069209484aa40dcd4c502441e4ead82911e5c6cb73cc9722be8
rathena-master/npc/merchants/wander_pet_food.txt,دون تغيير,84e2c4a98a5991df3e247e9cf00da08b9b4ba3c4da5eb7596de3015dc3fa0c46,84e2c4a98a5991df3e247e9cf00da08b9b4ba3c4da5eb7596de3015dc3fa0c46
rathena-master/npc/mobs/jail.txt,دون تغيير,11aa456a45c8f869357f12b08af50d92ba865ca75c771a5732d58be8bec408ef,11aa456a45c8f869357f12b08af50d92ba865ca75c771a5732d58be8bec408ef
rathena-master/npc/mobs/pvp.txt,دون تغيير,efd087c37b037d3da489446497e92fdb0aeb3eb1ead612766bec809c90cf989a,efd087c37b037d3da489446497e92fdb0aeb3eb1ead612766bec809c90cf989a
rathena-master/npc/mobs/towns.txt,دون تغيير,c1c3ba812157b1fc061f2089da480ece70ef2aef4091682511a0f70f6126aac1,c1c3ba812157b1fc061f2089da480ece70ef2aef4091682511a0f70f6126aac1
rathena-master/npc/other/CashShop_Functions.txt,دون تغيير,f15fadf3fb7b638aa7856c3b6e74e01fbee7137984005ff0956a33b1ae0b6fc2,f15fadf3fb7b638aa7856c3b6e74e01fbee7137984005ff0956a33b1ae0b6fc2
rathena-master/npc/other/Global_Functions.txt,دون تغيير,8241e28647769e8eb90491be3410dcc34a1d86aff2c74f70cc40c550430d2b5b,8241e28647769e8eb90491be3410dcc34a1d86aff2c74f70cc40c550430d2b5b
rathena-master/npc/other/acolyte_warp.txt,دون تغيير,f3016e90d33f190b167da1ab6f358a75bf3c0b1916673e843c8c954992444979,f3016e90d33f190b167da1ab6f358a75bf3c0b1916673e843c8c954992444979
rathena-master/npc/other/arena/arena_aco.txt,دون تغيير,6072e1df40ac9b8ea3f7d2937db26499491efcd8726380c6407b7b741bd8c67c,6072e1df40ac9b8ea3f7d2937db26499491efcd8726380c6407b7b741bd8c67c
rathena-master/npc/other/arena/arena_lvl50.txt,دون تغيير,786143cc9ef564514e17961c2561af6f0499371086e6c0c62e7108eee967688a,786143cc9ef564514e17961c2561af6f0499371086e6c0c62e7108eee967688a
rathena-master/npc/other/arena/arena_lvl60.txt,دون تغيير,55767a8201d805a7e93143bec7471ebd777f64a4c539b2f3a216c28fa449760f,55767a8201d805a7e93143bec7471ebd777f64a4c539b2f3a216c28fa449760f
rathena-master/npc/other/arena/arena_lvl70.txt,دون تغيير,1a924fa51ba2b4400f41f17733449604f73c7526a41c959a6f30227be4404a3f,1a924fa51ba2b4400f41f17733449604f73c7526a41c959a6f30227be4404a3f
rathena-master/npc/other/arena/arena_lvl80.txt,دون تغيير,2ae5bf994b1aa06b20ad579ec35aaaedece28c6998d85d222b7e823ad7001808,2ae5bf994b1aa06b20ad579ec35aaaedece28c6998d85d222b7e823ad7001808
rathena-master/npc/other/arena/arena_party.txt,دون تغيير,fb1f17c4417fc2c1eba311aea7a9366afcfe33108d9ef483450b450af4ed935c,fb1f17c4417fc2c1eba311aea7a9366afcfe33108d9ef483450b450af4ed935c
rathena-master/npc/other/arena/arena_point.txt,دون تغيير,ef17d3513fa24910454574f9f1f8af2a14dc291d8cf4bafc353533004eaf79cd,ef17d3513fa24910454574f9f1f8af2a14dc291d8cf4bafc353533004eaf79cd
rathena-master/npc/other/arena/arena_room.txt,دون تغيير,5edb74e16ae166fc7b1c0300585c0972c253b648ad42bac7dc452917c708d013,5edb74e16ae166fc7b1c0300585c0972c253b648ad42bac7dc452917c708d013
rathena-master/npc/other/auction.txt,دون تغيير,81e084e07f138e9a216d0a5331b775f0a9c2429f904fa1bdfe0d77e774707fe0,81e084e07f138e9a216d0a5331b775f0a9c2429f904fa1bdfe0d77e774707fe0
rathena-master/npc/other/books.txt,دون تغيير,85f6f564377b7d37c9ce888acfa771f17a4c3df9e598fb5c1e0b4266134f3ae8,85f6f564377b7d37c9ce888acfa771f17a4c3df9e598fb5c1e0b4266134f3ae8
rathena-master/npc/other/bulletin_boards.txt,دون تغيير,d2b411e796519084ab460abbf3ab2a194f80367b681e0b677831b70c3ace4e66,d2b411e796519084ab460abbf3ab2a194f80367b681e0b677831b70c3ace4e66
rathena-master/npc/other/card_trader.txt,دون تغيير,f2d9d952d94b6aab3d8e4f03f4a679510508fcfd18ec2fef27f0ba6fcef0faff,f2d9d952d94b6aab3d8e4f03f4a679510508fcfd18ec2fef27f0ba6fcef0faff
rathena-master/npc/other/comodo_gambling.txt,دون تغيير,40442d44a881e58e39c76ad60e795bf5655f2c8363517789a2f6e13b4b5f7fcb,40442d44a881e58e39c76ad60e795bf5655f2c8363517789a2f6e13b4b5f7fcb
rathena-master/npc/other/divorce.txt,دون تغيير,7f13f2b7cf6d52d8c12757cd830a484e809d627ac1afabd3b081c818f4bad76b,7f13f2b7cf6d52d8c12757cd830a484e809d627ac1afabd3b081c818f4bad76b
rathena-master/npc/other/fortune.txt,دون تغيير,699bb1d328782775dde2fe4ee4026c0844b5086a12e3b772027afb97e1e64a56,699bb1d328782775dde2fe4ee4026c0844b5086a12e3b772027afb97e1e64a56
rathena-master/npc/other/gm_npcs.txt,دون تغيير,252ffbb7c679cbb54950c11f11e4dfda9b1e9cf9baff8de1b03788486959330a,252ffbb7c679cbb54950c11f11e4dfda9b1e9cf9baff8de1b03788486959330a
rathena-master/npc/other/guildpvp.txt,دون تغيير,a27f27e05bcfa5f3ae012cc41f41153b19495ee0ef68e0576fb51eb20c4ae2a1,a27f27e05bcfa5f3ae012cc41f41153b19495ee0ef68e0576fb51eb20c4ae2a1
rathena-master/npc/other/gympass.txt,دون تغيير,7f2f289cbbb0079341ec72e8671b8a60e15450fb5310d9514f81bcf395776190,7f2f289cbbb0079341ec72e8671b8a60e15450fb5310d9514f81bcf395776190
rathena-master/npc/other/hugel_bingo.txt,معدل,c9480eba0ae78abdc2ac5494aca581e2be41494343a340c4c313003d30f5159d,3a3734ad41b6c9c10824aa0fca87aa1de4c74e7ea964f309d0692cb9cd9852c1
rathena-master/npc/other/mail.txt,دون تغيير,367628004c9721bc566f236d3feda37adcec9ee7831dfc57ef377cdb6e17bf92,367628004c9721bc566f236d3feda37adcec9ee7831dfc57ef377cdb6e17bf92
rathena-master/npc/other/marriage.txt,دون تغيير,37086551393bc70e367513fbfc48e7c37bf43aec620718a57e6ea6097df8ff49,37086551393bc70e367513fbfc48e7c37bf43aec620718a57e6ea6097df8ff49
rathena-master/npc/other/mercenary_rent.txt,دون تغيير,49f38aadd57a3eabaebc588c938d2d35e281a36ae26febb61920c0cfb773bff3,49f38aadd57a3eabaebc588c938d2d35e281a36ae26febb61920c0cfb773bff3
rathena-master/npc/other/monster_museum.txt,دون تغيير,5be52fc93cea537626220ad11f3359784a4e5aff9f7d4bcbdca2685438a56280,5be52fc93cea537626220ad11f3359784a4e5aff9f7d4bcbdca2685438a56280
rathena-master/npc/other/monster_race.txt,دون تغيير,c8c2fa27d1e075d16ae40b17431ccc3cb8c3b6221528a3cb8802fca783330482,c8c2fa27d1e075d16ae40b17431ccc3cb8c3b6221528a3cb8802fca783330482
rathena-master/npc/other/msg_boards.txt,دون تغيير,839b7c3af0098dba88eeefc689f8bfd7d15dbb1944139d12dacab51a64e5a9d4,839b7c3af0098dba88eeefc689f8bfd7d15dbb1944139d12dacab51a64e5a9d4
rathena-master/npc/other/poring_war.txt,دون تغيير,7af2271e4b1319d03bddd91ab87d3de27d9293fe6e72d68e93edce80e1cd0698,7af2271e4b1319d03bddd91ab87d3de27d9293fe6e72d68e93edce80e1cd0698
rathena-master/npc/other/powernpc.txt,دون تغيير,8ef9b44c992021c50014f729694bb0c75ff2df066691fce0cf9c4939c432c1b9,8ef9b44c992021c50014f729694bb0c75ff2df066691fce0cf9c4939c432c1b9
rathena-master/npc/other/pvp.txt,دون تغيير,9fd808ffb2007d977e6d3ecde589568449542ec69092e94bc1ff73faed18bb3c,9fd808ffb2007d977e6d3ecde589568449542ec69092e94bc1ff73faed18bb3c
rathena-master/npc/other/turbo_track.txt,دون تغيير,25907dc41d60b574c50a1a0ae518c706210cadd5ce287d000478022efc405811,25907dc41d60b574c50a1a0ae518c706210cadd5ce287d000478022efc405811
rathena-master/npc/pre-re/airports/izlude.txt,دون تغيير,90d4fafad6b451c99882eddece0272348990e8e3142bf8df822c0e358f3b671b,90d4fafad6b451c99882eddece0272348990e8e3142bf8df822c0e358f3b671b
rathena-master/npc/pre-re/cities/alberta.txt,دون تغيير,fa7446568d4c96f4c0dd5d85f3cf94707105b55bfea1fd5fbd5b46b8d42c48bb,fa7446568d4c96f4c0dd5d85f3cf94707105b55bfea1fd5fbd5b46b8d42c48bb
rathena-master/npc/pre-re/cities/brasilis.txt,دون تغيير,7d0700648650f11f5c5910c0533e50533315dfc542a66a2aecd8d920adfad59f,7d0700648650f11f5c5910c0533e50533315dfc542a66a2aecd8d920adfad59f
rathena-master/npc/pre-re/cities/izlude.txt,دون تغيير,072564d1e99d380340eeeb5f921e4f427664af21ac30ec9a28a27673105f7498,072564d1e99d380340eeeb5f921e4f427664af21ac30ec9a28a27673105f7498
rathena-master/npc/pre-re/cities/jawaii.txt,دون تغيير,ef5a785857cf24a965dd851ec09353fbc679419ec8772d2c02be8269aee9cd77,ef5a785857cf24a965dd851ec09353fbc679419ec8772d2c02be8269aee9cd77
rathena-master/npc/pre-re/cities/lutie.txt,دون تغيير,0fc6f74f7e0974e671395fe99bb28e7cbc28b64cfbb21cd64b7d299c78d9c8f3,0fc6f74f7e0974e671395fe99bb28e7cbc28b64cfbb21cd64b7d299c78d9c8f3
rathena-master/npc/pre-re/cities/prontera.txt,دون تغيير,7744c230423efb93395f9089354dc4ac09425740e8342791497ae2af44a9840b,7744c230423efb93395f9089354dc4ac09425740e8342791497ae2af44a9840b
rathena-master/npc/pre-re/cities/yuno.txt,دون تغيير,c6190483e28625732f1413dde0df88887a318261e187a21bd594e225d45a36f7,c6190483e28625732f1413dde0df88887a318261e187a21bd594e225d45a36f7
rathena-master/npc/pre-re/guides/guides_alberta.txt,دون تغيير,5cd61a0f3d20846bb806037529330e36e56af336d9fe0d2e8d745481df13f45f,5cd61a0f3d20846bb806037529330e36e56af336d9fe0d2e8d745481df13f45f
rathena-master/npc/pre-re/guides/guides_aldebaran.txt,دون تغيير,7f88603bfd14469dab602f93d346a75fd1c1337eb179e682b41baee030dadbc8,7f88603bfd14469dab602f93d346a75fd1c1337eb179e682b41baee030dadbc8
rathena-master/npc/pre-re/guides/guides_amatsu.txt,دون تغيير,efdf9f7acf1a112575807330c8f51e793912134629ed08e4ba40a0c8919d7318,efdf9f7acf1a112575807330c8f51e793912134629ed08e4ba40a0c8919d7318
rathena-master/npc/pre-re/guides/guides_ayothaya.txt,دون تغيير,77ced86433ee9bd1ffebdf3c9977a086ab14493f348ed1cefaf46b572b827a69,77ced86433ee9bd1ffebdf3c9977a086ab14493f348ed1cefaf46b572b827a69
rathena-master/npc/pre-re/guides/guides_brasilis.txt,دون تغيير,cad0da9cd90b3981819ae167190f2fb5b7c96c259087edc545e75ef25a7b679c,cad0da9cd90b3981819ae167190f2fb5b7c96c259087edc545e75ef25a7b679c
rathena-master/npc/pre-re/guides/guides_comodo.txt,دون تغيير,10794e24385d9e1cc7cec24d87ab2337d52c98bc2e3cd8fdeab8d8d9a3542141,10794e24385d9e1cc7cec24d87ab2337d52c98bc2e3cd8fdeab8d8d9a3542141
rathena-master/npc/pre-re/guides/guides_einbroch.txt,دون تغيير,24cf7880d11ff470f611e027276b337eb3ef7e7bddefdb1352132c96f2e1737d,24cf7880d11ff470f611e027276b337eb3ef7e7bddefdb1352132c96f2e1737d
rathena-master/npc/pre-re/guides/guides_geffen.txt,دون تغيير,ca205a7518dad37919522bd978c612e91010b3db0f69df4773f4b0c45f770d6f,ca205a7518dad37919522bd978c612e91010b3db0f69df4773f4b0c45f770d6f
rathena-master/npc/pre-re/guides/guides_gonryun.txt,دون تغيير,48588874412d9bf1c94e7594ea2b4638c64eccbb86557c853d16e7496a95c5e9,48588874412d9bf1c94e7594ea2b4638c64eccbb86557c853d16e7496a95c5e9
rathena-master/npc/pre-re/guides/guides_hugel.txt,دون تغيير,aa8b29b1d5828b939b5d47f6bf37c2e0ad7693899c522f69a26ae6148e5bbff0,aa8b29b1d5828b939b5d47f6bf37c2e0ad7693899c522f69a26ae6148e5bbff0
rathena-master/npc/pre-re/guides/guides_izlude.txt,دون تغيير,a8f54091acdbab2aa3fec9aaf89a6490089b7ab689041d74c4f1abc90d305fac,a8f54091acdbab2aa3fec9aaf89a6490089b7ab689041d74c4f1abc90d305fac
rathena-master/npc/pre-re/guides/guides_juno.txt,دون تغيير,0c03dd13508352d3a4e72ab63e26bf46945759a3f4d83bc0d361f5d3e244cae6,0c03dd13508352d3a4e72ab63e26bf46945759a3f4d83bc0d361f5d3e244cae6
rathena-master/npc/pre-re/guides/guides_lighthalzen.txt,دون تغيير,8bef67202aaa1e990636e289476be981e3a451f5ac00b699ce1cfdc08f875935,8bef67202aaa1e990636e289476be981e3a451f5ac00b699ce1cfdc08f875935
rathena-master/npc/pre-re/guides/guides_louyang.txt,دون تغيير,edb21e40164e0498771b8480f1b7f3abe4950cb86325e43a72fe9dbf60fc9622,edb21e40164e0498771b8480f1b7f3abe4950cb86325e43a72fe9dbf60fc9622
rathena-master/npc/pre-re/guides/guides_morroc.txt,دون تغيير,1c4ace19ef1be835ed90c7b211b136588f951e196b7ffbc50b1231642399dc8a,1c4ace19ef1be835ed90c7b211b136588f951e196b7ffbc50b1231642399dc8a
rathena-master/npc/pre-re/guides/guides_moscovia.txt,دون تغيير,e23687bb17f15253b7a5490cb59156f891243fa806cf61efaf8b1d1d207dce95,e23687bb17f15253b7a5490cb59156f891243fa806cf61efaf8b1d1d207dce95
rathena-master/npc/pre-re/guides/guides_niflheim.txt,دون تغيير,45bc1ed2e9d42c6d370ebcb7b8d28dd9cfda95421b7eec52a14c986103973178,45bc1ed2e9d42c6d370ebcb7b8d28dd9cfda95421b7eec52a14c986103973178
rathena-master/npc/pre-re/guides/guides_payon.txt,دون تغيير,a58bba8998832c157c667fd53bb67de1ef4736c93bef16dde199817a46a0a9ea,a58bba8998832c157c667fd53bb67de1ef4736c93bef16dde199817a46a0a9ea
rathena-master/npc/pre-re/guides/guides_prontera.txt,دون تغيير,5bfcdc603674ec5cc83839f24f7add9884c2a21f4cd496279f74fc02a9cfc36b,5bfcdc603674ec5cc83839f24f7add9884c2a21f4cd496279f74fc02a9cfc36b
rathena-master/npc/pre-re/guides/guides_rachel.txt,دون تغيير,bb7674739f8995ea366d30a308d461dbe63ae75abd3f2c9b602067eac76866f6,bb7674739f8995ea366d30a308d461dbe63ae75abd3f2c9b602067eac76866f6
rathena-master/npc/pre-re/guides/guides_umbala.txt,دون تغيير,12cf6aa27da115e539b67bd5fa11fa562dee6eea68d2e9decd649e023526d4b4,12cf6aa27da115e539b67bd5fa11fa562dee6eea68d2e9decd649e023526d4b4
rathena-master/npc/pre-re/guides/guides_veins.txt,دون تغيير,ef47fbeb2c8321f32e60dd9762617f4b4e3ee8115f4cf33926adc551c9b9837c,ef47fbeb2c8321f32e60dd9762617f4b4e3ee8115f4cf33926adc551c9b9837c
rathena-master/npc/pre-re/jobs/1-1/acolyte.txt,دون تغيير,8a63f7409a48ffef8ef8331400f9e8d3fbd54978b1754a1f89fa6c5baeeb91d8,8a63f7409a48ffef8ef8331400f9e8d3fbd54978b1754a1f89fa6c5baeeb91d8
rathena-master/npc/pre-re/jobs/1-1/archer.txt,دون تغيير,2dcb4a2939077da33fe3d4c805c648c13b146fc96b0d00ffa069967cb0fccfcc,2dcb4a2939077da33fe3d4c805c648c13b146fc96b0d00ffa069967cb0fccfcc
rathena-master/npc/pre-re/jobs/1-1/mage.txt,دون تغيير,ed871c5c77d9928307ba7a2fc061a35d7a60ef0258ecb7136f8f0dea73857b04,ed871c5c77d9928307ba7a2fc061a35d7a60ef0258ecb7136f8f0dea73857b04
rathena-master/npc/pre-re/jobs/1-1/merchant.txt,دون تغيير,735ea862612aae225ab043cb9e42dc64fe482cee269a62ebd9244bcd318ce3af,735ea862612aae225ab043cb9e42dc64fe482cee269a62ebd9244bcd318ce3af
rathena-master/npc/pre-re/jobs/1-1/swordman.txt,دون تغيير,392ddfd810f3a0cc682e42a89c708fd0c9b1ab721e16281930debeee0ad5ba55,392ddfd810f3a0cc682e42a89c708fd0c9b1ab721e16281930debeee0ad5ba55
rathena-master/npc/pre-re/jobs/1-1/thief.txt,دون تغيير,a88012ad715b337dfc35191312158821f7b814e46102f9780deb8338a51c8af6,a88012ad715b337dfc35191312158821f7b814e46102f9780deb8338a51c8af6
rathena-master/npc/pre-re/jobs/1-1e/taekwon.txt,دون تغيير,e37b4135603b51347fed4f1340b5123952811df340069dfbd405ab8e93cf7bdf,e37b4135603b51347fed4f1340b5123952811df340069dfbd405ab8e93cf7bdf
rathena-master/npc/pre-re/jobs/2-2/crusader.txt,دون تغيير,5ee1b581b29846e5b513398e2791067aafd5b78721d97032f59b097253be0dd2,5ee1b581b29846e5b513398e2791067aafd5b78721d97032f59b097253be0dd2
rathena-master/npc/pre-re/jobs/novice/novice.txt,دون تغيير,ca320c7840fa497faba3ea5b0b6e79bde88f3dd3cce542c9532bc3624c2b1df2,ca320c7840fa497faba3ea5b0b6e79bde88f3dd3cce542c9532bc3624c2b1df2
rathena-master/npc/pre-re/kafras/kafras.txt,دون تغيير,17202bccadd5f83896c8d737a47e5efe45aacabb6b6ce51df8d52d55490d5ddd,17202bccadd5f83896c8d737a47e5efe45aacabb6b6ce51df8d52d55490d5ddd
rathena-master/npc/pre-re/mapflag/gvg.txt,دون تغيير,6fd8e421cde9b17a307b5d4deba43782ab1b51f1a0b43ef6b19cea3c0247a169,6fd8e421cde9b17a307b5d4deba43782ab1b51f1a0b43ef6b19cea3c0247a169
rathena-master/npc/pre-re/mapflag/hidemobhpbar.txt,دون تغيير,ddb007dff8a1f44154413dcddc3e6cda9f69dba94707e03cf2a25e1289266fd6,ddb007dff8a1f44154413dcddc3e6cda9f69dba94707e03cf2a25e1289266fd6
rathena-master/npc/pre-re/mapflag/invincible_time.txt,دون تغيير,33b4c260162b7d6a637391af293b0c0d8b786ebaa32a62e1bbbc5487b97770ee,33b4c260162b7d6a637391af293b0c0d8b786ebaa32a62e1bbbc5487b97770ee
rathena-master/npc/pre-re/mapflag/nosave.txt,دون تغيير,8b292101ad307f0ffd37306909dd89816a475fc6b79d284f9e7d4ee3946425a4,8b292101ad307f0ffd37306909dd89816a475fc6b79d284f9e7d4ee3946425a4
rathena-master/npc/pre-re/merchants/ammo_boxes.txt,دون تغيير,47e8f2860117752d929b8ba3993b99545c68fbf36fa5f9bfa4d0666558ba4f8f,47e8f2860117752d929b8ba3993b99545c68fbf36fa5f9bfa4d0666558ba4f8f
rathena-master/npc/pre-re/merchants/ammo_dealer.txt,دون تغيير,df40e98f0281456f6c9de1bb920e220fc29033340fe5b0b888c4720206bd1a6c,df40e98f0281456f6c9de1bb920e220fc29033340fe5b0b888c4720206bd1a6c
rathena-master/npc/pre-re/merchants/hair_dyer.txt,دون تغيير,0780521dfa186a030f9181081760de9b37702f74d4eac21f8b000a575cb8a50e,0780521dfa186a030f9181081760de9b37702f74d4eac21f8b000a575cb8a50e
rathena-master/npc/pre-re/merchants/hair_style.txt,دون تغيير,ec21b512726cdfb47cf20248cbf27b4d4fe1b0dbe901d9cad8333acc42eaa4df,ec21b512726cdfb47cf20248cbf27b4d4fe1b0dbe901d9cad8333acc42eaa4df
rathena-master/npc/pre-re/merchants/shops.txt,دون تغيير,a5a8f2fc61654a1940d45952f4331289bf51548c89c7c49c1753cd73e221c8cb,a5a8f2fc61654a1940d45952f4331289bf51548c89c7c49c1753cd73e221c8cb
rathena-master/npc/pre-re/merchants/socket_enchant2.txt,دون تغيير,9a1fec228c8ea813f36418722c0f68428f4861ad37134ace49cbfbb6f321fa9b,9a1fec228c8ea813f36418722c0f68428f4861ad37134ace49cbfbb6f321fa9b
rathena-master/npc/pre-re/mobs/citycleaners.txt,دون تغيير,d41512df6592c3b3d89e17ba0ebea8c1d2fd1442a3cac8ca29fb38b0849c5a7a,d41512df6592c3b3d89e17ba0ebea8c1d2fd1442a3cac8ca29fb38b0849c5a7a
rathena-master/npc/pre-re/mobs/dungeons/abbey.txt,دون تغيير,c97512e615b3474d4042bf6f2fe699e099d54f1dd056f2dc89793fabc31abf39,c97512e615b3474d4042bf6f2fe699e099d54f1dd056f2dc89793fabc31abf39
rathena-master/npc/pre-re/mobs/dungeons/abyss.txt,دون تغيير,0139091df455ebf482c9a325a1ae01a0431734caa0a717d08bf260f1fa62f921,0139091df455ebf482c9a325a1ae01a0431734caa0a717d08bf260f1fa62f921
rathena-master/npc/pre-re/mobs/dungeons/alde_dun.txt,دون تغيير,e09263551ff0cd17756bc7c03bbac831d8f83f4ebf72ec3a35578333c31d50d3,e09263551ff0cd17756bc7c03bbac831d8f83f4ebf72ec3a35578333c31d50d3
rathena-master/npc/pre-re/mobs/dungeons/ama_dun.txt,دون تغيير,cb73b1a5a380ebe47d5bb48f91cb9eaab7fca82d5f18f334ad927f427933dfd5,cb73b1a5a380ebe47d5bb48f91cb9eaab7fca82d5f18f334ad927f427933dfd5
rathena-master/npc/pre-re/mobs/dungeons/anthell.txt,دون تغيير,c4d02fdb656311dbe2b209064468c6b90c704f974170eccf25693c94c9844e06,c4d02fdb656311dbe2b209064468c6b90c704f974170eccf25693c94c9844e06
rathena-master/npc/pre-re/mobs/dungeons/ayo_dun.txt,دون تغيير,9e82db8dbce4eab5c4f9fe71229d77ef04421005e95bb4366fd4eab3a17cb4fb,9e82db8dbce4eab5c4f9fe71229d77ef04421005e95bb4366fd4eab3a17cb4fb
rathena-master/npc/pre-re/mobs/dungeons/beach_dun.txt,دون تغيير,0bb50c6605605388ea67fe7bc367e3d41bd0b81cb3f172c8109b1b37cf6c68f3,0bb50c6605605388ea67fe7bc367e3d41bd0b81cb3f172c8109b1b37cf6c68f3
rathena-master/npc/pre-re/mobs/dungeons/bra_dun.txt,دون تغيير,ab0d72e8a289a125405e908e2047d19e527e52cb3c8665cb5f30b26cefcad48d,ab0d72e8a289a125405e908e2047d19e527e52cb3c8665cb5f30b26cefcad48d
rathena-master/npc/pre-re/mobs/dungeons/c_tower.txt,دون تغيير,474f32b7f1fe5c38e3c66f5fc4edea1a8ea46ee8d95344fccc55e41fcac18eae,474f32b7f1fe5c38e3c66f5fc4edea1a8ea46ee8d95344fccc55e41fcac18eae
rathena-master/npc/pre-re/mobs/dungeons/ein_dun.txt,دون تغيير,f628929a194f0f00afa46dc3589ba1e62e9df57b89b88af5702064467e6dc6e4,f628929a194f0f00afa46dc3589ba1e62e9df57b89b88af5702064467e6dc6e4
rathena-master/npc/pre-re/mobs/dungeons/gef_dun.txt,دون تغيير,69f83e8f71d25921b139a6ca8cf831299814cac2d7f216dc2a0bc5345fb11951,69f83e8f71d25921b139a6ca8cf831299814cac2d7f216dc2a0bc5345fb11951
rathena-master/npc/pre-re/mobs/dungeons/gefenia.txt,دون تغيير,bacb8f179bc6e6f13ec6d6084420f204f21f7b705986e1d2d64d04589f7a18df,bacb8f179bc6e6f13ec6d6084420f204f21f7b705986e1d2d64d04589f7a18df
rathena-master/npc/pre-re/mobs/dungeons/glastheim.txt,دون تغيير,64454f5514a583ab3b14791ddf9cb3556ed6e1d852e63a1844e4a9f194b312f5,64454f5514a583ab3b14791ddf9cb3556ed6e1d852e63a1844e4a9f194b312f5
rathena-master/npc/pre-re/mobs/dungeons/gld_dun.txt,دون تغيير,f4c1f706f658f7ddbbb41f345bc6131da33ba9d1edb2340279f4eac3f9e566a4,f4c1f706f658f7ddbbb41f345bc6131da33ba9d1edb2340279f4eac3f9e566a4
rathena-master/npc/pre-re/mobs/dungeons/gld_dunSE.txt,دون تغيير,b0a96dc404d9a6096c922cbf0743c8c2bc53ecd03d03f2e9ea0be05545905e83,b0a96dc404d9a6096c922cbf0743c8c2bc53ecd03d03f2e9ea0be05545905e83
rathena-master/npc/pre-re/mobs/dungeons/gon_dun.txt,دون تغيير,aec2af49509c8e0e41856b53db96b9caefa74c23a7a070ba4ee4b58815e17716,aec2af49509c8e0e41856b53db96b9caefa74c23a7a070ba4ee4b58815e17716
rathena-master/npc/pre-re/mobs/dungeons/ice_dun.txt,دون تغيير,5df093400760f1501d289ada41fe7751af1e10d40823f91f67d4478a3474f5ce,5df093400760f1501d289ada41fe7751af1e10d40823f91f67d4478a3474f5ce
rathena-master/npc/pre-re/mobs/dungeons/in_sphinx.txt,دون تغيير,78e0f21c31e80f61221824d5651d78165bc31cf4f66b954675bbb0b178e68812,78e0f21c31e80f61221824d5651d78165bc31cf4f66b954675bbb0b178e68812
rathena-master/npc/pre-re/mobs/dungeons/iz_dun.txt,دون تغيير,3b90da917efe7a2093a618f9fb885d94e24af8021f9e45fcf21a0a4d88e9af5b,3b90da917efe7a2093a618f9fb885d94e24af8021f9e45fcf21a0a4d88e9af5b
rathena-master/npc/pre-re/mobs/dungeons/juperos.txt,دون تغيير,cfed7c0afc78d9cbe219c364f7e7a818b06e6a3058063f8acca486cfc12a5195,cfed7c0afc78d9cbe219c364f7e7a818b06e6a3058063f8acca486cfc12a5195
rathena-master/npc/pre-re/mobs/dungeons/kh_dun.txt,دون تغيير,83438501af0427f5cecabc4a9bed208024bd5c547f91e6b0e130fcf9a49e36d1,83438501af0427f5cecabc4a9bed208024bd5c547f91e6b0e130fcf9a49e36d1
rathena-master/npc/pre-re/mobs/dungeons/lhz_dun.txt,دون تغيير,8f0e06538a313d9c4c4675d1f9c47bc5b84a29996fbe69d8b4d047d166accee9,8f0e06538a313d9c4c4675d1f9c47bc5b84a29996fbe69d8b4d047d166accee9
rathena-master/npc/pre-re/mobs/dungeons/lou_dun.txt,دون تغيير,d5e7e5519d0d1f46564c537ea7921db3fb70526c1f22679d3f525e019ff6b2ee,d5e7e5519d0d1f46564c537ea7921db3fb70526c1f22679d3f525e019ff6b2ee
rathena-master/npc/pre-re/mobs/dungeons/mag_dun.txt,دون تغيير,dc7dc269401f8005762983231dc078b5341256a734f9c642a477e99dff5d94cd,dc7dc269401f8005762983231dc078b5341256a734f9c642a477e99dff5d94cd
rathena-master/npc/pre-re/mobs/dungeons/mjo_dun.txt,دون تغيير,d7016559a5ce9722a62d7e3854ded1d9330735464d4f62a0dd251e89742aa60c,d7016559a5ce9722a62d7e3854ded1d9330735464d4f62a0dd251e89742aa60c
rathena-master/npc/pre-re/mobs/dungeons/moc_pryd.txt,دون تغيير,b079e51cba3cd375af45025a54660820ef31253d3591c94efc5cc73b58d883c5,b079e51cba3cd375af45025a54660820ef31253d3591c94efc5cc73b58d883c5
rathena-master/npc/pre-re/mobs/dungeons/mosk_dun.txt,دون تغيير,9674999c092462fcc100f911b1782d4dc3a68eeca783b2437cdcc3a6af535290,9674999c092462fcc100f911b1782d4dc3a68eeca783b2437cdcc3a6af535290
rathena-master/npc/pre-re/mobs/dungeons/nyd_dun.txt,دون تغيير,7f897c4fc95e4c6eb5fbc92268b4e917ae7257528eb57a116facf931fda2822f,7f897c4fc95e4c6eb5fbc92268b4e917ae7257528eb57a116facf931fda2822f
rathena-master/npc/pre-re/mobs/dungeons/odin.txt,دون تغيير,db58f7b0b15629bd2a8164957452e14b253cc111954d4770dfe9ee9828f58834,db58f7b0b15629bd2a8164957452e14b253cc111954d4770dfe9ee9828f58834
rathena-master/npc/pre-re/mobs/dungeons/orcsdun.txt,دون تغيير,12f3c248a68fbe962298927cd7c2e63e4f322dc701aad45f15b5800c68d911d0,12f3c248a68fbe962298927cd7c2e63e4f322dc701aad45f15b5800c68d911d0
rathena-master/npc/pre-re/mobs/dungeons/pay_dun.txt,دون تغيير,1589e4949d97098c44290346cc9dc65c339e3f83d2ba599cfdea045356e596e4,1589e4949d97098c44290346cc9dc65c339e3f83d2ba599cfdea045356e596e4
rathena-master/npc/pre-re/mobs/dungeons/prt_maze.txt,دون تغيير,bd428dbff327c2a1c9d8a57cfb944cd1fbdab415b6f92e862c9727cf3c1e151f,bd428dbff327c2a1c9d8a57cfb944cd1fbdab415b6f92e862c9727cf3c1e151f
rathena-master/npc/pre-re/mobs/dungeons/prt_sew.txt,دون تغيير,6b4beaa583f976f0895da0a90ff3ce185362e278ba7da7c47f57d44fc8c164cf,6b4beaa583f976f0895da0a90ff3ce185362e278ba7da7c47f57d44fc8c164cf
rathena-master/npc/pre-re/mobs/dungeons/ra_san.txt,دون تغيير,2d404249b15a35fdbe1dab3c9f663d73345b133e7cc06e7b68e29dec3e679be6,2d404249b15a35fdbe1dab3c9f663d73345b133e7cc06e7b68e29dec3e679be6
rathena-master/npc/pre-re/mobs/dungeons/tha_t.txt,دون تغيير,b19dde918595ace082e845270c325146446b03e4d523fdc112c1b11f69e2be16,b19dde918595ace082e845270c325146446b03e4d523fdc112c1b11f69e2be16
rathena-master/npc/pre-re/mobs/dungeons/thor_v.txt,دون تغيير,0af7d0f798e5c34ce7db0c940f188e50a59b6272d93ac60f0fe2fb47684c88c1,0af7d0f798e5c34ce7db0c940f188e50a59b6272d93ac60f0fe2fb47684c88c1
rathena-master/npc/pre-re/mobs/dungeons/treasure.txt,دون تغيير,f69e61f85bb1d647d44156eb16e35011a5bf2a1894d742f3ce0046cb8af2f93c,f69e61f85bb1d647d44156eb16e35011a5bf2a1894d742f3ce0046cb8af2f93c
rathena-master/npc/pre-re/mobs/dungeons/tur_dun.txt,دون تغيير,633c41837cbcd4accc8d6d01c7eff6112a22f60794dc36f0b229fc59c27fdd68,633c41837cbcd4accc8d6d01c7eff6112a22f60794dc36f0b229fc59c27fdd68
rathena-master/npc/pre-re/mobs/dungeons/um_dun.txt,دون تغيير,34dae4791fb426964c03505e5183816bc16575e95fb2fa103b3adfdfc99a4fc5,34dae4791fb426964c03505e5183816bc16575e95fb2fa103b3adfdfc99a4fc5
rathena-master/npc/pre-re/mobs/dungeons/xmas_dun.txt,دون تغيير,541c784deec150f46d87e17a6bddceabaf96d618178d937c90460b9e7f19bed6,541c784deec150f46d87e17a6bddceabaf96d618178d937c90460b9e7f19bed6
rathena-master/npc/pre-re/mobs/dungeons/yggdrasil.txt,دون تغيير,7d6e5b7ec699624b690d1fa67346f2f6a5c979e85920b2778d9d6ec23f44ad9e,7d6e5b7ec699624b690d1fa67346f2f6a5c979e85920b2778d9d6ec23f44ad9e
rathena-master/npc/pre-re/mobs/fields/amatsu.txt,دون تغيير,7056e6b8a8015509921fefbf9a364cc3ea7ec2435c856ef24a68fecb53a6e5e3,7056e6b8a8015509921fefbf9a364cc3ea7ec2435c856ef24a68fecb53a6e5e3
rathena-master/npc/pre-re/mobs/fields/ayothaya.txt,دون تغيير,3d23c531f2a415deffdf449198effdeaef8a0c1f0f65312d971fccda5eec4ad2,3d23c531f2a415deffdf449198effdeaef8a0c1f0f65312d971fccda5eec4ad2
rathena-master/npc/pre-re/mobs/fields/brasilis.txt,دون تغيير,9f4194993546c397f80ad3a0ee525bc6e8fd0cc6fdf0633a1c52eb285a7decfe,9f4194993546c397f80ad3a0ee525bc6e8fd0cc6fdf0633a1c52eb285a7decfe
rathena-master/npc/pre-re/mobs/fields/comodo.txt,دون تغيير,e7398c57c6c500ce8eb96c4efd105b9f006b0bc2b8e6550fe3fc12f6e7c5b0f9,e7398c57c6c500ce8eb96c4efd105b9f006b0bc2b8e6550fe3fc12f6e7c5b0f9
rathena-master/npc/pre-re/mobs/fields/einbroch.txt,دون تغيير,f620caf75512d77ebd28ea6517c59dc7750c3890404812e46ead86bc8759225e,f620caf75512d77ebd28ea6517c59dc7750c3890404812e46ead86bc8759225e
rathena-master/npc/pre-re/mobs/fields/geffen.txt,دون تغيير,2a5cd3bc6fe61db8c560b372c6697280676ec9ac8a8f7bdfcc29ca963cc29f83,2a5cd3bc6fe61db8c560b372c6697280676ec9ac8a8f7bdfcc29ca963cc29f83
rathena-master/npc/pre-re/mobs/fields/gonryun.txt,دون تغيير,183f981b3218d811a5891cd16f8e9d984945626971a8fdf5c6493acc2e74be93,183f981b3218d811a5891cd16f8e9d984945626971a8fdf5c6493acc2e74be93
rathena-master/npc/pre-re/mobs/fields/hugel.txt,دون تغيير,84aa37e2480ece46b0580167d5b9410ba82bcbb8c0a27d57a455d652382200bc,84aa37e2480ece46b0580167d5b9410ba82bcbb8c0a27d57a455d652382200bc
rathena-master/npc/pre-re/mobs/fields/lighthalzen.txt,دون تغيير,b37d46ed9d55fb9dbfbf8a51709e454a076c0bd782e3bc71d187669fc79f0b28,b37d46ed9d55fb9dbfbf8a51709e454a076c0bd782e3bc71d187669fc79f0b28
rathena-master/npc/pre-re/mobs/fields/louyang.txt,دون تغيير,cccfd672d227dc11aa3caaaaf50bf3717ba21af99aa09ff66d69095f8d6afa40,cccfd672d227dc11aa3caaaaf50bf3717ba21af99aa09ff66d69095f8d6afa40
rathena-master/npc/pre-re/mobs/fields/lutie.txt,دون تغيير,99775ad1cd244d2362a2f21b053ab1d23aa8656b25258dc0f0ddd7ec5e52ba1b,99775ad1cd244d2362a2f21b053ab1d23aa8656b25258dc0f0ddd7ec5e52ba1b
rathena-master/npc/pre-re/mobs/fields/manuk.txt,دون تغيير,bd8e844f7db1f0eb9587d68de60d42cd9b38205161f7d4525b821da90261ad99,bd8e844f7db1f0eb9587d68de60d42cd9b38205161f7d4525b821da90261ad99
rathena-master/npc/pre-re/mobs/fields/mjolnir.txt,دون تغيير,3b2d64a9111fe797340a0c9f5360cf96594f71fdd46d309e1323c18557a6f93e,3b2d64a9111fe797340a0c9f5360cf96594f71fdd46d309e1323c18557a6f93e
rathena-master/npc/pre-re/mobs/fields/morocc.txt,دون تغيير,211af3a3919b203bbde7d35ceb4fa9a75b3bf077e7b541c548f75c57595383ba,211af3a3919b203bbde7d35ceb4fa9a75b3bf077e7b541c548f75c57595383ba
rathena-master/npc/pre-re/mobs/fields/moscovia.txt,دون تغيير,5474756bd51e2fc7aae3e4164cd65639fd4e4d4cd37a5babf23eccb72cde8995,5474756bd51e2fc7aae3e4164cd65639fd4e4d4cd37a5babf23eccb72cde8995
rathena-master/npc/pre-re/mobs/fields/niflheim.txt,دون تغيير,1df1b2c8f2e60884160e705e64aaab8cc8d600d1f1770e1b5f8f16ee903641c4,1df1b2c8f2e60884160e705e64aaab8cc8d600d1f1770e1b5f8f16ee903641c4
rathena-master/npc/pre-re/mobs/fields/payon.txt,دون تغيير,0c9061e0aeb239e80676041495a06c2335660b41ad3e02246563782803c3fbd3,0c9061e0aeb239e80676041495a06c2335660b41ad3e02246563782803c3fbd3
rathena-master/npc/pre-re/mobs/fields/prontera.txt,دون تغيير,1d5a83c4707011dce37122442741c3d80e3084609795057b4d41e8817dc997bd,1d5a83c4707011dce37122442741c3d80e3084609795057b4d41e8817dc997bd
rathena-master/npc/pre-re/mobs/fields/rachel.txt,دون تغيير,ebb4375996f1f0550191cf920ecf8e25e0cafb526fa009ecaf2c70dc9faa89ca,ebb4375996f1f0550191cf920ecf8e25e0cafb526fa009ecaf2c70dc9faa89ca
rathena-master/npc/pre-re/mobs/fields/splendide.txt,دون تغيير,13578c650061cbb54ca5521cfdc0e4c23803c7bb2ae79f593be3aeab25e0996f,13578c650061cbb54ca5521cfdc0e4c23803c7bb2ae79f593be3aeab25e0996f
rathena-master/npc/pre-re/mobs/fields/umbala.txt,دون تغيير,2d0cca9c787303810c9cbf805439135b2301f06d53bfe51c5bd52a845334490a,2d0cca9c787303810c9cbf805439135b2301f06d53bfe51c5bd52a845334490a
rathena-master/npc/pre-re/mobs/fields/veins.txt,دون تغيير,751e5e4cb81912439ea52640ce96408c8d62f7a0a79cb347447a7de92cac72df,751e5e4cb81912439ea52640ce96408c8d62f7a0a79cb347447a7de92cac72df
rathena-master/npc/pre-re/mobs/fields/yuno.txt,دون تغيير,e9f5e79d3b9fffbe7bba826c98b3d02b9263f4141102cb72e105b94d8752f12b,e9f5e79d3b9fffbe7bba826c98b3d02b9263f4141102cb72e105b94d8752f12b
rathena-master/npc/pre-re/other/bulletin_boards.txt,دون تغيير,397d604c70e1ec2485fcefbf2ef61838337b828ee4c619092673212916126084,397d604c70e1ec2485fcefbf2ef61838337b828ee4c619092673212916126084
rathena-master/npc/pre-re/other/mercenary_rent.txt,دون تغيير,d892c8096c55a3e76e1a124be0278ec8dad164f39b17445763e7126860b67606,d892c8096c55a3e76e1a124be0278ec8dad164f39b17445763e7126860b67606
rathena-master/npc/pre-re/other/msg_boards.txt,دون تغيير,d6c29a4e9f65172dbef489ee3ddcafc8f9ed5e7d1cdfe7833c8aba203338625d,d6c29a4e9f65172dbef489ee3ddcafc8f9ed5e7d1cdfe7833c8aba203338625d
rathena-master/npc/pre-re/other/pvp.txt,دون تغيير,5436989691adb455f026254293ca3bc895f62ebfc13f4ef43e26b35114e739b7,5436989691adb455f026254293ca3bc895f62ebfc13f4ef43e26b35114e739b7
rathena-master/npc/pre-re/other/resetskill.txt,دون تغيير,b93400da339993e6c236c5d63e384a2793bc218d92fccb8856a3d4ad696b5e22,b93400da339993e6c236c5d63e384a2793bc218d92fccb8856a3d4ad696b5e22
rathena-master/npc/pre-re/other/turbo_track.txt,دون تغيير,891ec096c1f596865fddaa70ee927ee61a245754e29b2cf94b89f04b3233e06b,891ec096c1f596865fddaa70ee927ee61a245754e29b2cf94b89f04b3233e06b
rathena-master/npc/pre-re/quests/collection/quest_alligator.txt,دون تغيير,f797650819f0b94a5cdffb8eb85a783a363659922d15e561e357546dde7f164b,f797650819f0b94a5cdffb8eb85a783a363659922d15e561e357546dde7f164b
rathena-master/npc/pre-re/quests/collection/quest_caramel.txt,دون تغيير,c1798588832939dfa758d480b40c22ef6ccce50c8a8cdb724c3b9cbae12afc54,c1798588832939dfa758d480b40c22ef6ccce50c8a8cdb724c3b9cbae12afc54
rathena-master/npc/pre-re/quests/collection/quest_coco.txt,دون تغيير,8178b4c2574f814710870e7790b09cee068ab9c940565fed596c3a3b1da93213,8178b4c2574f814710870e7790b09cee068ab9c940565fed596c3a3b1da93213
rathena-master/npc/pre-re/quests/collection/quest_creamy.txt,دون تغيير,41e29d1e9285bdaa780c72e853949d180c2b23b6ddc07a82cb23b78b59648424,41e29d1e9285bdaa780c72e853949d180c2b23b6ddc07a82cb23b78b59648424
rathena-master/npc/pre-re/quests/collection/quest_demonpungus.txt,دون تغيير,8a5d6a421bf76b510b5f8a2c737077f112346ea04e654365b0a8f40d712df481,8a5d6a421bf76b510b5f8a2c737077f112346ea04e654365b0a8f40d712df481
rathena-master/npc/pre-re/quests/collection/quest_disguiseloliruri.txt,دون تغيير,e0e2298d955e0c65c5270774b56ceb3f1cb0905f328cf5461f03a0f77154c3f7,e0e2298d955e0c65c5270774b56ceb3f1cb0905f328cf5461f03a0f77154c3f7
rathena-master/npc/pre-re/quests/collection/quest_dokebi.txt,دون تغيير,9c3a42980df7c467c4bac16083ffdcda5105b4fe24fe3789783f03b503e22a40,9c3a42980df7c467c4bac16083ffdcda5105b4fe24fe3789783f03b503e22a40
rathena-master/npc/pre-re/quests/collection/quest_dryad.txt,دون تغيير,3fe2eb4e549a65a9d1c33f84cee6aa3dfb905fe5e597869d034b3fd21c0f4735,3fe2eb4e549a65a9d1c33f84cee6aa3dfb905fe5e597869d034b3fd21c0f4735
rathena-master/npc/pre-re/quests/collection/quest_fabre.txt,دون تغيير,91fb89130398ab2f2e6896007ebdd65e87d284defaa8091b1d025cc66149b68e,91fb89130398ab2f2e6896007ebdd65e87d284defaa8091b1d025cc66149b68e
rathena-master/npc/pre-re/quests/collection/quest_frilldora.txt,دون تغيير,bf1b16d45047eef72ccbd9cfaf85838aa7d99730e3be3fb99a4901bf3676a0e3,bf1b16d45047eef72ccbd9cfaf85838aa7d99730e3be3fb99a4901bf3676a0e3
rathena-master/npc/pre-re/quests/collection/quest_goat.txt,دون تغيير,5cd21de50acc64d4de968a3d1d35652819a69d77314bd8e1b8e213ece6fd547a,5cd21de50acc64d4de968a3d1d35652819a69d77314bd8e1b8e213ece6fd547a
rathena-master/npc/pre-re/quests/collection/quest_golem.txt,دون تغيير,feee49de8a03f6789a2a30b5fc07b6396193883a2ce74beae8a5e5eb3035f075,feee49de8a03f6789a2a30b5fc07b6396193883a2ce74beae8a5e5eb3035f075
rathena-master/npc/pre-re/quests/collection/quest_hode.txt,دون تغيير,449bb40496c85aa0ecb53a080a93fda7ff1de3aa4fec8aab712466e55334fa2e,449bb40496c85aa0ecb53a080a93fda7ff1de3aa4fec8aab712466e55334fa2e
rathena-master/npc/pre-re/quests/collection/quest_leafcat.txt,دون تغيير,c4387918912010e71a662fc13c43db775e6fa3e36fd9c3336b910e17a729c0cb,c4387918912010e71a662fc13c43db775e6fa3e36fd9c3336b910e17a729c0cb
rathena-master/npc/pre-re/quests/collection/quest_mantis.txt,دون تغيير,3ec4f5962466d14839940e20e51433bcea76e4c87e5969545caa4dd9e7190d7e,3ec4f5962466d14839940e20e51433bcea76e4c87e5969545caa4dd9e7190d7e
rathena-master/npc/pre-re/quests/collection/quest_pecopeco.txt,دون تغيير,7ecf3ba43b62d13767cf0a99087c6322d92eb888fbae63bd9f1d059c45d240a9,7ecf3ba43b62d13767cf0a99087c6322d92eb888fbae63bd9f1d059c45d240a9
rathena-master/npc/pre-re/quests/collection/quest_pupa.txt,دون تغيير,b0844c6673d0006fcf3c1300bf5ca047132a73bb61b7a69dbdc758c072732fd0,b0844c6673d0006fcf3c1300bf5ca047132a73bb61b7a69dbdc758c072732fd0
rathena-master/npc/pre-re/quests/collection/quest_zhupolong.txt,دون تغيير,a93a72e3f44e284a1560312e6c88ab7e45d94847c657ebc7fde440221f811a2f,a93a72e3f44e284a1560312e6c88ab7e45d94847c657ebc7fde440221f811a2f
rathena-master/npc/pre-re/quests/cooking_quest.txt,دون تغيير,394d33c7e880820e6bf0e57d469d3cadd5a350e1337cdba7367734d2862eb362,394d33c7e880820e6bf0e57d469d3cadd5a350e1337cdba7367734d2862eb362
rathena-master/npc/pre-re/quests/first_class/tu_archer.txt,دون تغيير,e113b8a075d3683334fc1df8b0c6f35fae8f6bf99cd5a3c8aa00ed40b024c63b,e113b8a075d3683334fc1df8b0c6f35fae8f6bf99cd5a3c8aa00ed40b024c63b
rathena-master/npc/pre-re/quests/monstertamers.txt,دون تغيير,487c902654292949b9c6ee5f5871a9ed5f0aa562d34e27d326a61cbd04b597a3,487c902654292949b9c6ee5f5871a9ed5f0aa562d34e27d326a61cbd04b597a3
rathena-master/npc/pre-re/quests/mrsmile.txt,دون تغيير,523408644d62d971566750dfdd4c44b6481240cfa9d5bc658ba9711f97412391,523408644d62d971566750dfdd4c44b6481240cfa9d5bc658ba9711f97412391
rathena-master/npc/pre-re/quests/quest_payon.txt,دون تغيير,b8783f3809c48c935794d42127b2db9ec0697cd04e8861c806d5e8065fb05e4f,b8783f3809c48c935794d42127b2db9ec0697cd04e8861c806d5e8065fb05e4f
rathena-master/npc/pre-re/quests/quests_13_1.txt,دون تغيير,164b6c7476aa06bc1fd5e83cf3bc82a331aa09e8d42045eb5750f09eb455b2aa,164b6c7476aa06bc1fd5e83cf3bc82a331aa09e8d42045eb5750f09eb455b2aa
rathena-master/npc/pre-re/quests/quests_izlude.txt,دون تغيير,0ca85d9cfe055be40e5fd9338de33e1df8c780e335cfd1b79feca6900e8ad7e7,0ca85d9cfe055be40e5fd9338de33e1df8c780e335cfd1b79feca6900e8ad7e7
rathena-master/npc/pre-re/quests/quests_lighthalzen.txt,دون تغيير,07f17b6dd6e0ef8196be97bc89ae3632102a1ee34ae975df27290ff4aa9478d8,07f17b6dd6e0ef8196be97bc89ae3632102a1ee34ae975df27290ff4aa9478d8
rathena-master/npc/pre-re/quests/quests_morocc.txt,دون تغيير,7b67435309ad4f5268b70ff3fb6b2e04ae21b7c3d0ea6cfa1af4237e0560e75c,7b67435309ad4f5268b70ff3fb6b2e04ae21b7c3d0ea6cfa1af4237e0560e75c
rathena-master/npc/pre-re/quests/quests_nameless.txt,دون تغيير,32812240196dc7af9359174ec1f4c3bc8a5ca60eee1ea65fdf11d4d179f8ec67,32812240196dc7af9359174ec1f4c3bc8a5ca60eee1ea65fdf11d4d179f8ec67
rathena-master/npc/pre-re/quests/quests_niflheim.txt,دون تغيير,5dd650c4d00b807881d938d6d07198152fc13a0aaec32709d50a156480fa2e1f,5dd650c4d00b807881d938d6d07198152fc13a0aaec32709d50a156480fa2e1f
rathena-master/npc/pre-re/quests/quests_veins.txt,دون تغيير,bcb2780df625856c61b1cb676d6394513eb30567c3fb18163ba695e951ab4ff5,bcb2780df625856c61b1cb676d6394513eb30567c3fb18163ba695e951ab4ff5
rathena-master/npc/pre-re/quests/seals/brisingamen_seal.txt,دون تغيير,fa922a6e7a8814a960c44322d2b748bd2a8ba6a1490c61e86aab912222f80459,fa922a6e7a8814a960c44322d2b748bd2a8ba6a1490c61e86aab912222f80459
rathena-master/npc/pre-re/quests/seals/megingard_seal.txt,دون تغيير,726051e587a5fd6382daa390aca886d108fc4fef2b16fbb21c182a6bfe931923,726051e587a5fd6382daa390aca886d108fc4fef2b16fbb21c182a6bfe931923
rathena-master/npc/pre-re/quests/skills/swordman_skills.txt,دون تغيير,1b407ae0ea7059ed7734db8bc6b76e0ceac4d68ffe4bf59cd16f3088bc81267d,1b407ae0ea7059ed7734db8bc6b76e0ceac4d68ffe4bf59cd16f3088bc81267d
rathena-master/npc/pre-re/quests/the_sign_quest.txt,دون تغيير,60d74936d0726d9eea4e36eaf207587c52690bfdffac5272896f2d5871d7e2ee,60d74936d0726d9eea4e36eaf207587c52690bfdffac5272896f2d5871d7e2ee
rathena-master/npc/pre-re/scripts_athena.conf,دون تغيير,4fb0a4031c5563d052999c88672c96b12a401b38397a47a6fbdafad14475c353,4fb0a4031c5563d052999c88672c96b12a401b38397a47a6fbdafad14475c353
rathena-master/npc/pre-re/scripts_jobs.conf,دون تغيير,8ab291ecd1937b833f4315070a89f4766042e2e1e3a073f82723e5bd57313ed0,8ab291ecd1937b833f4315070a89f4766042e2e1e3a073f82723e5bd57313ed0
rathena-master/npc/pre-re/scripts_main.conf,دون تغيير,cf5a2547073b5134983334653936aa91dfb1479e5f8af47c41275d0046e0491e,cf5a2547073b5134983334653936aa91dfb1479e5f8af47c41275d0046e0491e
rathena-master/npc/pre-re/scripts_mapflags.conf,دون تغيير,d8baaa365902c0a088acc112b8d8693be67ba3b04d270c8996e441af38125dba,d8baaa365902c0a088acc112b8d8693be67ba3b04d270c8996e441af38125dba
rathena-master/npc/pre-re/scripts_monsters.conf,دون تغيير,1b7829feb0abca5791b9b6f7b48b579387babe5378985b721296308e377b7706,1b7829feb0abca5791b9b6f7b48b579387babe5378985b721296308e377b7706
rathena-master/npc/pre-re/scripts_warps.conf,دون تغيير,c55844d37142ffbef9471683567b0867dd735cd8f183035ce6f54515398194bf,c55844d37142ffbef9471683567b0867dd735cd8f183035ce6f54515398194bf
rathena-master/npc/pre-re/warps/cities/alberta.txt,دون تغيير,0ee1243f03a49f75191d7b337b303b125200aaf951231f5174c810dd61b0c24c,0ee1243f03a49f75191d7b337b303b125200aaf951231f5174c810dd61b0c24c
rathena-master/npc/pre-re/warps/cities/einbroch.txt,دون تغيير,149b9df6eaab3d819aea0b418e2425ee83f5563deb27f93728ef8dbb7fae5758,149b9df6eaab3d819aea0b418e2425ee83f5563deb27f93728ef8dbb7fae5758
rathena-master/npc/pre-re/warps/cities/izlude.txt,دون تغيير,fa3a62d5cb18da67d05096d9bb8df85508a477a15cd0baea7eb6b22f46476637,fa3a62d5cb18da67d05096d9bb8df85508a477a15cd0baea7eb6b22f46476637
rathena-master/npc/pre-re/warps/cities/prontera.txt,دون تغيير,5c76624a333fc8716c9622f99b8e9666f7350b93a0c502ca9068be7231fe5742,5c76624a333fc8716c9622f99b8e9666f7350b93a0c502ca9068be7231fe5742
rathena-master/npc/pre-re/warps/cities/rachel.txt,دون تغيير,e1eaad52ca4419c315ff255f521827e099d092438fe266ebcb3bcfc7900f94ad,e1eaad52ca4419c315ff255f521827e099d092438fe266ebcb3bcfc7900f94ad
rathena-master/npc/pre-re/warps/cities/yggdrasil.txt,دون تغيير,ed61d010f09a560945da0ac03844bd7d451b34079fbdedfb633413a52122c2c7,ed61d010f09a560945da0ac03844bd7d451b34079fbdedfb633413a52122c2c7
rathena-master/npc/pre-re/warps/fields/com_fild.txt,دون تغيير,23b83cf781b86f0181d6a0eec9da313e197ef1aa2792f5a6ba37c49dcf90ae2a,23b83cf781b86f0181d6a0eec9da313e197ef1aa2792f5a6ba37c49dcf90ae2a
rathena-master/npc/pre-re/warps/fields/geffen_fild.txt,دون تغيير,7e8cf96e489f3ad9114cfedd419277879313c4a665fc4fd4c4387b63ab4753ba,7e8cf96e489f3ad9114cfedd419277879313c4a665fc4fd4c4387b63ab4753ba
rathena-master/npc/pre-re/warps/fields/hugel_fild.txt,دون تغيير,ff365ad178bfa8253f7ed404aac21391b6df4055353cd118686b5f6ffa107e3d,ff365ad178bfa8253f7ed404aac21391b6df4055353cd118686b5f6ffa107e3d
rathena-master/npc/pre-re/warps/fields/morroc_fild.txt,دون تغيير,5d78f05ef3fe836960391b20d687ab3f82fbad243c61ee3583614e8126e78515,5d78f05ef3fe836960391b20d687ab3f82fbad243c61ee3583614e8126e78515
rathena-master/npc/pre-re/warps/fields/payon_fild.txt,دون تغيير,038e2107770e9e3c12b29953b2bee94840f982783322883a1845e8f2dd62b6cb,038e2107770e9e3c12b29953b2bee94840f982783322883a1845e8f2dd62b6cb
rathena-master/npc/pre-re/warps/fields/prontera_fild.txt,دون تغيير,95bb6688dff1489103dae3588552a6678f8d858075fa475f318a4191788b31e0,95bb6688dff1489103dae3588552a6678f8d858075fa475f318a4191788b31e0
rathena-master/npc/pre-re/warps/fields/rachel_fild.txt,دون تغيير,c65b01d1d26e972ff5d2dc4adb5fc4d78ad8d40054563cb5773fee14923f55a6,c65b01d1d26e972ff5d2dc4adb5fc4d78ad8d40054563cb5773fee14923f55a6
rathena-master/npc/pre-re/warps/fields/veins_fild.txt,دون تغيير,d9a7a8ca02a3c03d83e624d8e4dcff9915de9af79301e488d578a25d2e4fe5b1,d9a7a8ca02a3c03d83e624d8e4dcff9915de9af79301e488d578a25d2e4fe5b1
rathena-master/npc/pre-re/warps/fields/yuno_fild.txt,دون تغيير,c1ecbe6d73fe8b3ec64edde6dcb215b8afc01b420380b2e2e8c34c8f8428828b,c1ecbe6d73fe8b3ec64edde6dcb215b8afc01b420380b2e2e8c34c8f8428828b
rathena-master/npc/pre-re/warps/guildcastles.txt,دون تغيير,016b5c73dcd601098d4d9e582591ed4a72420c51de9ea4e8bbc2b192b54e7016,016b5c73dcd601098d4d9e582591ed4a72420c51de9ea4e8bbc2b192b54e7016
rathena-master/npc/pre-re/warps/other/arena.txt,دون تغيير,8787b7b39425c26018db7823a121e809329ccefce1ae90dfcfd095312709a67a,8787b7b39425c26018db7823a121e809329ccefce1ae90dfcfd095312709a67a
rathena-master/npc/pre-re/warps/other/sign.txt,دون تغيير,0f62fd92c4a7cced3150e326810a68d55d25a53d7ba748577ffbb490ef9c1b0d,0f62fd92c4a7cced3150e326810a68d55d25a53d7ba748577ffbb490ef9c1b0d
rathena-master/npc/quests/bard_quest.txt,دون تغيير,0845641ae957d8476be3632f91ca4018a781267dff8cb7b76d9529ad4df915dc,0845641ae957d8476be3632f91ca4018a781267dff8cb7b76d9529ad4df915dc
rathena-master/npc/quests/bunnyband.txt,دون تغيير,cf6eba0f3e7fb6038071b2c374b398e5d89dd02dfe91e8a4835395af2672437c,cf6eba0f3e7fb6038071b2c374b398e5d89dd02dfe91e8a4835395af2672437c
rathena-master/npc/quests/cooking_quest.txt,دون تغيير,e297de052e98e8405f7a4a5d32ac0d70b17332254b5da896a3c20d037e91c5bd,e297de052e98e8405f7a4a5d32ac0d70b17332254b5da896a3c20d037e91c5bd
rathena-master/npc/quests/counteragent_mixture.txt,دون تغيير,a370ae6628ba317957992feaf426872fa37265ba24f8a4d3dd6995c60a28e44d,a370ae6628ba317957992feaf426872fa37265ba24f8a4d3dd6995c60a28e44d
rathena-master/npc/quests/dandelion_request.txt,دون تغيير,3e2fb288097bdcb92fdd94a73ee2501985ebd943bbcbea525fc2e3d9292ef431,3e2fb288097bdcb92fdd94a73ee2501985ebd943bbcbea525fc2e3d9292ef431
rathena-master/npc/quests/doomed_swords.txt,دون تغيير,364ab7276ba1c679e50d70187376673425e40d63c001cd53f25a5cd038365333,364ab7276ba1c679e50d70187376673425e40d63c001cd53f25a5cd038365333
rathena-master/npc/quests/doomed_swords_quest.txt,دون تغيير,f36622d38aa99a6601c459fa70add2d557309cafa0cfc557720f2d72314f34af,f36622d38aa99a6601c459fa70add2d557309cafa0cfc557720f2d72314f34af
rathena-master/npc/quests/eye_of_hellion.txt,دون تغيير,b5c49e92ba01ecaabd050fd3672c32d9893f30550bbd4eeb297de7a4a397970e,b5c49e92ba01ecaabd050fd3672c32d9893f30550bbd4eeb297de7a4a397970e
rathena-master/npc/quests/first_class/tu_acolyte.txt,دون تغيير,bf22b1ea0482725007c67885b5816f58e10e2e1a7fb993645f183293a4c4998f,bf22b1ea0482725007c67885b5816f58e10e2e1a7fb993645f183293a4c4998f
rathena-master/npc/quests/first_class/tu_archer.txt,دون تغيير,0d04998217ff4835fb466a2d12eebc301c84e0a778e5200cf569944c9d55158a,0d04998217ff4835fb466a2d12eebc301c84e0a778e5200cf569944c9d55158a
rathena-master/npc/quests/first_class/tu_ma_th01.txt,دون تغيير,d6ad62dd1300a0d9bd8939251a9b36e683fe1a372335d8be507d147ff7b3dfbe,d6ad62dd1300a0d9bd8939251a9b36e683fe1a372335d8be507d147ff7b3dfbe
rathena-master/npc/quests/first_class/tu_magician01.txt,دون تغيير,a83456e85c4fca68eab9a77ee4db6be8d794f2dfd250da7046074f16fadb58e0,a83456e85c4fca68eab9a77ee4db6be8d794f2dfd250da7046074f16fadb58e0
rathena-master/npc/quests/first_class/tu_merchant.txt,دون تغيير,927f8cc4b9dec328fe244bbd51a4aca85816136b33b3406d9abb11207f092779,927f8cc4b9dec328fe244bbd51a4aca85816136b33b3406d9abb11207f092779
rathena-master/npc/quests/first_class/tu_sword.txt,دون تغيير,d2579ec08bb5c6fefc60d3f5411093647b729ac0b9e184315724a73e9ca16582,d2579ec08bb5c6fefc60d3f5411093647b729ac0b9e184315724a73e9ca16582
rathena-master/npc/quests/first_class/tu_thief01.txt,دون تغيير,ccfd72f7463cb70db906134f84a12c0dd003785ff8b6f9cf5268ca3c69ae27d9,ccfd72f7463cb70db906134f84a12c0dd003785ff8b6f9cf5268ca3c69ae27d9
rathena-master/npc/quests/guildrelay.txt,دون تغيير,36e090752576999aa037ef11010215860341c5fa238614229c8dac3c7876ec1d,36e090752576999aa037ef11010215860341c5fa238614229c8dac3c7876ec1d
rathena-master/npc/quests/gunslinger_quests.txt,دون تغيير,702500828394dcb89e2693bfc05fe2540160ce92d27cf27496d85592c5cab4fc,702500828394dcb89e2693bfc05fe2540160ce92d27cf27496d85592c5cab4fc
rathena-master/npc/quests/juice_maker.txt,دون تغيير,2ac2d2d680e3c0591a9fbd882691712a45d288a32c5aba47fea3dedce8a34793,2ac2d2d680e3c0591a9fbd882691712a45d288a32c5aba47fea3dedce8a34793
rathena-master/npc/quests/kiel_hyre_quest.txt,دون تغيير,c956d2aa400b004e54ca802ddeeb699d46a9fe91905879e0837c33de2c534a5a,c956d2aa400b004e54ca802ddeeb699d46a9fe91905879e0837c33de2c534a5a
rathena-master/npc/quests/lvl4_weapon_quest.txt,دون تغيير,a71709775fa17dc8ce7df845c97b8c29c138c122838220ee6a3536ceed3e68c8,a71709775fa17dc8ce7df845c97b8c29c138c122838220ee6a3536ceed3e68c8
rathena-master/npc/quests/mage_solution.txt,دون تغيير,4baf879933326de03940d21bcb20b8f500414a523db67ff8b81eb1dc127256ca,4baf879933326de03940d21bcb20b8f500414a523db67ff8b81eb1dc127256ca
rathena-master/npc/quests/monstertamers.txt,دون تغيير,c760f53d53581b661081e70e602f0506e3d919ee130a189b9dc6b4ff745e9558,c760f53d53581b661081e70e602f0506e3d919ee130a189b9dc6b4ff745e9558
rathena-master/npc/quests/mrsmile.txt,دون تغيير,0c3611e05c57a37052200096cb23f5662d74d021aa1b49b4616b28d4479b3557,0c3611e05c57a37052200096cb23f5662d74d021aa1b49b4616b28d4479b3557
rathena-master/npc/quests/newgears/2004_headgears.txt,دون تغيير,fb27f8ff1882848cb3a28f0165953f51f9d348646977419faa256bb1156ae799,fb27f8ff1882848cb3a28f0165953f51f9d348646977419faa256bb1156ae799
rathena-master/npc/quests/newgears/2005_headgears.txt,دون تغيير,cb16e9694932fca0706bd160253c9ab3221a5d9429dcf21fabd8e16396be489b,cb16e9694932fca0706bd160253c9ab3221a5d9429dcf21fabd8e16396be489b
rathena-master/npc/quests/newgears/2006_headgears.txt,دون تغيير,2da464139fa6dab0ec61d52256ffebc323f14bc34fd096213bee0cf29306f08c,2da464139fa6dab0ec61d52256ffebc323f14bc34fd096213bee0cf29306f08c
rathena-master/npc/quests/newgears/2008_headgears.txt,دون تغيير,b1e493800d59d64ac547a727602904c4bb80b33a31ac3b9829ec542e0ddca33a,b1e493800d59d64ac547a727602904c4bb80b33a31ac3b9829ec542e0ddca33a
rathena-master/npc/quests/ninja_quests.txt,دون تغيير,11170a4fe99aec64215ac3dc439800d64d185f22e32988fb6bfb750a6cb78643,11170a4fe99aec64215ac3dc439800d64d185f22e32988fb6bfb750a6cb78643
rathena-master/npc/quests/obb_quest.txt,دون تغيير,270980d840c785b3bb0bc5bd2dbc7d4e08393d5f76b3bbf102ac9a98fe06d503,270980d840c785b3bb0bc5bd2dbc7d4e08393d5f76b3bbf102ac9a98fe06d503
rathena-master/npc/quests/okolnir.txt,دون تغيير,ce21bb24c137d8e376bd49cf6df0043723904cd496751cb3dbad991bb4240e1e,ce21bb24c137d8e376bd49cf6df0043723904cd496751cb3dbad991bb4240e1e
rathena-master/npc/quests/partyrelay.txt,دون تغيير,5583a55f8a1ebeed2368ea0b5ad31c673288154294b7c51435f551074afedeb5,5583a55f8a1ebeed2368ea0b5ad31c673288154294b7c51435f551074afedeb5
rathena-master/npc/quests/quests_13_1.txt,دون تغيير,5b32f6c3a30b7393662633c1ad75e8d46f4fab77b47af98c2ea72c64d1f26dfc,5b32f6c3a30b7393662633c1ad75e8d46f4fab77b47af98c2ea72c64d1f26dfc
rathena-master/npc/quests/quests_13_2.txt,دون تغيير,d8723758993e0ecbd8c08ea70ff47cc2fb5168672c84733fffb2a9a920fa4d2c,d8723758993e0ecbd8c08ea70ff47cc2fb5168672c84733fffb2a9a920fa4d2c
rathena-master/npc/quests/quests_airship.txt,دون تغيير,3771998a08ec7349345c8168d918cdb8b52af28e5c7f11ec4f7335652a87f287,3771998a08ec7349345c8168d918cdb8b52af28e5c7f11ec4f7335652a87f287
rathena-master/npc/quests/quests_alberta.txt,دون تغيير,8f9cdaaf0359de839345654c7c55d192db93b319a3efb85f933e37425ed79441,8f9cdaaf0359de839345654c7c55d192db93b319a3efb85f933e37425ed79441
rathena-master/npc/quests/quests_aldebaran.txt,دون تغيير,8df86e323f76affbddedbe64ee9c8543e10f660d1bea842d8e4fddc09101ed7d,8df86e323f76affbddedbe64ee9c8543e10f660d1bea842d8e4fddc09101ed7d
rathena-master/npc/quests/quests_amatsu.txt,دون تغيير,16701e84b4d1e2f62e68feada31d1a4af6d51faeae2beee9b93b8fe520b49b73,16701e84b4d1e2f62e68feada31d1a4af6d51faeae2beee9b93b8fe520b49b73
rathena-master/npc/quests/quests_ayothaya.txt,دون تغيير,a7ce100a9361129e71a27c4e5700a66c15a68331a3cb18d87ef9d4456cf2b4f7,a7ce100a9361129e71a27c4e5700a66c15a68331a3cb18d87ef9d4456cf2b4f7
rathena-master/npc/quests/quests_brasilis.txt,دون تغيير,388709c2983868ae48bbb6f71552d01d40c111eea5bfac78a119ba283a6bc80e,388709c2983868ae48bbb6f71552d01d40c111eea5bfac78a119ba283a6bc80e
rathena-master/npc/quests/quests_comodo.txt,دون تغيير,e835412717c891940b1eacf639a5c4d571a97d06a6b11528c7b443392b696970,e835412717c891940b1eacf639a5c4d571a97d06a6b11528c7b443392b696970
rathena-master/npc/quests/quests_ein.txt,دون تغيير,1f2e78fb1bd0f3529887f72de560e8f53d9b44df641f61d1d93df42cda0697c0,1f2e78fb1bd0f3529887f72de560e8f53d9b44df641f61d1d93df42cda0697c0
rathena-master/npc/quests/quests_geffen.txt,دون تغيير,abbba3a06f02470cfd6d592611ea8e1d62dc23d54d1998e64b85ff0a6d0957ee,abbba3a06f02470cfd6d592611ea8e1d62dc23d54d1998e64b85ff0a6d0957ee
rathena-master/npc/quests/quests_gonryun.txt,دون تغيير,a63bc341abcf4a8168a650fd1f052a8cb24a84e67b98f07b62d9473191c2cac1,a63bc341abcf4a8168a650fd1f052a8cb24a84e67b98f07b62d9473191c2cac1
rathena-master/npc/quests/quests_hugel.txt,دون تغيير,61776f6fb3c534e51baae8c8a4cc899f267e70091e6b012a9609c093961a37c7,61776f6fb3c534e51baae8c8a4cc899f267e70091e6b012a9609c093961a37c7
rathena-master/npc/quests/quests_izlude.txt,دون تغيير,ec1bb51d592b042f3a4a916d2705f07c110f97669bcbea4cf23271ca7953ea52,ec1bb51d592b042f3a4a916d2705f07c110f97669bcbea4cf23271ca7953ea52
rathena-master/npc/quests/quests_juperos.txt,دون تغيير,2e25ce30868c7ad2710f602e5998b789623e1a45c312f8d9aefdd2dc64d48144,2e25ce30868c7ad2710f602e5998b789623e1a45c312f8d9aefdd2dc64d48144
rathena-master/npc/quests/quests_lighthalzen.txt,دون تغيير,86557b440582def3d3718869cebd36fe377e23cdab59e065ab736d17a5fdc4ea,86557b440582def3d3718869cebd36fe377e23cdab59e065ab736d17a5fdc4ea
rathena-master/npc/quests/quests_louyang.txt,دون تغيير,60418b0327b2b3841deb645bdb34f2d2700ecadb4f654ee37fc109fb9ebb3555,60418b0327b2b3841deb645bdb34f2d2700ecadb4f654ee37fc109fb9ebb3555
rathena-master/npc/quests/quests_lutie.txt,دون تغيير,0546a168d66bff9c7c75c5d55ac2fc64e8477694b865240d8154b3a57fa391f2,0546a168d66bff9c7c75c5d55ac2fc64e8477694b865240d8154b3a57fa391f2
rathena-master/npc/quests/quests_morocc.txt,دون تغيير,39227f500719423984b6c1e0ab22b8cc6c1b8a300f6d818cfd634fd6d475803e,39227f500719423984b6c1e0ab22b8cc6c1b8a300f6d818cfd634fd6d475803e
rathena-master/npc/quests/quests_moscovia.txt,دون تغيير,9683669ebd4c7d6e3492b4d1112922bc8675c09eb106946cb9e17781f3f66dc8,9683669ebd4c7d6e3492b4d1112922bc8675c09eb106946cb9e17781f3f66dc8
rathena-master/npc/quests/quests_nameless.txt,دون تغيير,f7edcca62bdd893cc5878d2d7c770e525a49ca228d119b43914b2db8ec84ab5f,f7edcca62bdd893cc5878d2d7c770e525a49ca228d119b43914b2db8ec84ab5f
rathena-master/npc/quests/quests_niflheim.txt,دون تغيير,11dcd4e9b83207c88ec345dc63f3506975418d40311400b1f4d01a04acb9f239,11dcd4e9b83207c88ec345dc63f3506975418d40311400b1f4d01a04acb9f239
rathena-master/npc/quests/quests_payon.txt,دون تغيير,e5212d2db279a2ca99fa17918a55322d170f464ad4bab55ef51a9fc2647b5c44,e5212d2db279a2ca99fa17918a55322d170f464ad4bab55ef51a9fc2647b5c44
rathena-master/npc/quests/quests_prontera.txt,دون تغيير,7e5c947e5cf28a069a5cfaefb94de588cceb2d03440fd9782c2890d2e4bf95fe,7e5c947e5cf28a069a5cfaefb94de588cceb2d03440fd9782c2890d2e4bf95fe
rathena-master/npc/quests/quests_rachel.txt,دون تغيير,eb6131d2f0dd057bd35c71385faa5d01db8d5b82a8af0a732720a6dbd9d13825,eb6131d2f0dd057bd35c71385faa5d01db8d5b82a8af0a732720a6dbd9d13825
rathena-master/npc/quests/quests_umbala.txt,دون تغيير,aaa442335b87a19da6c3317a075048c938d321258eeff78fd4a8f3d7b565596d,aaa442335b87a19da6c3317a075048c938d321258eeff78fd4a8f3d7b565596d
rathena-master/npc/quests/quests_veins.txt,دون تغيير,6d561a7d879c4902f20467d0d82d24f32593c2ffc97c27411913067c37b488cc,6d561a7d879c4902f20467d0d82d24f32593c2ffc97c27411913067c37b488cc
rathena-master/npc/quests/quests_yuno.txt,دون تغيير,a859d19160a6046909c1b581c9f76cf36c466cc49b0228061243a92da3770fe2,a859d19160a6046909c1b581c9f76cf36c466cc49b0228061243a92da3770fe2
rathena-master/npc/quests/seals/brisingamen_seal.txt,دون تغيير,c1bd15c82776a4ca78a8dea4786c30490fca6303543d37dfe7eba603c4771c83,c1bd15c82776a4ca78a8dea4786c30490fca6303543d37dfe7eba603c4771c83
rathena-master/npc/quests/seals/god_global.txt,دون تغيير,ec7e3080ef8e54b26a347cedf30bf1035eb07fb3823560547703dde172f2dd50,ec7e3080ef8e54b26a347cedf30bf1035eb07fb3823560547703dde172f2dd50
rathena-master/npc/quests/seals/god_weapon_creation.txt,دون تغيير,42c99b1b1ce32eb5e4c73a647c84f6d12d1ef895b26decac55c8f8c01c80afd9,42c99b1b1ce32eb5e4c73a647c84f6d12d1ef895b26decac55c8f8c01c80afd9
rathena-master/npc/quests/seals/megingard_seal.txt,دون تغيير,fd7c50d98476286cd5475945678ff60f39bd6e1de7d862d032dd2469c2412e86,fd7c50d98476286cd5475945678ff60f39bd6e1de7d862d032dd2469c2412e86
rathena-master/npc/quests/seals/mjolnir_seal.txt,دون تغيير,19c411ea57d9ce2bfa50fa55c890faba26ac030eea8d6fed214d1ee663a49032,19c411ea57d9ce2bfa50fa55c890faba26ac030eea8d6fed214d1ee663a49032
rathena-master/npc/quests/seals/seal_status.txt,دون تغيير,d4b46569a8423fd3f1d81b3443d1fb29f762c46647dec49da8babed6b06d6caf,d4b46569a8423fd3f1d81b3443d1fb29f762c46647dec49da8babed6b06d6caf
rathena-master/npc/quests/seals/sleipnir_seal.txt,دون تغيير,325f1b62e393adf6ad652041dc8e117eed93b4cb3c6f9136670ce261bccb0fb6,325f1b62e393adf6ad652041dc8e117eed93b4cb3c6f9136670ce261bccb0fb6
rathena-master/npc/quests/skills/acolyte_skills.txt,دون تغيير,79011569ea5b25f336bdb824bf3ce168ca4ceb47e942e7de4fd9a610b3be3b40,79011569ea5b25f336bdb824bf3ce168ca4ceb47e942e7de4fd9a610b3be3b40
rathena-master/npc/quests/skills/alchemist_skills.txt,دون تغيير,c3d16066ca432039d46a811880a38c189df42387400cfb5157c11d5dc67dbfa3,c3d16066ca432039d46a811880a38c189df42387400cfb5157c11d5dc67dbfa3
rathena-master/npc/quests/skills/archer_skills.txt,دون تغيير,c73e77e02006196cfd4a5274eca12b1b8051d77efb8b34c86dcad02e7987f8c5,c73e77e02006196cfd4a5274eca12b1b8051d77efb8b34c86dcad02e7987f8c5
rathena-master/npc/quests/skills/assassin_skills.txt,دون تغيير,5747c7316faf0c2341bd09dddc655ff01242a5587cf02c2e027826525f84d9ad,5747c7316faf0c2341bd09dddc655ff01242a5587cf02c2e027826525f84d9ad
rathena-master/npc/quests/skills/bard_skills.txt,دون تغيير,b306fcd269b40299c23c7473cd9c3fadb045c07c35fd3b63fb73e6100b51564e,b306fcd269b40299c23c7473cd9c3fadb045c07c35fd3b63fb73e6100b51564e
rathena-master/npc/quests/skills/blacksmith_skills.txt,دون تغيير,815c90d8b7924a5b1f2eae95258229bf94279a88904b1c591ff3809b5b7ac80b,815c90d8b7924a5b1f2eae95258229bf94279a88904b1c591ff3809b5b7ac80b
rathena-master/npc/quests/skills/crusader_skills.txt,دون تغيير,4238f3ed6e6db86261e59260ea2a7b6885576a465d19616bc0edeb00a6a6df83,4238f3ed6e6db86261e59260ea2a7b6885576a465d19616bc0edeb00a6a6df83
rathena-master/npc/quests/skills/dancer_skills.txt,دون تغيير,de9b78aba0da6e1d376bddd05610c319a205551b2b1eaae973841abf0cddac6a,de9b78aba0da6e1d376bddd05610c319a205551b2b1eaae973841abf0cddac6a
rathena-master/npc/quests/skills/hunter_skills.txt,دون تغيير,3b392f2af942fa6fa03b5a13e485d9e55871006fea4d748ae24e09d5c9b86e5a,3b392f2af942fa6fa03b5a13e485d9e55871006fea4d748ae24e09d5c9b86e5a
rathena-master/npc/quests/skills/knight_skills.txt,دون تغيير,ee80af813425e8f90aedd71da293faff9e6b19537db6e46ff918ef4bee26375b,ee80af813425e8f90aedd71da293faff9e6b19537db6e46ff918ef4bee26375b
rathena-master/npc/quests/skills/mage_skills.txt,دون تغيير,2120da38dca46e8c8e8c45e369e7be88345dca1985e966eb7975e58b3bc179b9,2120da38dca46e8c8e8c45e369e7be88345dca1985e966eb7975e58b3bc179b9
rathena-master/npc/quests/skills/merchant_skills.txt,دون تغيير,72f9d01a458bb2e80fc2a7f6a76999fc66ba221dc77d86abab9e4cfa768c760d,72f9d01a458bb2e80fc2a7f6a76999fc66ba221dc77d86abab9e4cfa768c760d
rathena-master/npc/quests/skills/monk_skills.txt,دون تغيير,2ce8bbc2e778ab0b12254a0f3cb60cdefd7a18f915f5164b3cc97727977c8185,2ce8bbc2e778ab0b12254a0f3cb60cdefd7a18f915f5164b3cc97727977c8185
rathena-master/npc/quests/skills/novice_skills.txt,دون تغيير,71d3e7f676bc83de8e529d13af8ff379cac9827d122b9d6bbe2011fa9aad562c,71d3e7f676bc83de8e529d13af8ff379cac9827d122b9d6bbe2011fa9aad562c
rathena-master/npc/quests/skills/priest_skills.txt,دون تغيير,07e30eee60110feefd6db7bff58e22841fc855fef1226f92d21153b31bcd979c,07e30eee60110feefd6db7bff58e22841fc855fef1226f92d21153b31bcd979c
rathena-master/npc/quests/skills/rogue_skills.txt,دون تغيير,15654f0fdeb3493291e0852582f73320cd021fb5c9d35ab683333e27eb56921c,15654f0fdeb3493291e0852582f73320cd021fb5c9d35ab683333e27eb56921c
rathena-master/npc/quests/skills/sage_skills.txt,دون تغيير,f1688f6d04b81c11f8b3f0b7e260f4477972cb8aa2e3981be90f9e764d9e9402,f1688f6d04b81c11f8b3f0b7e260f4477972cb8aa2e3981be90f9e764d9e9402
rathena-master/npc/quests/skills/swordman_skills.txt,دون تغيير,06a30138e97941772f4a6de675e267b40ba8a0cbac0a3a353e3de3e4220f0170,06a30138e97941772f4a6de675e267b40ba8a0cbac0a3a353e3de3e4220f0170
rathena-master/npc/quests/skills/thief_skills.txt,دون تغيير,234c75b75af01f8a615cfec3d33ce9b0d9af1f40e4ceb717cc79220c4b5ddbfe,234c75b75af01f8a615cfec3d33ce9b0d9af1f40e4ceb717cc79220c4b5ddbfe
rathena-master/npc/quests/skills/wizard_skills.txt,دون تغيير,197ca694a3d515ce0f6de50aed16e19b89bf61b97583b444b6dd7d7965f00f62,197ca694a3d515ce0f6de50aed16e19b89bf61b97583b444b6dd7d7965f00f62
rathena-master/npc/quests/thana_quest.txt,دون تغيير,b8cec6b6ff4f9bf55944a98af139493c8dd643a6fc80ccd9ef1b2c57210ed721,b8cec6b6ff4f9bf55944a98af139493c8dd643a6fc80ccd9ef1b2c57210ed721
rathena-master/npc/quests/the_sign_quest.txt,دون تغيير,1a78b50ad028879091436f7ee4a1d93a33cc3b9b379d2e386d2c228a6f5840c4,1a78b50ad028879091436f7ee4a1d93a33cc3b9b379d2e386d2c228a6f5840c4
rathena-master/npc/warps/cities/alberta.txt,دون تغيير,92a3eff666c46b4bcfaf9beb83e45f81ef03138788aa448e61de67a39f83bc4a,92a3eff666c46b4bcfaf9beb83e45f81ef03138788aa448e61de67a39f83bc4a
rathena-master/npc/warps/cities/aldebaran.txt,دون تغيير,20f1aab0cb8b9f5aea4dd9ab2706972f68907a973379a1ce913fea5b784b0271,20f1aab0cb8b9f5aea4dd9ab2706972f68907a973379a1ce913fea5b784b0271
rathena-master/npc/warps/cities/amatsu.txt,دون تغيير,c1f48f84087f7b5437eac54da7c1b713be2af2bfe18209088f3c2d7a10f4c11c,c1f48f84087f7b5437eac54da7c1b713be2af2bfe18209088f3c2d7a10f4c11c
rathena-master/npc/warps/cities/ayothaya.txt,دون تغيير,f6365b616fcea82bb6676da8d8fec8fe10c9ca395193c8eaa0ced76a2d848cf4,f6365b616fcea82bb6676da8d8fec8fe10c9ca395193c8eaa0ced76a2d848cf4
rathena-master/npc/warps/cities/brasilis.txt,دون تغيير,63b4d1318720a63347c3778152f175eff1f9887e228fde2c0bf5bbd4f851e1fa,63b4d1318720a63347c3778152f175eff1f9887e228fde2c0bf5bbd4f851e1fa
rathena-master/npc/warps/cities/comodo.txt,دون تغيير,0586e1148167dfda5efcd13cad41ac1d7816ecafc2849a32e5e94377e7eed132,0586e1148167dfda5efcd13cad41ac1d7816ecafc2849a32e5e94377e7eed132
rathena-master/npc/warps/cities/einbech.txt,دون تغيير,d9990c9e7294de453f69a82d3484ffba2a502aca26c38f7f576d5f8c2bd4142d,d9990c9e7294de453f69a82d3484ffba2a502aca26c38f7f576d5f8c2bd4142d
rathena-master/npc/warps/cities/einbroch.txt,دون تغيير,9cbb87e206ee57222f9942dddab4424ce9c0667eae3934110591ff28ef250277,9cbb87e206ee57222f9942dddab4424ce9c0667eae3934110591ff28ef250277
rathena-master/npc/warps/cities/geffen.txt,دون تغيير,1618002d770c1978d7a6d9e15f287206947259a520b9c85437b9c43d8d5c2f59,1618002d770c1978d7a6d9e15f287206947259a520b9c85437b9c43d8d5c2f59
rathena-master/npc/warps/cities/gonryun.txt,دون تغيير,3328e4dd538d53705736c574438705d7c3a010b10ca9c34cec7bdcc4f1c7098d,3328e4dd538d53705736c574438705d7c3a010b10ca9c34cec7bdcc4f1c7098d
rathena-master/npc/warps/cities/hugel.txt,دون تغيير,3712f61eb05d9a4a96054ee26a97925057f7381c78f118e55fbf14c26d2f9e65,3712f61eb05d9a4a96054ee26a97925057f7381c78f118e55fbf14c26d2f9e65
rathena-master/npc/warps/cities/lighthalzen.txt,دون تغيير,3e015dd53ddd7e05e895ca0bf376b1490e3eafb21daaff3ddecbf978b99a12b4,3e015dd53ddd7e05e895ca0bf376b1490e3eafb21daaff3ddecbf978b99a12b4
rathena-master/npc/warps/cities/louyang.txt,دون تغيير,078447308dfa52b871ab7841f458e235bdc9645d91e06c8c6ee3581c06a492e5,078447308dfa52b871ab7841f458e235bdc9645d91e06c8c6ee3581c06a492e5
rathena-master/npc/warps/cities/lutie.txt,دون تغيير,a1a64aa084dc7b092f813c7dd19817aa7639dbd9d3f581678eeb6b526990012e,a1a64aa084dc7b092f813c7dd19817aa7639dbd9d3f581678eeb6b526990012e
rathena-master/npc/warps/cities/manuk.txt,دون تغيير,a7b3c525e942b7d60e7bf3af984faac38cbd7d5fdd5160d5e1c3bd8d107a8847,a7b3c525e942b7d60e7bf3af984faac38cbd7d5fdd5160d5e1c3bd8d107a8847
rathena-master/npc/warps/cities/mid_camp.txt,دون تغيير,241407e291c1b201d85b1aa304e7bca45c22c750fe37ed27384bf9a1ff709de6,241407e291c1b201d85b1aa304e7bca45c22c750fe37ed27384bf9a1ff709de6
rathena-master/npc/warps/cities/morroc.txt,دون تغيير,0bce5721fb9a0c270242cad9dba5e568ef3fabe0dd6de94785cdc6568806ec52,0bce5721fb9a0c270242cad9dba5e568ef3fabe0dd6de94785cdc6568806ec52
rathena-master/npc/warps/cities/moscovia.txt,دون تغيير,9de8ebcf8eed49fa4177bc4aa98e70226d8e03506dbeaf0d9b27ce768096b985,9de8ebcf8eed49fa4177bc4aa98e70226d8e03506dbeaf0d9b27ce768096b985
rathena-master/npc/warps/cities/nameless.txt,دون تغيير,eeba4408e8c2d9a1c5d88d771d374ff143aed66c53738b8a9a9fe6c2e19cbb8a,eeba4408e8c2d9a1c5d88d771d374ff143aed66c53738b8a9a9fe6c2e19cbb8a
rathena-master/npc/warps/cities/niflheim.txt,دون تغيير,14bb87b063b9d0b60710d34132cea2e8bd2fbd89fbb43d71e9b489335581f9df,14bb87b063b9d0b60710d34132cea2e8bd2fbd89fbb43d71e9b489335581f9df
rathena-master/npc/warps/cities/payon.txt,دون تغيير,52fb3d228dde9aa5d6187247e6415df1fd26540e719a834d34bd6eabaee23182,52fb3d228dde9aa5d6187247e6415df1fd26540e719a834d34bd6eabaee23182
rathena-master/npc/warps/cities/prontera.txt,دون تغيير,434fe0daf761275cf731c343a501c02d88355a524b9c9a87d1f00c510ae3f4d7,434fe0daf761275cf731c343a501c02d88355a524b9c9a87d1f00c510ae3f4d7
rathena-master/npc/warps/cities/splendide.txt,دون تغيير,714d77f8d61fffdd43f112663a6e40511d33d9c384fe918bf946b8f8f5489c6f,714d77f8d61fffdd43f112663a6e40511d33d9c384fe918bf946b8f8f5489c6f
rathena-master/npc/warps/cities/umbala.txt,دون تغيير,5ac5990f6dc4eb829d95fc6517afac711bd59967faea2d8165471a85a8455915,5ac5990f6dc4eb829d95fc6517afac711bd59967faea2d8165471a85a8455915
rathena-master/npc/warps/cities/veins.txt,دون تغيير,cb58d952ecdf562c38e75121d1fe525ece88d0eba231e081ec453fc485508503,cb58d952ecdf562c38e75121d1fe525ece88d0eba231e081ec453fc485508503
rathena-master/npc/warps/cities/yuno.txt,دون تغيير,899f350a2c58b18b9d7bcdb2c6a893d334e9d877cbd29f2c84f44391cc1ab7a7,899f350a2c58b18b9d7bcdb2c6a893d334e9d877cbd29f2c84f44391cc1ab7a7
rathena-master/npc/warps/dungeons/abbey.txt,دون تغيير,460059b76fd0f12bc7961a92cfcc24b3eb16502235075ab3988d49786ebf403c,460059b76fd0f12bc7961a92cfcc24b3eb16502235075ab3988d49786ebf403c
rathena-master/npc/warps/dungeons/abyss.txt,دون تغيير,cfdfd0ed8d1178f6b8858ec9fd8e384eddd126a5251fa8f51872d79088272152,cfdfd0ed8d1178f6b8858ec9fd8e384eddd126a5251fa8f51872d79088272152
rathena-master/npc/warps/dungeons/alde_dun.txt,دون تغيير,119fbf3b71227acce5897f8fe9ee8e9bcc37c4b3f3e2add1f9355191eddb4c8e,119fbf3b71227acce5897f8fe9ee8e9bcc37c4b3f3e2add1f9355191eddb4c8e
rathena-master/npc/warps/dungeons/ama_dun.txt,دون تغيير,39051bdceacd5f27db244857cb66c2ccad7917b76aa2fa8190d59cae0f3fcec1,39051bdceacd5f27db244857cb66c2ccad7917b76aa2fa8190d59cae0f3fcec1
rathena-master/npc/warps/dungeons/anthell.txt,دون تغيير,1bac29bcaf3db02cf76e15a83e4c0eef8535f1096ce97603196d74f7e2cfc9ee,1bac29bcaf3db02cf76e15a83e4c0eef8535f1096ce97603196d74f7e2cfc9ee
rathena-master/npc/warps/dungeons/ayo_dun.txt,دون تغيير,84e8525990d5c8e36469985cbb7b4e274d021c563fbeaec416b15bdba15430ed,84e8525990d5c8e36469985cbb7b4e274d021c563fbeaec416b15bdba15430ed
rathena-master/npc/warps/dungeons/beach_dun.txt,دون تغيير,b0f6ad593723f6d99ad10eb0d4dd778bf9b06ab214f65af212a6688fc969ba0d,b0f6ad593723f6d99ad10eb0d4dd778bf9b06ab214f65af212a6688fc969ba0d
rathena-master/npc/warps/dungeons/bra_dun.txt,دون تغيير,114f152e67f0d9bb3f1a2a3d15d01ada3e2a341aaa2387e219fa261a6dd1ba31,114f152e67f0d9bb3f1a2a3d15d01ada3e2a341aaa2387e219fa261a6dd1ba31
rathena-master/npc/warps/dungeons/c_tower.txt,دون تغيير,2b084ff352e44ffe8d33cb982fb4822ebe1ef1b8209ca1a7b07ce7d4fa5b0ece,2b084ff352e44ffe8d33cb982fb4822ebe1ef1b8209ca1a7b07ce7d4fa5b0ece
rathena-master/npc/warps/dungeons/ein_dun.txt,دون تغيير,7c12fe461bf8934e467b2081a12a914a6697ea56a0277188ab9307cdfeca16fe,7c12fe461bf8934e467b2081a12a914a6697ea56a0277188ab9307cdfeca16fe
rathena-master/npc/warps/dungeons/gef_dun.txt,دون تغيير,8b1a9053c5bda78e4e1c61bfaf83ff3f0754ef811a4e730771ec4e5c2f587df3,8b1a9053c5bda78e4e1c61bfaf83ff3f0754ef811a4e730771ec4e5c2f587df3
rathena-master/npc/warps/dungeons/gon_dun.txt,دون تغيير,df7476277a4aea1e61a87c47f738f2eda8f02c0948cdf13262c31cf8a30583d4,df7476277a4aea1e61a87c47f738f2eda8f02c0948cdf13262c31cf8a30583d4
rathena-master/npc/warps/dungeons/ice_dun.txt,دون تغيير,ff83115b2357f5bdd1a60334844337dafcd6ad622403406559da5e54d5a4c64a,ff83115b2357f5bdd1a60334844337dafcd6ad622403406559da5e54d5a4c64a
rathena-master/npc/warps/dungeons/in_sphinx.txt,دون تغيير,3449830855e3744ae026a4af23e8a64fe91d4b033a56e00a9fbf4e32cdcfd177,3449830855e3744ae026a4af23e8a64fe91d4b033a56e00a9fbf4e32cdcfd177
rathena-master/npc/warps/dungeons/iz_dun.txt,دون تغيير,5f130a94381e17ad3e6cc2cd8de4b5a806e851639a2ac03d292fe148d24ff5d4,5f130a94381e17ad3e6cc2cd8de4b5a806e851639a2ac03d292fe148d24ff5d4
rathena-master/npc/warps/dungeons/juperos.txt,دون تغيير,198902d1ba227f2c0b31b9e1c97359af40a034f5cd2c2e397d7e859970af4a29,198902d1ba227f2c0b31b9e1c97359af40a034f5cd2c2e397d7e859970af4a29
rathena-master/npc/warps/dungeons/kh_dun.txt,دون تغيير,7a9d33386d0ef8b0d7cec6b32ea225f58955829001a41b021a9f0b8b5bce1fae,7a9d33386d0ef8b0d7cec6b32ea225f58955829001a41b021a9f0b8b5bce1fae
rathena-master/npc/warps/dungeons/lhz_dun.txt,دون تغيير,b0e9b783058ef74aff000b8dfa972f6e74884a99ec72d0c8dee8e8f9caa3c30b,b0e9b783058ef74aff000b8dfa972f6e74884a99ec72d0c8dee8e8f9caa3c30b
rathena-master/npc/warps/dungeons/lou_dun.txt,دون تغيير,618d7701c1d0ad1d81fa799383b366455808bb7dd771e0d9a7e36e1b537196fb,618d7701c1d0ad1d81fa799383b366455808bb7dd771e0d9a7e36e1b537196fb
rathena-master/npc/warps/dungeons/mag_dun.txt,دون تغيير,40ba6dd9c031458c7529e895712837bb3c57a48e89ef7ec4121c0208918430d6,40ba6dd9c031458c7529e895712837bb3c57a48e89ef7ec4121c0208918430d6
rathena-master/npc/warps/dungeons/mjo_dun.txt,دون تغيير,54af8b50113d008573315ac28f463a8de54307db7aa901bb8d01271c7ad85113,54af8b50113d008573315ac28f463a8de54307db7aa901bb8d01271c7ad85113
rathena-master/npc/warps/dungeons/moc_pryd.txt,دون تغيير,1b36765561956fa6e83382b1bb0c2d6ceba25a1c4f81f178a38095b68355bb83,1b36765561956fa6e83382b1bb0c2d6ceba25a1c4f81f178a38095b68355bb83
rathena-master/npc/warps/dungeons/mosk_dun.txt,دون تغيير,a087d5805ca4bc165c9c15c44663bec878bda6e5510aafc0084dbeb323998b62,a087d5805ca4bc165c9c15c44663bec878bda6e5510aafc0084dbeb323998b62
rathena-master/npc/warps/dungeons/odin.txt,دون تغيير,17030534759bc9b020711869bfa30ff34f5dda58336e3220fc0d37408025d720,17030534759bc9b020711869bfa30ff34f5dda58336e3220fc0d37408025d720
rathena-master/npc/warps/dungeons/orcsdun.txt,دون تغيير,1f081e74199cd478683f4e5be11e170286329d2a587ad46fe8d39d2a6d5ee081,1f081e74199cd478683f4e5be11e170286329d2a587ad46fe8d39d2a6d5ee081
rathena-master/npc/warps/dungeons/pay_dun.txt,دون تغيير,fdf1b85786dca7ce909990e3cb9c73cb5d10856e82820ab8854dd612c95f0848,fdf1b85786dca7ce909990e3cb9c73cb5d10856e82820ab8854dd612c95f0848
rathena-master/npc/warps/dungeons/prt_maze.txt,دون تغيير,3bbf194e565046bcf7cac77da4089ea6de7cace3a9fe353c156ffa7ea2a74634,3bbf194e565046bcf7cac77da4089ea6de7cace3a9fe353c156ffa7ea2a74634
rathena-master/npc/warps/dungeons/ra_san.txt,دون تغيير,0134ada42981278fbefab417219723dfdaf09cdbc85a5a11455d746e46836a6f,0134ada42981278fbefab417219723dfdaf09cdbc85a5a11455d746e46836a6f
rathena-master/npc/warps/dungeons/tha_t.txt,دون تغيير,bdf0511241aa49633d0bdb2e4bc0ef85bae277d948d6124d4ff14a73429b0589,bdf0511241aa49633d0bdb2e4bc0ef85bae277d948d6124d4ff14a73429b0589
rathena-master/npc/warps/dungeons/thor_v.txt,دون تغيير,c2a02bc1010d206620176f506e8d8e28f3d11dccc9998c2e4d997de126a14d20,c2a02bc1010d206620176f506e8d8e28f3d11dccc9998c2e4d997de126a14d20
rathena-master/npc/warps/dungeons/treasure.txt,دون تغيير,0a66d5cbef639a6d7a8bc866d52d447731b4b9b8d30a8008e0b79ec177abc2b8,0a66d5cbef639a6d7a8bc866d52d447731b4b9b8d30a8008e0b79ec177abc2b8
rathena-master/npc/warps/dungeons/tur_dun.txt,دون تغيير,79075cefe846bae838cfecab5b90b2d86ff8de7831bf1319949d5e7a15179c3a,79075cefe846bae838cfecab5b90b2d86ff8de7831bf1319949d5e7a15179c3a
rathena-master/npc/warps/dungeons/um_dun.txt,دون تغيير,d43406feb67e817310ca80bb50caa0f163d46f3821d64fe0601efb8ea0ccebe0,d43406feb67e817310ca80bb50caa0f163d46f3821d64fe0601efb8ea0ccebe0
rathena-master/npc/warps/dungeons/xmas_dun.txt,دون تغيير,1059657ba8bf128667d7e7d12f0346f34377efc3c095473b67dfb7423986f02c,1059657ba8bf128667d7e7d12f0346f34377efc3c095473b67dfb7423986f02c
rathena-master/npc/warps/fields/abyss_warper.txt,دون تغيير,971022008440a64cd0f6108f52bac9781fa0fded748773fdb8fc1a63a48e507c,971022008440a64cd0f6108f52bac9781fa0fded748773fdb8fc1a63a48e507c
rathena-master/npc/warps/fields/amatsu_fild.txt,دون تغيير,9fc85ad2b977ea97506b02f7bed09389b54ab2602a39d613116519a36a0b0eb0,9fc85ad2b977ea97506b02f7bed09389b54ab2602a39d613116519a36a0b0eb0
rathena-master/npc/warps/fields/bra_fild.txt,دون تغيير,0c5a10316a19dc4da1d3910186752deecbfcf0c8301ed03f0975d61a571e7999,0c5a10316a19dc4da1d3910186752deecbfcf0c8301ed03f0975d61a571e7999
rathena-master/npc/warps/fields/ein_fild.txt,دون تغيير,392d3a8e004d4e632dca9e31834489dc3dde1a41be5811070afc35214ca3786c,392d3a8e004d4e632dca9e31834489dc3dde1a41be5811070afc35214ca3786c
rathena-master/npc/warps/fields/gefenia.txt,دون تغيير,a79f0063f3f7d2e2602c53388d763f01f8b514d15e7a86133ad54f86f817d2e7,a79f0063f3f7d2e2602c53388d763f01f8b514d15e7a86133ad54f86f817d2e7
rathena-master/npc/warps/fields/glastheim.txt,دون تغيير,fa42683b5906ccb913dec3c83c6579c03c536e4f6406ae7d3c9ab632e1efa309,fa42683b5906ccb913dec3c83c6579c03c536e4f6406ae7d3c9ab632e1efa309
rathena-master/npc/warps/fields/jawaii.txt,دون تغيير,e1401af8238b756902e322a684b8a293a80183d0c6d22b216fe8231e600c6869,e1401af8238b756902e322a684b8a293a80183d0c6d22b216fe8231e600c6869
rathena-master/npc/warps/fields/lhalzen_fild.txt,دون تغيير,329b28aec658ea0758cbd4155fba9d12fc88b3ee04a3ecb176cb11dc2721d875,329b28aec658ea0758cbd4155fba9d12fc88b3ee04a3ecb176cb11dc2721d875
rathena-master/npc/warps/fields/lutie_fild.txt,دون تغيير,4bb4f98a0a8df8b71dbeb5c1daa469a8c89711b5c7ec37627df796f98b1cd95b,4bb4f98a0a8df8b71dbeb5c1daa469a8c89711b5c7ec37627df796f98b1cd95b
rathena-master/npc/warps/fields/man_fild.txt,دون تغيير,31707a31c7cec070f8463c944310370a7780e714dbd03cfbbf80b37d61dca1b4,31707a31c7cec070f8463c944310370a7780e714dbd03cfbbf80b37d61dca1b4
rathena-master/npc/warps/fields/mtmjolnir.txt,دون تغيير,c6b1e6ec46a14e849234cd9a9eaf2a42068046780e511d108456ff17dab96041,c6b1e6ec46a14e849234cd9a9eaf2a42068046780e511d108456ff17dab96041
rathena-master/npc/warps/fields/spl_fild.txt,دون تغيير,a757d048d0e3dfc77a8c9c7e670e5a743e6b718760d792eee3d381f376308ec4,a757d048d0e3dfc77a8c9c7e670e5a743e6b718760d792eee3d381f376308ec4
rathena-master/npc/warps/fields/umbala_fild.txt,دون تغيير,d2f3e1b7b809827eee35118f5e4b682bf95d03eedf5ffd44ddf5f0bcb72ebe17,d2f3e1b7b809827eee35118f5e4b682bf95d03eedf5ffd44ddf5f0bcb72ebe17
rathena-master/npc/warps/guildcastles.txt,دون تغيير,03283f15ef901643a5be72c2a87aac5752e1bbbb5f3eef69a48628c029f122be,03283f15ef901643a5be72c2a87aac5752e1bbbb5f3eef69a48628c029f122be
rathena-master/npc/warps/other/airplane.txt,دون تغيير,16ae47a1d53c75e9644043a6a0cc6b77c95252fc14299e7851093fffdc476bdc,16ae47a1d53c75e9644043a6a0cc6b77c95252fc14299e7851093fffdc476bdc
rathena-master/npc/warps/other/arena.txt,دون تغيير,a75af85fbd1dbf7a63c7ec6da9729fdcf93be9d78141159c851120461468563d,a75af85fbd1dbf7a63c7ec6da9729fdcf93be9d78141159c851120461468563d
rathena-master/npc/warps/other/god.txt,دون تغيير,2bcd05c52cff61d231fa6f660575768b8f1abcea6c83e5bc8d1f4e466e76ee5c,2bcd05c52cff61d231fa6f660575768b8f1abcea6c83e5bc8d1f4e466e76ee5c
rathena-master/npc/warps/other/jobquests.txt,دون تغيير,a2e1c266b4ba5fa942d94e8ff2161619ec3faa4860ae2ea11b68005dca8409e2,a2e1c266b4ba5fa942d94e8ff2161619ec3faa4860ae2ea11b68005dca8409e2
rathena-master/npc/warps/other/kiel.txt,دون تغيير,5ee6b15787aa69b0f0698d66a31c7a1ac36d7c96b086feb6366bbcbea08bba1c,5ee6b15787aa69b0f0698d66a31c7a1ac36d7c96b086feb6366bbcbea08bba1c
rathena-master/npc/warps/other/other.txt,دون تغيير,1f349c47bf3d20c90e6fbbb08d5101f2ec53109d263f044f4b6360da96b8c481,1f349c47bf3d20c90e6fbbb08d5101f2ec53109d263f044f4b6360da96b8c481
rathena-master/npc/warps/pvp.txt,دون تغيير,9fa2aa012b72fb8cc39e31ef4cc14a189f410d98fdfb0317d8ee1a037cb06171,9fa2aa012b72fb8cc39e31ef4cc14a189f410d98fdfb0317d8ee1a037cb06171
rathena-master/npc_EN/airports/airships.txt,دون تغيير,e7ff35ae7bb495e4386aa7457e354cde810df363c6b1a57283a05fa05f402628,e7ff35ae7bb495e4386aa7457e354cde810df363c6b1a57283a05fa05f402628
rathena-master/npc_EN/airports/einbroch.txt,دون تغيير,99bf6c508b906dc997f4c9f7cf52ea4cbe03a40d8cf0835f5a8a75574530d45e,99bf6c508b906dc997f4c9f7cf52ea4cbe03a40d8cf0835f5a8a75574530d45e
rathena-master/npc_EN/airports/hugel.txt,دون تغيير,e33f1ff1f70c27ee1a2b6dc4eece9bd8a1a7d6608c953e4369e17934d244a1cb,e33f1ff1f70c27ee1a2b6dc4eece9bd8a1a7d6608c953e4369e17934d244a1cb
rathena-master/npc_EN/airports/izlude.txt,دون تغيير,e350fd65a48feea05a2a86ef1332c606d914010c51b1ffe877c5d8d447332bd2,e350fd65a48feea05a2a86ef1332c606d914010c51b1ffe877c5d8d447332bd2
rathena-master/npc_EN/airports/lighthalzen.txt,دون تغيير,cd004a6a36404ed6b0c91d8a58f711c7e50aef871234b3a156893bff1af854e0,cd004a6a36404ed6b0c91d8a58f711c7e50aef871234b3a156893bff1af854e0
rathena-master/npc_EN/airports/rachel.txt,دون تغيير,4a73567296ef2bbe0b753befb745327db5a4607bd92eae6621e09cb74b195201,4a73567296ef2bbe0b753befb745327db5a4607bd92eae6621e09cb74b195201
rathena-master/npc_EN/airports/yuno.txt,دون تغيير,83eaf94db4d44cf19ceb7c415fc77e4132c21b4670bfe1ad8dbca3fd6385c2d2,83eaf94db4d44cf19ceb7c415fc77e4132c21b4670bfe1ad8dbca3fd6385c2d2
rathena-master/npc_EN/barters.yml,دون تغيير,be4a7ed43da72ada117f9c84f9ff8d8a5cb8c5d5575d0d8bdc85a9dbc91c0a24,be4a7ed43da72ada117f9c84f9ff8d8a5cb8c5d5575d0d8bdc85a9dbc91c0a24
rathena-master/npc_EN/battleground/bg_common.txt,دون تغيير,ba2c6fbdce0a5f905d2af59209ce18d41caae18ffb32bf882c82429c813c004f,ba2c6fbdce0a5f905d2af59209ce18d41caae18ffb32bf882c82429c813c004f
rathena-master/npc_EN/battleground/flavius/flavius01.txt,دون تغيير,be2f1e5acad58ee70190f5a1978ec6515e4e99b0f9521c58fbe86861d3ff03d7,be2f1e5acad58ee70190f5a1978ec6515e4e99b0f9521c58fbe86861d3ff03d7
rathena-master/npc_EN/battleground/flavius/flavius02.txt,دون تغيير,d57577c98845f3aefff41b4c94db5c6214b8378ad2286648709a75c815c78873,d57577c98845f3aefff41b4c94db5c6214b8378ad2286648709a75c815c78873
rathena-master/npc_EN/battleground/flavius/flavius_enter.txt,دون تغيير,011e24f91439282f62e9de9e27fa9e86fc6f646903834a9e4d278d7e1200a551,011e24f91439282f62e9de9e27fa9e86fc6f646903834a9e4d278d7e1200a551
rathena-master/npc_EN/battleground/kvm/kvm01.txt,دون تغيير,7c7e97516e1b1b3881b3b80411e7a7fc54f076f63a0484442a144244f4fe7ae7,7c7e97516e1b1b3881b3b80411e7a7fc54f076f63a0484442a144244f4fe7ae7
rathena-master/npc_EN/battleground/kvm/kvm02.txt,دون تغيير,0e7145489cd64deac819455cb2eb89859485c7260d9feda34db8f957e7262ce2,0e7145489cd64deac819455cb2eb89859485c7260d9feda34db8f957e7262ce2
rathena-master/npc_EN/battleground/kvm/kvm03.txt,دون تغيير,5411542f05edad229e0e2a8abbec77af1abb9bab8f08ff69a35ffc087cd9efda,5411542f05edad229e0e2a8abbec77af1abb9bab8f08ff69a35ffc087cd9efda
rathena-master/npc_EN/battleground/kvm/kvm_enter.txt,دون تغيير,4aed7146a90ef44db811840352131934b08f16e1c99f17fdf788088b8ab1be2d,4aed7146a90ef44db811840352131934b08f16e1c99f17fdf788088b8ab1be2d
rathena-master/npc_EN/battleground/kvm/kvm_item_pay.txt,دون تغيير,387b4d8620ebda73ef481ed3112a5339187ea22babb4dbed137918181806ab26,387b4d8620ebda73ef481ed3112a5339187ea22babb4dbed137918181806ab26
rathena-master/npc_EN/battleground/tierra/tierra01.txt,دون تغيير,f61b9cfd0aafae9ef1ef6ebd74e67313b8ccda014f1ecdb1c6b30f03d93edb32,f61b9cfd0aafae9ef1ef6ebd74e67313b8ccda014f1ecdb1c6b30f03d93edb32
rathena-master/npc_EN/battleground/tierra/tierra02.txt,دون تغيير,80880c426b67c674931a29d492227b26f7fa42c252d23cd498c01c696907b843,80880c426b67c674931a29d492227b26f7fa42c252d23cd498c01c696907b843
rathena-master/npc_EN/battleground/tierra/tierra_enter.txt,دون تغيير,8d631285943a8e49a380ea30e8dba1f37f7247e7aed061c41f614859d88f031b,8d631285943a8e49a380ea30e8dba1f37f7247e7aed061c41f614859d88f031b
rathena-master/npc_EN/cities/alberta.txt,دون تغيير,0a3cdf765a4ad7d904e4ba006206f442902f95de3f9fcf0bf83eeb67424dede3,0a3cdf765a4ad7d904e4ba006206f442902f95de3f9fcf0bf83eeb67424dede3
rathena-master/npc_EN/cities/aldebaran.txt,دون تغيير,195f6cb28e4c46c6e2cb071284fba5bc9cd0f1c0684844a769f19ee87ef3cc0c,195f6cb28e4c46c6e2cb071284fba5bc9cd0f1c0684844a769f19ee87ef3cc0c
rathena-master/npc_EN/cities/amatsu.txt,دون تغيير,77e4b40f17d51b9bff8ee7a02c152665db628d9849d2a66f36185e931b86aee5,77e4b40f17d51b9bff8ee7a02c152665db628d9849d2a66f36185e931b86aee5
rathena-master/npc_EN/cities/ayothaya.txt,دون تغيير,2eca3637dc017e0d52108eec7576865a937f05d7dd4e90de185ab886a2c8490d,2eca3637dc017e0d52108eec7576865a937f05d7dd4e90de185ab886a2c8490d
rathena-master/npc_EN/cities/brasilis.txt,دون تغيير,0b82c8fd0cc8665d8ef72972a9b7dbd1f7d7643c9aa57aed767e951a64daeb6a,0b82c8fd0cc8665d8ef72972a9b7dbd1f7d7643c9aa57aed767e951a64daeb6a
rathena-master/npc_EN/cities/comodo.txt,دون تغيير,0f5d91ddb5ce750b2fc58ef12309a8aa1f1d06c3a8113f4787a454d46c6f8ff7,0f5d91ddb5ce750b2fc58ef12309a8aa1f1d06c3a8113f4787a454d46c6f8ff7
rathena-master/npc_EN/cities/einbech.txt,دون تغيير,52150bb2e2de27b7b9edd46264d6db0f046fa7e7aadbf2d1de003bd15b0fb73b,52150bb2e2de27b7b9edd46264d6db0f046fa7e7aadbf2d1de003bd15b0fb73b
rathena-master/npc_EN/cities/einbroch.txt,دون تغيير,74bbb8c31c1f061c9938482fca75077d78e345a311a0099515d7bf83bb1e1fd2,74bbb8c31c1f061c9938482fca75077d78e345a311a0099515d7bf83bb1e1fd2
rathena-master/npc_EN/cities/geffen.txt,دون تغيير,e29661f7db52ba5c6cbf9743f4fa882a9fc5744ac8b7d233e5562e136511d991,e29661f7db52ba5c6cbf9743f4fa882a9fc5744ac8b7d233e5562e136511d991
rathena-master/npc_EN/cities/gonryun.txt,دون تغيير,b003ad0e9eab55027b8a0290f5bce16906c2adcc72e4b002f05b8fe197f05ebf,b003ad0e9eab55027b8a0290f5bce16906c2adcc72e4b002f05b8fe197f05ebf
rathena-master/npc_EN/cities/hugel.txt,دون تغيير,00f99e3c40822dfc64980509095a49dc3dc5055c214803d3dc3ab6506efd8def,00f99e3c40822dfc64980509095a49dc3dc5055c214803d3dc3ab6506efd8def
rathena-master/npc_EN/cities/izlude.txt,دون تغيير,6c427646da3c657b948e869b40f8742dcd3d1626f6bf5a55a78cffe97562dc0e,6c427646da3c657b948e869b40f8742dcd3d1626f6bf5a55a78cffe97562dc0e
rathena-master/npc_EN/cities/jawaii.txt,دون تغيير,dd02901f8c5f6b952e5a2337bd8f7fbe6baabed322c3dfc38a4dd178a8ce4d74,dd02901f8c5f6b952e5a2337bd8f7fbe6baabed322c3dfc38a4dd178a8ce4d74
rathena-master/npc_EN/cities/lighthalzen.txt,دون تغيير,7c7a0fdd6a14ab77d1fa8e357a8d6d551c3c59b5243e67f32364a77032ae6fa1,7c7a0fdd6a14ab77d1fa8e357a8d6d551c3c59b5243e67f32364a77032ae6fa1
rathena-master/npc_EN/cities/louyang.txt,دون تغيير,1ed739b84254633d60b3aff85f4c178d67552cf126ef664763d4eaa15f553cd1,1ed739b84254633d60b3aff85f4c178d67552cf126ef664763d4eaa15f553cd1
rathena-master/npc_EN/cities/lutie.txt,دون تغيير,35d17dda569f690f49ed6b61da3499079fed0fc4270189cc8c1a886b9d605045,35d17dda569f690f49ed6b61da3499079fed0fc4270189cc8c1a886b9d605045
rathena-master/npc_EN/cities/manuk.txt,دون تغيير,c4f180f73043903580ea1168116163c72aa7eabd32583e03ec50b6b03b1959a5,c4f180f73043903580ea1168116163c72aa7eabd32583e03ec50b6b03b1959a5
rathena-master/npc_EN/cities/morocc.txt,دون تغيير,9ab0cc935401b635b63842ac3bbe9d71643f2e2343c40d19818ebf69c4d9c94f,9ab0cc935401b635b63842ac3bbe9d71643f2e2343c40d19818ebf69c4d9c94f
rathena-master/npc_EN/cities/moscovia.txt,دون تغيير,00611f53ec3ff5257d25f083baf6f8a16f29370176c4a50c2a8833b1400ed3b5,00611f53ec3ff5257d25f083baf6f8a16f29370176c4a50c2a8833b1400ed3b5
rathena-master/npc_EN/cities/niflheim.txt,دون تغيير,18cbded2217c798bad0c223dfd86f247c1db62e6cdd319bae2d23d6b8a041037,18cbded2217c798bad0c223dfd86f247c1db62e6cdd319bae2d23d6b8a041037
rathena-master/npc_EN/cities/payon.txt,دون تغيير,3e60f7277edb5d80d97d9e9f26206afe7904692e383b73929fa5d9222853a706,3e60f7277edb5d80d97d9e9f26206afe7904692e383b73929fa5d9222853a706
rathena-master/npc_EN/cities/prontera.txt,دون تغيير,742c9d4f321fe0b41a082c3a2098399082ec8c8ae1f47c7b62ba9509f33d7fe2,742c9d4f321fe0b41a082c3a2098399082ec8c8ae1f47c7b62ba9509f33d7fe2
rathena-master/npc_EN/cities/rachel.txt,دون تغيير,d6a80ba6f013d32c031643503c59fe41aaa18a63f47950eff3f589275eeb997d,d6a80ba6f013d32c031643503c59fe41aaa18a63f47950eff3f589275eeb997d
rathena-master/npc_EN/cities/splendide.txt,دون تغيير,1084bb238c2b72fa9a60e415dc748b3f28d438dd92b0b5987c19251e130c6873,1084bb238c2b72fa9a60e415dc748b3f28d438dd92b0b5987c19251e130c6873
rathena-master/npc_EN/cities/umbala.txt,دون تغيير,ad1ab55221f10f4dd9c5769d8e2a60a85385e9de56965c057a49548249b2f690,ad1ab55221f10f4dd9c5769d8e2a60a85385e9de56965c057a49548249b2f690
rathena-master/npc_EN/cities/veins.txt,دون تغيير,5534f0fb39aa024d180c8a31b8966173c0f758e7e1c0bccd76e10af6fccca3b5,5534f0fb39aa024d180c8a31b8966173c0f758e7e1c0bccd76e10af6fccca3b5
rathena-master/npc_EN/cities/yuno.txt,دون تغيير,eb0c68d465985cecdbc118f34d769610ec2c888a6727562bb984aec38a6b2c3b,eb0c68d465985cecdbc118f34d769610ec2c888a6727562bb984aec38a6b2c3b
rathena-master/npc_EN/custom/aegis/barters.yml,دون تغيير,5de23d495fde4836947ea6350dd80d511a9a2013d06d5e46de84b5b41bb9ecc3,5de23d495fde4836947ea6350dd80d511a9a2013d06d5e46de84b5b41bb9ecc3
rathena-master/npc_EN/custom/aegis/cardrecycler.txt,دون تغيير,a87620d4921faf11908bdc9eb5704a409c5f42572a313643bd8b6b686edfe767,a87620d4921faf11908bdc9eb5704a409c5f42572a313643bd8b6b686edfe767
rathena-master/npc_EN/custom/aegis/cardremover.txt,دون تغيير,8514640902e2d62e4e2fef1dabaa3fbf95cd55cd403dc5f4401b87e9b194a3f5,8514640902e2d62e4e2fef1dabaa3fbf95cd55cd403dc5f4401b87e9b194a3f5
rathena-master/npc_EN/custom/aegis/clock.txt,دون تغيير,f57a068248550156dc73a3b06ecf78df36c3d2dd01ab717ac8715a5f07c5ac33,f57a068248550156dc73a3b06ecf78df36c3d2dd01ab717ac8715a5f07c5ac33
rathena-master/npc_EN/custom/aegis/coindrop.txt,دون تغيير,264189368b157f06d5cf2f56a101fdbeb6f182ed0b9e013c73c9ca31eb90323d,264189368b157f06d5cf2f56a101fdbeb6f182ed0b9e013c73c9ca31eb90323d
rathena-master/npc_EN/custom/aegis/cointrader.txt,دون تغيير,623f0fb14115c087f4b3cc79cedd677932e7e0ca3706dd877c59ad825424ab7c,623f0fb14115c087f4b3cc79cedd677932e7e0ca3706dd877c59ad825424ab7c
rathena-master/npc_EN/custom/aegis/enchant.txt,دون تغيير,35751e8ed67c74d9443738004916ecdd3243598147bf9cdf9da4c225edafac80,35751e8ed67c74d9443738004916ecdd3243598147bf9cdf9da4c225edafac80
rathena-master/npc_EN/custom/aegis/freebies.txt,دون تغيير,ee16c9ac66727a7cc4d1820865cfe030efecd59a66bf152061963e634663dfe4,ee16c9ac66727a7cc4d1820865cfe030efecd59a66bf152061963e634663dfe4
rathena-master/npc_EN/custom/aegis/gympass.txt,دون تغيير,1b65cf9a1ae12a53faa4ef52333142e930761b0f126544d5ee795169cd8e0e5a,1b65cf9a1ae12a53faa4ef52333142e930761b0f126544d5ee795169cd8e0e5a
rathena-master/npc_EN/custom/aegis/healer.txt,دون تغيير,aebee34f2c640017c52065ac8a77558fdadab265ac7e95e7dade847890a3eda5,aebee34f2c640017c52065ac8a77558fdadab265ac7e95e7dade847890a3eda5
rathena-master/npc_EN/custom/aegis/jobmaster.txt,دون تغيير,9c9e4672cb098515fc87a500c60abb62279ee27caef204504c6ecc65378283b5,9c9e4672cb098515fc87a500c60abb62279ee27caef204504c6ecc65378283b5
rathena-master/npc_EN/custom/aegis/kafra.txt,دون تغيير,a01e30a406c036fd1bcde0b2a128a4a8b1e8d8eab0b103278883d602841d3ce6,a01e30a406c036fd1bcde0b2a128a4a8b1e8d8eab0b103278883d602841d3ce6
rathena-master/npc_EN/custom/aegis/map/mapflags.txt,دون تغيير,3d6c34c844632069d86d45f757b2a2aeec1f3b39c89681cd1cae4b0ee9456cee,3d6c34c844632069d86d45f757b2a2aeec1f3b39c89681cd1cae4b0ee9456cee
rathena-master/npc_EN/custom/aegis/map/mobs.txt,دون تغيير,8fbde7fb8f77fad0058aedddf09eb7e7912fc6798e61ac284d329f1ddedbb8f4,8fbde7fb8f77fad0058aedddf09eb7e7912fc6798e61ac284d329f1ddedbb8f4
rathena-master/npc_EN/custom/aegis/map/warppoints.txt,دون تغيير,7a68910a5cf5c341854e51fe108ff327344e01e98ac72e05f370f7204a2c8139,7a68910a5cf5c341854e51fe108ff327344e01e98ac72e05f370f7204a2c8139
rathena-master/npc_EN/custom/aegis/missionboard.txt,دون تغيير,0a62d8fce727f48009c1996843dc45f8d8726da040b10e30a8418def90a533a0,0a62d8fce727f48009c1996843dc45f8d8726da040b10e30a8418def90a533a0
rathena-master/npc_EN/custom/aegis/mvproom.txt,دون تغيير,fcffbc663b58a2cbf8154a2409ba0262615e957b2aa4d85a0b30a644cb2afd17,fcffbc663b58a2cbf8154a2409ba0262615e957b2aa4d85a0b30a644cb2afd17
rathena-master/npc_EN/custom/aegis/onlineusers.txt,دون تغيير,e8ab6095c1f7c4cd3dc3701168a81ed96ee7d06b46a18cc80f398b217015a0b4,e8ab6095c1f7c4cd3dc3701168a81ed96ee7d06b46a18cc80f398b217015a0b4
rathena-master/npc_EN/custom/aegis/plagiarism.txt,دون تغيير,9e25841401456f75ea77dca653defce10d93e2ac0595c9522416263051aa6837,9e25841401456f75ea77dca653defce10d93e2ac0595c9522416263051aa6837
rathena-master/npc_EN/custom/aegis/platinumskills.txt,دون تغيير,7a17d6a3cf629d1e554945c8c1238417c89f5b3ee130813802a5f2b2e55196fb,7a17d6a3cf629d1e554945c8c1238417c89f5b3ee130813802a5f2b2e55196fb
rathena-master/npc_EN/custom/aegis/premiumshop.txt,دون تغيير,48c4a2271810c833e7605816492def22d647815706c105482768ba7ca9a027ef,48c4a2271810c833e7605816492def22d647815706c105482768ba7ca9a027ef
rathena-master/npc_EN/custom/aegis/questshop.txt,دون تغيير,a4f5918c29d5cf40b8a8acd565454df83e52ff119e7a7fa056fbd2276451cfd6,a4f5918c29d5cf40b8a8acd565454df83e52ff119e7a7fa056fbd2276451cfd6
rathena-master/npc_EN/custom/aegis/refiner.txt,دون تغيير,d32a0e32c79ba8b2a99c2a25801f1bc789e3384344a0fa99ddee1551fbfaf221,d32a0e32c79ba8b2a99c2a25801f1bc789e3384344a0fa99ddee1551fbfaf221
rathena-master/npc_EN/custom/aegis/regeneration.txt,دون تغيير,9a7886b69c440b840bc17e373ea7b6182e90f4268eeec3bb39164bcb3a3d3756,9a7886b69c440b840bc17e373ea7b6182e90f4268eeec3bb39164bcb3a3d3756
rathena-master/npc_EN/custom/aegis/rental.txt,دون تغيير,399e2c0d25aab8deb7a3be8571faea64cdb1271d9c5acc1dd1ced1e553ab9708,399e2c0d25aab8deb7a3be8571faea64cdb1271d9c5acc1dd1ced1e553ab9708
rathena-master/npc_EN/custom/aegis/reset.txt,دون تغيير,1f543304a70697a40930d5fa5ad6819b3422391964d0b8e0ee30f5665bf1ad29,1f543304a70697a40930d5fa5ad6819b3422391964d0b8e0ee30f5665bf1ad29
rathena-master/npc_EN/custom/aegis/shop.txt,دون تغيير,1b488c62d68cf6cba05accd8fdedfc005e8678be733e69295806264de07f7012,1b488c62d68cf6cba05accd8fdedfc005e8678be733e69295806264de07f7012
rathena-master/npc_EN/custom/aegis/skillmaster.txt,دون تغيير,07c6c523b3265c4b4a34e9e0ef2688880e01d6ae21f0e92ec956e18afe23f896,07c6c523b3265c4b4a34e9e0ef2688880e01d6ae21f0e92ec956e18afe23f896
rathena-master/npc_EN/custom/aegis/slotmachine.txt,دون تغيير,f61069511b123847b8e08d3ba4133e56a5f183fec6aab4ce81f6fd5cd32c465d,f61069511b123847b8e08d3ba4133e56a5f183fec6aab4ce81f6fd5cd32c465d
rathena-master/npc_EN/custom/aegis/stoneconverter.txt,دون تغيير,6701140d42a5d4b7351e73a238f9eb33027d81145edff8120133ffc4498657bd,6701140d42a5d4b7351e73a238f9eb33027d81145edff8120133ffc4498657bd
rathena-master/npc_EN/custom/aegis/stylist.txt,دون تغيير,c14789b5344edc8e3393e0c3af05cb142bc67860e73b635439dd0c4eec088dcf,c14789b5344edc8e3393e0c3af05cb142bc67860e73b635439dd0c4eec088dcf
rathena-master/npc_EN/custom/aegis/warper.txt,دون تغيير,8a23516a5586c8448fba471e132d31031e5770f052c23e8b2eb850aa56b9ee4e,8a23516a5586c8448fba471e132d31031e5770f052c23e8b2eb850aa56b9ee4e
rathena-master/npc_EN/custom/barters.yml,دون تغيير,974ed3c884b869be0b111aa1df7124d2725fae6f4f2f0985a5a78beb31fbd555,974ed3c884b869be0b111aa1df7124d2725fae6f4f2f0985a5a78beb31fbd555
rathena-master/npc_EN/custom/battleground/bg_emp.txt,دون تغيير,41b6a82f317a38cb27084bb4fead16fe6004e0bab18a336282c21ed49f756cf1,41b6a82f317a38cb27084bb4fead16fe6004e0bab18a336282c21ed49f756cf1
rathena-master/npc_EN/custom/battleground/bg_pvp.txt,دون تغيير,45cfd16fd69c2c2e8a7319dbe62384157b3705df16dd008f68b9bba3011199a7,45cfd16fd69c2c2e8a7319dbe62384157b3705df16dd008f68b9bba3011199a7
rathena-master/npc_EN/custom/breeder.txt,دون تغيير,6596e61352af3a7f53cc1c39fbf50c0e150432cc35706789ab20071ffda8823b,6596e61352af3a7f53cc1c39fbf50c0e150432cc35706789ab20071ffda8823b
rathena-master/npc_EN/custom/card_remover.txt,دون تغيير,56dc75f3f37e59566a4cc4fe0872a140a8fa47598d1d2fb2a2183ceb6312a9ad,56dc75f3f37e59566a4cc4fe0872a140a8fa47598d1d2fb2a2183ceb6312a9ad
rathena-master/npc_EN/custom/card_seller.txt,دون تغيير,7da8c3f6abde2a2834064b31da91ae164a6b38e2b4c7bf1f6a27d9bc947a461b,7da8c3f6abde2a2834064b31da91ae164a6b38e2b4c7bf1f6a27d9bc947a461b
rathena-master/npc_EN/custom/etc/airplane.txt,دون تغيير,c692e2b92a8303eea2f5ff5b76ab72f4b7bb3dea7dc4030e40c9b070ac348471,c692e2b92a8303eea2f5ff5b76ab72f4b7bb3dea7dc4030e40c9b070ac348471
rathena-master/npc_EN/custom/etc/autopot.txt,دون تغيير,005d13d83ad01ed3f3e036eb762ad5bd353d641ec56bac4dbb5bb9087f01bc59,005d13d83ad01ed3f3e036eb762ad5bd353d641ec56bac4dbb5bb9087f01bc59
rathena-master/npc_EN/custom/etc/bank.txt,دون تغيير,d2593a9a49898f3e671e7fcd9c578e3b611e2dedd7df7ed351910bb5050bb696,d2593a9a49898f3e671e7fcd9c578e3b611e2dedd7df7ed351910bb5050bb696
rathena-master/npc_EN/custom/etc/bank_kafra.txt,دون تغيير,a4d852189f03df1a417b83dec4ab92e5eb6d5e618b9303ba304b98985175b675,a4d852189f03df1a417b83dec4ab92e5eb6d5e618b9303ba304b98985175b675
rathena-master/npc_EN/custom/etc/blackjack.txt,دون تغيير,178335ee914f3b2db63b139cdc580bb1abc32718d5809fed058d274f05ffedc1,178335ee914f3b2db63b139cdc580bb1abc32718d5809fed058d274f05ffedc1
rathena-master/npc_EN/custom/etc/floating_rates.txt,دون تغيير,ad8c94a898a13addf5673bd6107817511b97e86fa846145cd291558abb6a4fdd,ad8c94a898a13addf5673bd6107817511b97e86fa846145cd291558abb6a4fdd
rathena-master/npc_EN/custom/etc/lottery.txt,دون تغيير,6e459f3d223429c7e581ff68fb8008b7fb5836829f2932dafb1e00380d1ba1df,6e459f3d223429c7e581ff68fb8008b7fb5836829f2932dafb1e00380d1ba1df
rathena-master/npc_EN/custom/etc/marriage.txt,دون تغيير,b2ac618a500bf745bb199a172c467ca851b58687656b5074cf53aacebe82ce01,b2ac618a500bf745bb199a172c467ca851b58687656b5074cf53aacebe82ce01
rathena-master/npc_EN/custom/etc/monster_arena.txt,دون تغيير,016248affc3802cc25c349d061a71f20125ad9110b1f82d835354443099e3332,016248affc3802cc25c349d061a71f20125ad9110b1f82d835354443099e3332
rathena-master/npc_EN/custom/etc/morroc_raceway.txt,دون تغيير,8000a514fa39027fa32fe9ad33976186be6218e1489aa5fa656e65e7d3ec9c85,8000a514fa39027fa32fe9ad33976186be6218e1489aa5fa656e65e7d3ec9c85
rathena-master/npc_EN/custom/etc/mvp_arena.txt,دون تغيير,00d68e2f619e553eb61842a3dd873cac901239e5bca189f8206f04c93a48772c,00d68e2f619e553eb61842a3dd873cac901239e5bca189f8206f04c93a48772c
rathena-master/npc_EN/custom/etc/mvp_room.txt,دون تغيير,28359adee7d9c9196a99743f53e28c5fa04c59fb77d53b9ea9ded02e957993cb,28359adee7d9c9196a99743f53e28c5fa04c59fb77d53b9ea9ded02e957993cb
rathena-master/npc_EN/custom/etc/penal_servitude.txt,دون تغيير,c2a1845ec300a3fe01016b81218e929fe7f57293279346657bcb34b52de81b18,c2a1845ec300a3fe01016b81218e929fe7f57293279346657bcb34b52de81b18
rathena-master/npc_EN/custom/etc/quest_warper.txt,دون تغيير,0a7f0dc842698d60f6155d508b2a35305dd3d15392e2da920038477fdabcd085,0a7f0dc842698d60f6155d508b2a35305dd3d15392e2da920038477fdabcd085
rathena-master/npc_EN/custom/etc/rpsroulette.txt,دون تغيير,25628e5468d6c81f582e2e94717b6917bfb4f924f31552df434595668967c685,25628e5468d6c81f582e2e94717b6917bfb4f924f31552df434595668967c685
rathena-master/npc_EN/custom/etc/shifty_assassin.txt,دون تغيير,bb5d9c8b5f61ac805667b45f093d975271db8ceb90563f11e86be97e8243e8d8,bb5d9c8b5f61ac805667b45f093d975271db8ceb90563f11e86be97e8243e8d8
rathena-master/npc_EN/custom/etc/stock_market.txt,دون تغيير,b8fb1fcbe2cdfe9ffe9bc9b0ca7de9ce377b76cc0a2e0ae7cfa65a7aa2708cbf,b8fb1fcbe2cdfe9ffe9bc9b0ca7de9ce377b76cc0a2e0ae7cfa65a7aa2708cbf
rathena-master/npc_EN/custom/events/cluckers.txt,دون تغيير,fc83c380c984cef56cfa33611ded04e6e0a7a67b87a2ac7d05da5ed0ea40bf31,fc83c380c984cef56cfa33611ded04e6e0a7a67b87a2ac7d05da5ed0ea40bf31
rathena-master/npc_EN/custom/events/devil_square.txt,دون تغيير,2d04a975a093838b1f05e4944130ee58b25da1159864537adba7d7323f366e65,2d04a975a093838b1f05e4944130ee58b25da1159864537adba7d7323f366e65
rathena-master/npc_EN/custom/events/disguise.txt,دون تغيير,6f1583d23dd366c02ac55928575d1da0e982a7b5a7f3669b8920d67254d5ca3b,6f1583d23dd366c02ac55928575d1da0e982a7b5a7f3669b8920d67254d5ca3b
rathena-master/npc_EN/custom/events/holiday/hallow06.txt,دون تغيير,7b4853fd9fa23a7cb4456fb6cf656d1b9b196ea294c089980775ef96182fedeb,7b4853fd9fa23a7cb4456fb6cf656d1b9b196ea294c089980775ef96182fedeb
rathena-master/npc_EN/custom/events/holiday/uneasy_cemetery.txt,دون تغيير,19d2cef839a361d21695d34e97cbae13a925af71634b8f4dbbf12b7ccc4d8163,19d2cef839a361d21695d34e97cbae13a925af71634b8f4dbbf12b7ccc4d8163
rathena-master/npc_EN/custom/events/holiday/valentinesdayexp.txt,دون تغيير,dca0fc3f43794dd33dfaed85dd5c64b98acb99684d80a930d3694d2141fdb9f3,dca0fc3f43794dd33dfaed85dd5c64b98acb99684d80a930d3694d2141fdb9f3
rathena-master/npc_EN/custom/events/holiday/xmas_rings_event.txt,دون تغيير,016a07e40a3e7e79cb68e9a970a2cf94653722bb53808a626b304746b895fe07,016a07e40a3e7e79cb68e9a970a2cf94653722bb53808a626b304746b895fe07
rathena-master/npc_EN/custom/events/mushroom_event.txt,دون تغيير,f030e0c945eab1fcf8e2c1e366c9313818345656f04f976c7482d157c0f962e4,f030e0c945eab1fcf8e2c1e366c9313818345656f04f976c7482d157c0f962e4
rathena-master/npc_EN/custom/events/mvp_ladder.txt,دون تغيير,c0e2d631dbf7b8b11c11ac1ed62ec49ef625c954bfe44d26b66342ac8fc6e97f,c0e2d631dbf7b8b11c11ac1ed62ec49ef625c954bfe44d26b66342ac8fc6e97f
rathena-master/npc_EN/custom/healer.txt,دون تغيير,d252df6c63c48d9bfdcd09aa51c78acc8de20f5f06c35dc45a486f659d52e3e9,d252df6c63c48d9bfdcd09aa51c78acc8de20f5f06c35dc45a486f659d52e3e9
rathena-master/npc_EN/custom/item_signer.txt,دون تغيير,a7ae9fdb22450d3e891f155355e94000e500efe288576b14949b0e6f429cfe4f,a7ae9fdb22450d3e891f155355e94000e500efe288576b14949b0e6f429cfe4f
rathena-master/npc_EN/custom/itemmall.txt,دون تغيير,03ace6f7870c5435aa0cc2155fc3f19481e0f62d2d3fbfff762f4cd20d44b2b5,03ace6f7870c5435aa0cc2155fc3f19481e0f62d2d3fbfff762f4cd20d44b2b5
rathena-master/npc_EN/custom/jobmaster.txt,دون تغيير,03a7afc4c95fbf7be4c9d89a3d00a25973bb2358a62d3871f0afb9667ff82c6f,03a7afc4c95fbf7be4c9d89a3d00a25973bb2358a62d3871f0afb9667ff82c6f
rathena-master/npc_EN/custom/official/GeffenMagicTournament.txt,دون تغيير,44348d9e8edf0498aab9ff95c16eac4b448a622b61023ff1937e85db6a049356,44348d9e8edf0498aab9ff95c16eac4b448a622b61023ff1937e85db6a049356
rathena-master/npc_EN/custom/platinum_skills.txt,دون تغيير,3197b0e448b7465f5991e948220a7bc85f65c9d800bf9cbf1d1a6f0d754345cb,3197b0e448b7465f5991e948220a7bc85f65c9d800bf9cbf1d1a6f0d754345cb
rathena-master/npc_EN/custom/quests/bandit_beard.txt,دون تغيير,a044eef62489d866784de801c1e1dcc7e92c83b446e2e5d2fdbca7e58e5476e9,a044eef62489d866784de801c1e1dcc7e92c83b446e2e5d2fdbca7e58e5476e9
rathena-master/npc_EN/custom/quests/berzebub.txt,دون تغيير,006b84f987c97336dee444dbf3e0445199e403e8ea0ede22f0ab1be0bbf87759,006b84f987c97336dee444dbf3e0445199e403e8ea0ede22f0ab1be0bbf87759
rathena-master/npc_EN/custom/quests/dead_branch.txt,دون تغيير,de3d773f262d44815e229574d9568044ee0f05585a5783aa29dfd0d24cc8ed70,de3d773f262d44815e229574d9568044ee0f05585a5783aa29dfd0d24cc8ed70
rathena-master/npc_EN/custom/quests/elvenear.txt,دون تغيير,8edb46be7cf88a6613118600e10d886bfca8d9b2006d6591ee984bf577ed472c,8edb46be7cf88a6613118600e10d886bfca8d9b2006d6591ee984bf577ed472c
rathena-master/npc_EN/custom/quests/event_6_new_hats.txt,دون تغيير,4c4d997dc5b2b7746f539170798fe91f0567513ab6e20d1cc21e3ecea37286da,4c4d997dc5b2b7746f539170798fe91f0567513ab6e20d1cc21e3ecea37286da
rathena-master/npc_EN/custom/quests/hunting_missions.txt,دون تغيير,1078e5718f648359bfcfce2596d6c04d3760c3561c7ae8a8b824d687c1d406f4,1078e5718f648359bfcfce2596d6c04d3760c3561c7ae8a8b824d687c1d406f4
rathena-master/npc_EN/custom/quests/jewel_case.txt,دون تغيير,befee7e9c004371ead8cf9b8fade304c5ca41401db6924eb4848e186fb0a69e0,befee7e9c004371ead8cf9b8fade304c5ca41401db6924eb4848e186fb0a69e0
rathena-master/npc_EN/custom/quests/kaho_balmung.txt,دون تغيير,ef6ac0f98f909a51356f8b5a86d2e951b018a271bae0121c377a6273df92f973,ef6ac0f98f909a51356f8b5a86d2e951b018a271bae0121c377a6273df92f973
rathena-master/npc_EN/custom/quests/kahohorn.txt,دون تغيير,519cbb04a0a9d4c80a825b9780d2ec2a5b511d1038510a90d24097fe29a37d42,519cbb04a0a9d4c80a825b9780d2ec2a5b511d1038510a90d24097fe29a37d42
rathena-master/npc_EN/custom/quests/kings_items.txt,دون تغيير,650314a16e4452ff8b60c918dbb39a6f0d03b2deaf6a1a791d46d7f733ea189c,650314a16e4452ff8b60c918dbb39a6f0d03b2deaf6a1a791d46d7f733ea189c
rathena-master/npc_EN/custom/quests/may_hats.txt,دون تغيير,5965d90696857265a2117e5cc1d7442dbdb2a1bea701f271c6ed2b6781dce59b,5965d90696857265a2117e5cc1d7442dbdb2a1bea701f271c6ed2b6781dce59b
rathena-master/npc_EN/custom/quests/quest_shop.txt,دون تغيير,d49a2ffe81520e40f60dfe5d17d1a22a76c9db8b26fd5f05842c2e766596a268,d49a2ffe81520e40f60dfe5d17d1a22a76c9db8b26fd5f05842c2e766596a268
rathena-master/npc_EN/custom/quests/questboard.txt,دون تغيير,c724b7eca80cbf3a90e4e3d25bcd29299cb6b442d028c3b09f99847232906678,c724b7eca80cbf3a90e4e3d25bcd29299cb6b442d028c3b09f99847232906678
rathena-master/npc_EN/custom/quests/sphinx_mask.txt,دون تغيير,78d9a023aac0c92761b253403963c6e26ce9657f0db427239d4b7d746d8e8ea1,78d9a023aac0c92761b253403963c6e26ce9657f0db427239d4b7d746d8e8ea1
rathena-master/npc_EN/custom/quests/sunglasses.txt,دون تغيير,68ebb817f3b0627abd8acc19cae7ed223ccaace23fd4b454f90539bbc6e8252c,68ebb817f3b0627abd8acc19cae7ed223ccaace23fd4b454f90539bbc6e8252c
rathena-master/npc_EN/custom/quests/tha_statues.txt,دون تغيير,5df635863fcbcd25cc07fc9484ba82be1b4cb79297cefa0020f1b2cb8f167128,5df635863fcbcd25cc07fc9484ba82be1b4cb79297cefa0020f1b2cb8f167128
rathena-master/npc_EN/custom/quests/thq/THQS_ChattingNPC.txt,دون تغيير,9d94189061315f1a4145d3adbeed30b98c3406b48cb9fb9f992d82b0c9861aee,9d94189061315f1a4145d3adbeed30b98c3406b48cb9fb9f992d82b0c9861aee
rathena-master/npc_EN/custom/quests/thq/THQS_GuildNPC.txt,دون تغيير,fd27542b81948531545f341248b3031aee5290909fd6394bbb3bfa1798ef4d0b,fd27542b81948531545f341248b3031aee5290909fd6394bbb3bfa1798ef4d0b
rathena-master/npc_EN/custom/quests/thq/THQS_QuestNPC.txt,دون تغيير,69e08491e00500564c9d4d432f505b99b4f32841c43c6483de9ffc509474a4ca,69e08491e00500564c9d4d432f505b99b4f32841c43c6483de9ffc509474a4ca
rathena-master/npc_EN/custom/quests/thq/THQS_Quests.txt,دون تغيير,8df4ec5353c63414b11130e19fc1b5eda41dcc081cecb42b62dd5e01c970ec15,8df4ec5353c63414b11130e19fc1b5eda41dcc081cecb42b62dd5e01c970ec15
rathena-master/npc_EN/custom/quests/thq/THQS_TTShop.txt,دون تغيير,6149e523841ddc627069ce275d18fddd8d14140c740b10f3aa1354378ba8c068,6149e523841ddc627069ce275d18fddd8d14140c740b10f3aa1354378ba8c068
rathena-master/npc_EN/custom/quests/umbalian_language.txt,دون تغيير,b7791aac2c07df7d2211f7a38bff481cd71bd0dd1220ceb3b78a8098fe2f2964,b7791aac2c07df7d2211f7a38bff481cd71bd0dd1220ceb3b78a8098fe2f2964
rathena-master/npc_EN/custom/quests/valhallen.txt,دون تغيير,e9efb0729ec6e9dbe663fbc3971f7ad1aada7f4f0dcae7e4133ed7efd6bd336d,e9efb0729ec6e9dbe663fbc3971f7ad1aada7f4f0dcae7e4133ed7efd6bd336d
rathena-master/npc_EN/custom/resetnpc.txt,دون تغيير,1884944274c03ac01fbb02dcea17ff4697ec742561460c597e217cde59a5e3e4,1884944274c03ac01fbb02dcea17ff4697ec742561460c597e217cde59a5e3e4
rathena-master/npc_EN/custom/stylist.txt,دون تغيير,ee993e7c7ad39f1df7ed7c2fbe81285701ce76be14b1fdd595f4effc50aa0921,ee993e7c7ad39f1df7ed7c2fbe81285701ce76be14b1fdd595f4effc50aa0921
rathena-master/npc_EN/custom/warper.txt,دون تغيير,6bb85608fc44bb02b977905ed1aa9e055cb50473910f7b650c129d612100088e,6bb85608fc44bb02b977905ed1aa9e055cb50473910f7b650c129d612100088e
rathena-master/npc_EN/custom/woe_controller.txt,دون تغيير,ba09bb2cf53625b54a828a705c59e9023248383350cce021e487f5149a2442d1,ba09bb2cf53625b54a828a705c59e9023248383350cce021e487f5149a2442d1
rathena-master/npc_EN/events/MemorialDay_2008.txt,دون تغيير,042afc3bffccb1b6b3960978f3203e36b868472c5aef52fa36ce1446f9914947,042afc3bffccb1b6b3960978f3203e36b868472c5aef52fa36ce1446f9914947
rathena-master/npc_EN/events/RWC_2011.txt,دون تغيير,7074b11c86fb570624dc2971c5d4dd534f864e596c95399ba6fe1ce8a193913e,7074b11c86fb570624dc2971c5d4dd534f864e596c95399ba6fe1ce8a193913e
rathena-master/npc_EN/events/RWC_2012.txt,دون تغيير,9cea96204c2cbf9ed4cab9cebe311f8ea56397a6cff2ffbeef45f8049fbd3711,9cea96204c2cbf9ed4cab9cebe311f8ea56397a6cff2ffbeef45f8049fbd3711
rathena-master/npc_EN/events/StPatrick_2008.txt,دون تغيير,a7e9b6d46c7c8f90c5efb5dbe75619776c2bc7034114d6d43c66b9a0a51ada75,a7e9b6d46c7c8f90c5efb5dbe75619776c2bc7034114d6d43c66b9a0a51ada75
rathena-master/npc_EN/events/bossnia.txt,دون تغيير,ce6a7be1535092172ef3015d8749a633a7a01a55f5c325416ceec77e2fa5c5c2,ce6a7be1535092172ef3015d8749a633a7a01a55f5c325416ceec77e2fa5c5c2
rathena-master/npc_EN/events/children_week.txt,دون تغيير,2a36b7eb575a4846e88ff01637614e008d713f2cccc3311c55624d4660f7e947,2a36b7eb575a4846e88ff01637614e008d713f2cccc3311c55624d4660f7e947
rathena-master/npc_EN/events/christmas_2005.txt,دون تغيير,f16396a188c55692bd0d22a010d25f96ac97b149ed35fa546e125d881d1889fe,f16396a188c55692bd0d22a010d25f96ac97b149ed35fa546e125d881d1889fe
rathena-master/npc_EN/events/christmas_2008.txt,دون تغيير,2d6da9ba9a74a86713990ea5617a92bf0b27b73ed2e9fb58083cf38631749493,2d6da9ba9a74a86713990ea5617a92bf0b27b73ed2e9fb58083cf38631749493
rathena-master/npc_EN/events/christmas_2013.txt,دون تغيير,9efc2f101287fe104a20fc13d6d3c519fcc4a539ecefd49709451540fe72f477,9efc2f101287fe104a20fc13d6d3c519fcc4a539ecefd49709451540fe72f477
rathena-master/npc_EN/events/dumplingfestival.txt,دون تغيير,803536d9be8c49a5bb93ffea018ffbdba646856ccb9afdcc8c7c6f865a226163,803536d9be8c49a5bb93ffea018ffbdba646856ccb9afdcc8c7c6f865a226163
rathena-master/npc_EN/events/easter_2008.txt,دون تغيير,7ea2ebf1bb8c3349dcc87c04b038bc6ff06de14595cb5fba7df9dabc1d3b8b4b,7ea2ebf1bb8c3349dcc87c04b038bc6ff06de14595cb5fba7df9dabc1d3b8b4b
rathena-master/npc_EN/events/easter_2010.txt,دون تغيير,b385a131d5bf498345496160628a1aaf10ba925bf1926f3251e651a77c5c272e,b385a131d5bf498345496160628a1aaf10ba925bf1926f3251e651a77c5c272e
rathena-master/npc_EN/events/event_skill_reset.txt,دون تغيير,fdb8bcff27b50b6452d2d5ea11d9118b317205ac142cd585e8d73bc8474f8896,fdb8bcff27b50b6452d2d5ea11d9118b317205ac142cd585e8d73bc8474f8896
rathena-master/npc_EN/events/gdevent_aru.txt,دون تغيير,e64ae6f63dc0def4c74bceead15becb81bcc23a54256acb1633cd4eb9370334a,e64ae6f63dc0def4c74bceead15becb81bcc23a54256acb1633cd4eb9370334a
rathena-master/npc_EN/events/gdevent_sch.txt,دون تغيير,dbb55625372b7b9ef44f9d95c6b260a18068a2768916060c278c6c055116411b,dbb55625372b7b9ef44f9d95c6b260a18068a2768916060c278c6c055116411b
rathena-master/npc_EN/events/god_se_festival.txt,دون تغيير,9090049bd8e7c854c1b1a04cedd4766bbb0690ce8f81fcaa415841044f5fb706,9090049bd8e7c854c1b1a04cedd4766bbb0690ce8f81fcaa415841044f5fb706
rathena-master/npc_EN/events/halloween_2006.txt,دون تغيير,35a0e4e91484248cf52fe4f4b516536320a0645009f082cacd0f3bcd17fb78be,35a0e4e91484248cf52fe4f4b516536320a0645009f082cacd0f3bcd17fb78be
rathena-master/npc_EN/events/halloween_2008.txt,دون تغيير,6ce41676bfaebe99eb80711a8aaa35ea97c96af7de032456e30437422c816186,6ce41676bfaebe99eb80711a8aaa35ea97c96af7de032456e30437422c816186
rathena-master/npc_EN/events/halloween_2009.txt,دون تغيير,3a3740508edf1815728924761788c1cf4ab522ea1e635861f8228a7ec59be402,3a3740508edf1815728924761788c1cf4ab522ea1e635861f8228a7ec59be402
rathena-master/npc_EN/events/halloween_2013.txt,دون تغيير,e94fe8243e686f795ef96f7586971a662b256ad36baeb352b3eaf1fbeff491d7,e94fe8243e686f795ef96f7586971a662b256ad36baeb352b3eaf1fbeff491d7
rathena-master/npc_EN/events/idul_fitri.txt,دون تغيير,6fb04f898116b00497614a8cdf809542d3b1f4c4bae444ef3a3ccf82da9b3165,6fb04f898116b00497614a8cdf809542d3b1f4c4bae444ef3a3ccf82da9b3165
rathena-master/npc_EN/events/lunar_2008.txt,دون تغيير,ffdab72a4ce4a79f04e4d9b81ddffbb1aa686010ccb9bd5ed05d4216744c9fe6,ffdab72a4ce4a79f04e4d9b81ddffbb1aa686010ccb9bd5ed05d4216744c9fe6
rathena-master/npc_EN/events/nguild/nguild_dunsw.txt,دون تغيير,50c51d27e9dd39b8da663b92884246bb6113bcda987142c9f22c0724d7ddd753,50c51d27e9dd39b8da663b92884246bb6113bcda987142c9f22c0724d7ddd753
rathena-master/npc_EN/events/nguild/nguild_ev_agit.txt,دون تغيير,04293a978f36421dc4def39f690b3776763c49adc06b1307363fe5d52d15147c,04293a978f36421dc4def39f690b3776763c49adc06b1307363fe5d52d15147c
rathena-master/npc_EN/events/nguild/nguild_flags.txt,دون تغيير,ea75bb525e016e97ea1da0dbf7fda456e41e0e9726b804506876e5fada021e2f,ea75bb525e016e97ea1da0dbf7fda456e41e0e9726b804506876e5fada021e2f
rathena-master/npc_EN/events/nguild/nguild_guardians.txt,دون تغيير,f9909a5797806ad4dacbb63b21f6017c1226019aa2e7c76f6d3052c7dd65b47f,f9909a5797806ad4dacbb63b21f6017c1226019aa2e7c76f6d3052c7dd65b47f
rathena-master/npc_EN/events/nguild/nguild_kafras.txt,دون تغيير,ea5504977a99afdf266ca56517fe078f1ad0abebc9aa5e2dcc4416659f621aa8,ea5504977a99afdf266ca56517fe078f1ad0abebc9aa5e2dcc4416659f621aa8
rathena-master/npc_EN/events/nguild/nguild_managers.txt,دون تغيير,d3fffe6a991bacff216712fda7a6a35065a229656478f86533efdb3429832134,d3fffe6a991bacff216712fda7a6a35065a229656478f86533efdb3429832134
rathena-master/npc_EN/events/nguild/nguild_treas.txt,دون تغيير,638950d3f6382a8c2a12dc4ac535d37402ec52d9bbf0b44dc7b9838d5dfa6129,638950d3f6382a8c2a12dc4ac535d37402ec52d9bbf0b44dc7b9838d5dfa6129
rathena-master/npc_EN/events/nguild/nguild_warper.txt,دون تغيير,c791c8c1afae51c0356a0bb402ee55859e0887ce246e727d43ed0d9262de169e,c791c8c1afae51c0356a0bb402ee55859e0887ce246e727d43ed0d9262de169e
rathena-master/npc_EN/events/twintowers.txt,دون تغيير,e167b26050f8ebb927d7adcf878d9117ec55eee5a0b02a151f37ed3bfbe94010,e167b26050f8ebb927d7adcf878d9117ec55eee5a0b02a151f37ed3bfbe94010
rathena-master/npc_EN/events/valentinesday.txt,دون تغيير,733a2b4de3ff1a046a7d5c4e6698127777b71cb46300fb91c40d0893e8ad79e6,733a2b4de3ff1a046a7d5c4e6698127777b71cb46300fb91c40d0893e8ad79e6
rathena-master/npc_EN/events/valentinesday_2009.txt,دون تغيير,1f9ce01f35201a017ed1a4d42caeb2b753ea18a1dfe061b26902b3faf614dc71,1f9ce01f35201a017ed1a4d42caeb2b753ea18a1dfe061b26902b3faf614dc71
rathena-master/npc_EN/events/valentinesday_2012.txt,دون تغيير,9989eb6cc9920df9bc1358f4f05d6b7489842ebd721f26fe085d2a57e8ade84c,9989eb6cc9920df9bc1358f4f05d6b7489842ebd721f26fe085d2a57e8ade84c
rathena-master/npc_EN/events/whiteday.txt,دون تغيير,473184440961713e8444f1a2fecef812670236e941bd399ad8c7e7011121cdb7,473184440961713e8444f1a2fecef812670236e941bd399ad8c7e7011121cdb7
rathena-master/npc_EN/events/xmas.txt,دون تغيير,daad7407474af3b46d437c8c4eb230fab462fce17c8ef18d2d03955a078dba3c,daad7407474af3b46d437c8c4eb230fab462fce17c8ef18d2d03955a078dba3c
rathena-master/npc_EN/guild/agit_controller.txt,دون تغيير,3a19da83ac59e9d341369a176977abd827d35d37e974d1370f10728bad4cfd38,3a19da83ac59e9d341369a176977abd827d35d37e974d1370f10728bad4cfd38
rathena-master/npc_EN/guild/agit_main.txt,دون تغيير,6c7ed1a8521091c020810af92a7ff17a4ad40c1136f66c39c281d254f84cd1d7,6c7ed1a8521091c020810af92a7ff17a4ad40c1136f66c39c281d254f84cd1d7
rathena-master/npc_EN/guild/aldeg_cas01.txt,دون تغيير,8b34bfa56e425326ebe85173efab78cb5935298ccc840d31f609c4e1f3e21b4f,8b34bfa56e425326ebe85173efab78cb5935298ccc840d31f609c4e1f3e21b4f
rathena-master/npc_EN/guild/aldeg_cas02.txt,دون تغيير,efead71423ef1ee9915d7bd6c893ca4d18e551c278e8cd312c40fe55f6e19f5b,efead71423ef1ee9915d7bd6c893ca4d18e551c278e8cd312c40fe55f6e19f5b
rathena-master/npc_EN/guild/aldeg_cas03.txt,دون تغيير,6d377e3d8e105a8ae4e63823d44c902f5b8fef8038021be76c3c21560ac2e5c1,6d377e3d8e105a8ae4e63823d44c902f5b8fef8038021be76c3c21560ac2e5c1
rathena-master/npc_EN/guild/aldeg_cas04.txt,دون تغيير,94aa83cba6d12ef8b9c28b63fbad07edb7e16c91b44cbdd788648369878d5a04,94aa83cba6d12ef8b9c28b63fbad07edb7e16c91b44cbdd788648369878d5a04
rathena-master/npc_EN/guild/aldeg_cas05.txt,دون تغيير,4a54db18014c89bf5aa8b714f5899869c88834b1182cb462c29559444c28beb7,4a54db18014c89bf5aa8b714f5899869c88834b1182cb462c29559444c28beb7
rathena-master/npc_EN/guild/gefg_cas01.txt,دون تغيير,a53ecf0432db36d1c5e8f983c82b432b22dc4c155340771d048a27cd5c9b27f9,a53ecf0432db36d1c5e8f983c82b432b22dc4c155340771d048a27cd5c9b27f9
rathena-master/npc_EN/guild/gefg_cas02.txt,دون تغيير,b6ad7bd605ba10b6e122fdb1d6b07d33294e0065d70dcd5d928c41e462d01f43,b6ad7bd605ba10b6e122fdb1d6b07d33294e0065d70dcd5d928c41e462d01f43
rathena-master/npc_EN/guild/gefg_cas03.txt,دون تغيير,48a934902c844fb9779b8e066e2671844f3cf9f5d86e69f4384efe11a1ad0734,48a934902c844fb9779b8e066e2671844f3cf9f5d86e69f4384efe11a1ad0734
rathena-master/npc_EN/guild/gefg_cas04.txt,دون تغيير,c0d978cb43d3b4ee23e8ac5d54c8eae3e3c9daeec32b46f3be15c46a5336db34,c0d978cb43d3b4ee23e8ac5d54c8eae3e3c9daeec32b46f3be15c46a5336db34
rathena-master/npc_EN/guild/gefg_cas05.txt,دون تغيير,9a9d133393e9466fd5f79eb42ff60858ae4cfdfdef399957ff862d7e115f57f9,9a9d133393e9466fd5f79eb42ff60858ae4cfdfdef399957ff862d7e115f57f9
rathena-master/npc_EN/guild/payg_cas01.txt,دون تغيير,8364cee079f8b85a28fc9afb705bb52669db3037af81f69d825674ae1014eb5b,8364cee079f8b85a28fc9afb705bb52669db3037af81f69d825674ae1014eb5b
rathena-master/npc_EN/guild/payg_cas02.txt,دون تغيير,51ec2278ac8fd9e3d8a6887e11dcd20892c026ea2f384c11e2f6a91d0e5ebf02,51ec2278ac8fd9e3d8a6887e11dcd20892c026ea2f384c11e2f6a91d0e5ebf02
rathena-master/npc_EN/guild/payg_cas03.txt,دون تغيير,67fb9474fba223ca2ddfd9eba7d52a9c53a2ad23f0cd436150645b9596cae14e,67fb9474fba223ca2ddfd9eba7d52a9c53a2ad23f0cd436150645b9596cae14e
rathena-master/npc_EN/guild/payg_cas04.txt,دون تغيير,ce4e48f4fea9098d9ffbe32f69aa149aa01707d8209f5528779b1f7b07e9741a,ce4e48f4fea9098d9ffbe32f69aa149aa01707d8209f5528779b1f7b07e9741a
rathena-master/npc_EN/guild/payg_cas05.txt,دون تغيير,5badc45b5329466bf3471cf4e09402c7454cd39746dfeb10bfa7f9961e68f6a8,5badc45b5329466bf3471cf4e09402c7454cd39746dfeb10bfa7f9961e68f6a8
rathena-master/npc_EN/guild/prtg_cas01.txt,دون تغيير,8ee30e2eed86db19e684534805d22ce135c33568443dc86f81c8df553bac9b75,8ee30e2eed86db19e684534805d22ce135c33568443dc86f81c8df553bac9b75
rathena-master/npc_EN/guild/prtg_cas02.txt,دون تغيير,206b2a318980596d9ff3f1cb31ff5402bab34009204677f7fdd2f31b43fe85f2,206b2a318980596d9ff3f1cb31ff5402bab34009204677f7fdd2f31b43fe85f2
rathena-master/npc_EN/guild/prtg_cas03.txt,دون تغيير,14d7f691fed4d272a96575b0c695dfad38e689099b9a66ce13d271e0c0e1b3c8,14d7f691fed4d272a96575b0c695dfad38e689099b9a66ce13d271e0c0e1b3c8
rathena-master/npc_EN/guild/prtg_cas04.txt,دون تغيير,0c22b72cfa51367ddceb03f8319dfc6c88e8ab263a51c7ca4703124dbdf05087,0c22b72cfa51367ddceb03f8319dfc6c88e8ab263a51c7ca4703124dbdf05087
rathena-master/npc_EN/guild/prtg_cas05.txt,دون تغيير,1c3ab5a1dd3d7fd45a5d2a052a8c696a2dad65a3ad333b6e374d3d73dcd67b77,1c3ab5a1dd3d7fd45a5d2a052a8c696a2dad65a3ad333b6e374d3d73dcd67b77
rathena-master/npc_EN/guild/trs_rp.txt,دون تغيير,6c098586f997de1e32bc4c40be9f5c72606a5fb9e692c284aaa3dab21d45bf62,6c098586f997de1e32bc4c40be9f5c72606a5fb9e692c284aaa3dab21d45bf62
rathena-master/npc_EN/guild2/agit_main_se.txt,دون تغيير,c1176adf0a8307f380d5b7ebb4412b1d8484d9848589d8b8c25b5cf035b810e1,c1176adf0a8307f380d5b7ebb4412b1d8484d9848589d8b8c25b5cf035b810e1
rathena-master/npc_EN/guild2/agit_start_se.txt,دون تغيير,3b506ad1a28b04a0312931886ad261201b2892180f19406880505618f245ca3c,3b506ad1a28b04a0312931886ad261201b2892180f19406880505618f245ca3c
rathena-master/npc_EN/guild2/arug_cas01.txt,دون تغيير,f5f386eef0748b3dc921bda3c97696e03d7cd6398485c5ad1da23be494d22f78,f5f386eef0748b3dc921bda3c97696e03d7cd6398485c5ad1da23be494d22f78
rathena-master/npc_EN/guild2/arug_cas02.txt,دون تغيير,5047f0c21a56a8e90aaa7f78c8a1a51d4904c4c63faf589de776c011b62af2c4,5047f0c21a56a8e90aaa7f78c8a1a51d4904c4c63faf589de776c011b62af2c4
rathena-master/npc_EN/guild2/arug_cas03.txt,دون تغيير,f601376131a016c8c7ada512ff4a0aecef3fdf3e508fc6e59e21fa4dca381d6d,f601376131a016c8c7ada512ff4a0aecef3fdf3e508fc6e59e21fa4dca381d6d
rathena-master/npc_EN/guild2/arug_cas04.txt,دون تغيير,f4df0f35f0fe29fec0b18e436963f2045868b7b2ae72b7ea5de08b8543db773c,f4df0f35f0fe29fec0b18e436963f2045868b7b2ae72b7ea5de08b8543db773c
rathena-master/npc_EN/guild2/arug_cas05.txt,دون تغيير,8d26dbed1926d5fae4e7c78edd7925d91cf6577117e9b0c8b7b2daf57a223cea,8d26dbed1926d5fae4e7c78edd7925d91cf6577117e9b0c8b7b2daf57a223cea
rathena-master/npc_EN/guild2/guild_flags.txt,دون تغيير,8d74a7f2e4a0d570b08c796cca16229a27721b3761a0c13409e40fac3e24e4f3,8d74a7f2e4a0d570b08c796cca16229a27721b3761a0c13409e40fac3e24e4f3
rathena-master/npc_EN/guild2/schg_cas01.txt,دون تغيير,37ef5cfd488219df8c476173b3671bb9f7c5d9e2b1832e96d1c492641008f285,37ef5cfd488219df8c476173b3671bb9f7c5d9e2b1832e96d1c492641008f285
rathena-master/npc_EN/guild2/schg_cas02.txt,دون تغيير,f2040f23b2849135abe9b4b39ae9442d6630e8390e27a780cc36e2642ffaa648,f2040f23b2849135abe9b4b39ae9442d6630e8390e27a780cc36e2642ffaa648
rathena-master/npc_EN/guild2/schg_cas03.txt,دون تغيير,b6cc6cef22cf8a8273979c94a49f553a5e0d6d2ddcb0e28f1dbd35e15cf2786d,b6cc6cef22cf8a8273979c94a49f553a5e0d6d2ddcb0e28f1dbd35e15cf2786d
rathena-master/npc_EN/guild2/schg_cas04.txt,دون تغيير,f4e51da8e289d3655e4765abca9b02b0c5508a913e80c831c50378a1de7570cd,f4e51da8e289d3655e4765abca9b02b0c5508a913e80c831c50378a1de7570cd
rathena-master/npc_EN/guild2/schg_cas05.txt,دون تغيير,cd47e283920d777ab130e45518401cedbfe63a0be1590fee0003d026271b08e7,cd47e283920d777ab130e45518401cedbfe63a0be1590fee0003d026271b08e7
rathena-master/npc_EN/instances/EndlessTower.txt,دون تغيير,33d905a71da9c0b330f04ae4dfeec4e1d18a695f7ebc6d914edeb42871bb651b,33d905a71da9c0b330f04ae4dfeec4e1d18a695f7ebc6d914edeb42871bb651b
rathena-master/npc_EN/instances/NydhoggsNest.txt,دون تغيير,dfe98d33fb1b96b65a4030caa172e3064a3ef74da7e5330922beab9eff84b181,dfe98d33fb1b96b65a4030caa172e3064a3ef74da7e5330922beab9eff84b181
rathena-master/npc_EN/instances/OrcsMemory.txt,دون تغيير,0d94dcb67f485612ee3b6cc6dfbcaa1c7c533c3492ba7dc1e1ebb869f48b3c78,0d94dcb67f485612ee3b6cc6dfbcaa1c7c533c3492ba7dc1e1ebb869f48b3c78
rathena-master/npc_EN/instances/SealedShrine.txt,دون تغيير,c2735c88d3348f702f235480594e858a0f75a955922a56d7922df8a4a06efd9f,c2735c88d3348f702f235480594e858a0f75a955922a56d7922df8a4a06efd9f
rathena-master/npc_EN/jobs/1-1e/gunslinger.txt,دون تغيير,f5154d3f876c03b4308e14e2a4654f185c23b53ea571e9a55ff1ed9d546b456f,f5154d3f876c03b4308e14e2a4654f185c23b53ea571e9a55ff1ed9d546b456f
rathena-master/npc_EN/jobs/1-1e/ninja.txt,دون تغيير,98accfe193ea62002f523dd0f39be7116230f68d107ea61ac1c68cd03748dade,98accfe193ea62002f523dd0f39be7116230f68d107ea61ac1c68cd03748dade
rathena-master/npc_EN/jobs/1-1e/taekwon.txt,دون تغيير,0c37979a6987961718ffc3a7201f7dfd2e172a1780360b349e5555179f9cd3f5,0c37979a6987961718ffc3a7201f7dfd2e172a1780360b349e5555179f9cd3f5
rathena-master/npc_EN/jobs/2-1/assassin.txt,دون تغيير,275ad6793cbf1e3701fde599c99d46bbe3b53c13aaac20fdcf03ee9344767180,275ad6793cbf1e3701fde599c99d46bbe3b53c13aaac20fdcf03ee9344767180
rathena-master/npc_EN/jobs/2-1/blacksmith.txt,دون تغيير,8c8d9d2a2bb8284d8c91c748abd2070cc0ee587cac1616142c6c965b13a45079,8c8d9d2a2bb8284d8c91c748abd2070cc0ee587cac1616142c6c965b13a45079
rathena-master/npc_EN/jobs/2-1/hunter.txt,دون تغيير,1a3926e3a9525d6172be2eb1739772d61fe628e7181cffc693265a15222094d3,1a3926e3a9525d6172be2eb1739772d61fe628e7181cffc693265a15222094d3
rathena-master/npc_EN/jobs/2-1/knight.txt,دون تغيير,71dd83c70fcacd959740fd8801fac6727bd782a5d1e0a85c4a8076bff02417d7,71dd83c70fcacd959740fd8801fac6727bd782a5d1e0a85c4a8076bff02417d7
rathena-master/npc_EN/jobs/2-1/priest.txt,دون تغيير,25959b5fb89362de966b86dc519e294164080a60dfdd08332ebea000f50c2c51,25959b5fb89362de966b86dc519e294164080a60dfdd08332ebea000f50c2c51
rathena-master/npc_EN/jobs/2-1/wizard.txt,دون تغيير,2911aae08e5546eab8fc5b5a4eac2fc98a1d2edcebf7997ba1f0dc175e98d7bc,2911aae08e5546eab8fc5b5a4eac2fc98a1d2edcebf7997ba1f0dc175e98d7bc
rathena-master/npc_EN/jobs/2-1a/AssassinCross.txt,دون تغيير,d753615ff11b5e5c41a0693fec909fe2f57ffa17ba78d4eac7e5c599a4b8e1a5,d753615ff11b5e5c41a0693fec909fe2f57ffa17ba78d4eac7e5c599a4b8e1a5
rathena-master/npc_EN/jobs/2-1a/HighPriest.txt,دون تغيير,954954d024350d33125340c35f60c9ec11e15fc4c512b6408fa76c53a9879b2d,954954d024350d33125340c35f60c9ec11e15fc4c512b6408fa76c53a9879b2d
rathena-master/npc_EN/jobs/2-1a/HighWizard.txt,دون تغيير,661d0c286abacecd0e4f2b70682016d308dd6627c7b8e89061b6d995f79050c2,661d0c286abacecd0e4f2b70682016d308dd6627c7b8e89061b6d995f79050c2
rathena-master/npc_EN/jobs/2-1a/LordKnight.txt,دون تغيير,2cd280fc15613edf8747de463838f9c08decb2da6616553eb89c90557d7a9cf7,2cd280fc15613edf8747de463838f9c08decb2da6616553eb89c90557d7a9cf7
rathena-master/npc_EN/jobs/2-1a/Sniper.txt,دون تغيير,3a1375a79e17a5d70a669ebdb2dcaaba917b2323a131ff22e4fd443316dd6d94,3a1375a79e17a5d70a669ebdb2dcaaba917b2323a131ff22e4fd443316dd6d94
rathena-master/npc_EN/jobs/2-1a/WhiteSmith.txt,دون تغيير,f9641d55176cdc2d4c7cc99706f23b5227d6dd9fde6d404f3853971232d333e7,f9641d55176cdc2d4c7cc99706f23b5227d6dd9fde6d404f3853971232d333e7
rathena-master/npc_EN/jobs/2-1e/StarGladiator.txt,دون تغيير,4e23c6d84130de373f315cd4926833d1f38445bd7e1c00f1db8fa88a4bc78cd0,4e23c6d84130de373f315cd4926833d1f38445bd7e1c00f1db8fa88a4bc78cd0
rathena-master/npc_EN/jobs/2-2/alchemist.txt,دون تغيير,df67841c5686e5f4cd4c6dbc40e52687bf8dec3f031e742e3d9964b2c0ab618f,df67841c5686e5f4cd4c6dbc40e52687bf8dec3f031e742e3d9964b2c0ab618f
rathena-master/npc_EN/jobs/2-2/bard.txt,دون تغيير,35fc62a450ca1ec224b7f866a3d9fda2345a29018f4a5ca9f30d2cdd7ef2e0fc,35fc62a450ca1ec224b7f866a3d9fda2345a29018f4a5ca9f30d2cdd7ef2e0fc
rathena-master/npc_EN/jobs/2-2/crusader.txt,دون تغيير,eaeaaa9361bf217894a2b48e972303a2c82fe56637bfe6949e01039461a756f1,eaeaaa9361bf217894a2b48e972303a2c82fe56637bfe6949e01039461a756f1
rathena-master/npc_EN/jobs/2-2/dancer.txt,دون تغيير,8041344e655aa974ec31ca9ef421c71db44c6d5d1c1ed8daaed2142ac9fcb96b,8041344e655aa974ec31ca9ef421c71db44c6d5d1c1ed8daaed2142ac9fcb96b
rathena-master/npc_EN/jobs/2-2/monk.txt,دون تغيير,dbc3a1dcacacc7199c58ede93a93247ef3bf22464853e5132f037db015ef7351,dbc3a1dcacacc7199c58ede93a93247ef3bf22464853e5132f037db015ef7351
rathena-master/npc_EN/jobs/2-2/rogue.txt,دون تغيير,63f829884ec3d2fc798aa74fa2ef7c92d6835e0e7ac1aee0e546bbff2de7b675,63f829884ec3d2fc798aa74fa2ef7c92d6835e0e7ac1aee0e546bbff2de7b675
rathena-master/npc_EN/jobs/2-2/sage.txt,دون تغيير,dadf5cccf0266fc28c82ecaf6a6795892a919c02f25c7412072506ef30d62596,dadf5cccf0266fc28c82ecaf6a6795892a919c02f25c7412072506ef30d62596
rathena-master/npc_EN/jobs/2-2a/Champion.txt,دون تغيير,032ef31599288a07cb5115c250404886b59de5c4b62d25961fad2eb223570f56,032ef31599288a07cb5115c250404886b59de5c4b62d25961fad2eb223570f56
rathena-master/npc_EN/jobs/2-2a/Clown.txt,دون تغيير,3885aa6afae775cb0547830025fd7985988aba544be9a784e9601de8d43bf2af,3885aa6afae775cb0547830025fd7985988aba544be9a784e9601de8d43bf2af
rathena-master/npc_EN/jobs/2-2a/Creator.txt,دون تغيير,74821a4794c1a2b611b6d479415d9957643b544598f5dd850c3ac0a3be316da4,74821a4794c1a2b611b6d479415d9957643b544598f5dd850c3ac0a3be316da4
rathena-master/npc_EN/jobs/2-2a/Gypsy.txt,دون تغيير,1e1f71d127c646d90baa5ea0467eefa066f9eb8e2910d565926403de30eaf6b2,1e1f71d127c646d90baa5ea0467eefa066f9eb8e2910d565926403de30eaf6b2
rathena-master/npc_EN/jobs/2-2a/Paladin.txt,دون تغيير,9b5e38631e7ad142d6b3a8380ce32ffc93eb9bce367653c45dfa3d9bd5bccbcc,9b5e38631e7ad142d6b3a8380ce32ffc93eb9bce367653c45dfa3d9bd5bccbcc
rathena-master/npc_EN/jobs/2-2a/Professor.txt,دون تغيير,fee56501139ecd643905851e05ce8966def76ece27e230a629fa56031803e4f1,fee56501139ecd643905851e05ce8966def76ece27e230a629fa56031803e4f1
rathena-master/npc_EN/jobs/2-2a/Stalker.txt,دون تغيير,30e4208f2050c1e6d7e831f22b1485cd2fa726b0e5180423948f281b312a0198,30e4208f2050c1e6d7e831f22b1485cd2fa726b0e5180423948f281b312a0198
rathena-master/npc_EN/jobs/2-2e/SoulLinker.txt,دون تغيير,4be19fba1edc982d7638cee728cbb74b3eb355472d43cbd34c5640edb4127d14,4be19fba1edc982d7638cee728cbb74b3eb355472d43cbd34c5640edb4127d14
rathena-master/npc_EN/jobs/novice/supernovice.txt,دون تغيير,916725d138b2f6adeba45d53f673d1dacc0128ff11bf06a755f17ff753be98c4,916725d138b2f6adeba45d53f673d1dacc0128ff11bf06a755f17ff753be98c4
rathena-master/npc_EN/jobs/valkyrie.txt,دون تغيير,a151f75c56e45ea6c71886d1062d9c6a4ad5c2ec3bdc276b508f925d34e31953,a151f75c56e45ea6c71886d1062d9c6a4ad5c2ec3bdc276b508f925d34e31953
rathena-master/npc_EN/kafras/cool_event_corp.txt,دون تغيير,9bff23a685ecde45173d418fa923d2212dd26c6b48891a238985d683011d4c33,9bff23a685ecde45173d418fa923d2212dd26c6b48891a238985d683011d4c33
rathena-master/npc_EN/kafras/dts_warper.txt,دون تغيير,aea5d73e76a0f48ff442501b5d093da8a4ef514417afc521092ed65653ca0185,aea5d73e76a0f48ff442501b5d093da8a4ef514417afc521092ed65653ca0185
rathena-master/npc_EN/kafras/functions_kafras.txt,دون تغيير,5b8ef716de95d29faf0aabee3220069533ebc30dd2f2a31df70bcababba5af18,5b8ef716de95d29faf0aabee3220069533ebc30dd2f2a31df70bcababba5af18
rathena-master/npc_EN/kafras/kafras.txt,دون تغيير,279305ca11b3127a91139baa118592264e5c3e89a026bf1d1e25343d96544396,279305ca11b3127a91139baa118592264e5c3e89a026bf1d1e25343d96544396
rathena-master/npc_EN/mapflag/battleground.txt,دون تغيير,11108b2d06ab9c4b02ab3a83352e7bf5f1200835307c6c7d37da7eaa08c40a9c,11108b2d06ab9c4b02ab3a83352e7bf5f1200835307c6c7d37da7eaa08c40a9c
rathena-master/npc_EN/mapflag/gvg.txt,دون تغيير,ee14f9ac2c976daa112f044c9af1a06add8ca37db7eaeb62ecfb5eb49778d10e,ee14f9ac2c976daa112f044c9af1a06add8ca37db7eaeb62ecfb5eb49778d10e
rathena-master/npc_EN/mapflag/gvg_noparty.txt,دون تغيير,0fcf3519efc3387a4f09aca5b98f245a4d9b419667f9154d33a49b3f44e5ab11,0fcf3519efc3387a4f09aca5b98f245a4d9b419667f9154d33a49b3f44e5ab11
rathena-master/npc_EN/mapflag/hidemobhpbar.txt,دون تغيير,07af2500f2035eb7a48c1e6bfead835bfb378d4715e06c2973a744ddb6d472dc,07af2500f2035eb7a48c1e6bfead835bfb378d4715e06c2973a744ddb6d472dc
rathena-master/npc_EN/mapflag/jail.txt,دون تغيير,840bc7ee282a99c079b3152559a3b829a3593df6e2efb8b77e6d9b6cc3905c94,840bc7ee282a99c079b3152559a3b829a3593df6e2efb8b77e6d9b6cc3905c94
rathena-master/npc_EN/mapflag/night.txt,دون تغيير,c60a033c28e9080eee2e485e1f8babdb9ebffd1ccd6d3056c96ff9a23992bfed,c60a033c28e9080eee2e485e1f8babdb9ebffd1ccd6d3056c96ff9a23992bfed
rathena-master/npc_EN/mapflag/nightmare.txt,دون تغيير,33c6f4b08d69c65297f4c33a660f223ebcc074233bf31262135c57a9b218252a,33c6f4b08d69c65297f4c33a660f223ebcc074233bf31262135c57a9b218252a
rathena-master/npc_EN/mapflag/nobranch.txt,دون تغيير,692e0266fb8cab5f798788626824efe123af71d1a059a3cb82923563d46c1c99,692e0266fb8cab5f798788626824efe123af71d1a059a3cb82923563d46c1c99
rathena-master/npc_EN/mapflag/nocostume.txt,دون تغيير,0bf5c352e623387cb260739cd4027164a3c6d3df022832789f41bb50c98eac26,0bf5c352e623387cb260739cd4027164a3c6d3df022832789f41bb50c98eac26
rathena-master/npc_EN/mapflag/nodynamicnpc.txt,دون تغيير,56d0a3787b9263c4e88f63ef722eb6b865f25a8a7c9bc37ce72cb361b6ccb2f3,56d0a3787b9263c4e88f63ef722eb6b865f25a8a7c9bc37ce72cb361b6ccb2f3
rathena-master/npc_EN/mapflag/noicewall.txt,دون تغيير,944f7165005e53be4262414da19662e0470a3fec7aef86c68c01b4b5257ec389,944f7165005e53be4262414da19662e0470a3fec7aef86c68c01b4b5257ec389
rathena-master/npc_EN/mapflag/nomemo.txt,دون تغيير,ffebdf80d1a9b4c2b00e07e162d0f3b3e9136e21bba205093ec27a1ce3ddfa42,ffebdf80d1a9b4c2b00e07e162d0f3b3e9136e21bba205093ec27a1ce3ddfa42
rathena-master/npc_EN/mapflag/nopenalty.txt,دون تغيير,9262265a80ee656f5ae5226875a59820d4917f69be9b34325ad2a45b3ec0ac0f,9262265a80ee656f5ae5226875a59820d4917f69be9b34325ad2a45b3ec0ac0f
rathena-master/npc_EN/mapflag/nopvp.txt,دون تغيير,9737bb3531ada2c6d72defd1832baf26d8e32f86f82e3d4e668220509c80f66e,9737bb3531ada2c6d72defd1832baf26d8e32f86f82e3d4e668220509c80f66e
rathena-master/npc_EN/mapflag/noreturn.txt,دون تغيير,6d9083df7bb62d7a9477eb404e17b7d9cb5e909e7309095f214da77d95cc7920,6d9083df7bb62d7a9477eb404e17b7d9cb5e909e7309095f214da77d95cc7920
rathena-master/npc_EN/mapflag/nosave.txt,دون تغيير,36d90adc5085c16cee1f9066bd77961ff059c6b9f7797ed315c573d00a328925,36d90adc5085c16cee1f9066bd77961ff059c6b9f7797ed315c573d00a328925
rathena-master/npc_EN/mapflag/noskill.txt,دون تغيير,9a46ea1bdb7f7f1f889d24af3962daf7a5e086155a4ec9da0ab34b53ea64aa63,9a46ea1bdb7f7f1f889d24af3962daf7a5e086155a4ec9da0ab34b53ea64aa63
rathena-master/npc_EN/mapflag/noteleport.txt,دون تغيير,00c5b4e2358832a7949a80f3ce1b9b6eea16db3b7a90b566b7750dd35a98f1cf,00c5b4e2358832a7949a80f3ce1b9b6eea16db3b7a90b566b7750dd35a98f1cf
rathena-master/npc_EN/mapflag/nowarp.txt,دون تغيير,f414de43c9064f261d99c40b2a637e07021392110e919ef388ce75a1aea6d6e8,f414de43c9064f261d99c40b2a637e07021392110e919ef388ce75a1aea6d6e8
rathena-master/npc_EN/mapflag/nowarpto.txt,دون تغيير,fb890ab55c25a67b160e140ea0a72a966061d1614cb4f5e893ffc181891217ff,fb890ab55c25a67b160e140ea0a72a966061d1614cb4f5e893ffc181891217ff
rathena-master/npc_EN/mapflag/partylock.txt,دون تغيير,eaa504947d3f65a210c8739c3c8d0d18a367a3f8651e88b503156a4c5fcd1f6c,eaa504947d3f65a210c8739c3c8d0d18a367a3f8651e88b503156a4c5fcd1f6c
rathena-master/npc_EN/mapflag/pvp.txt,دون تغيير,e81e56b270b5b2205ef90d8004db77d2cbbd6e5e4f9d82029c992cf349106047,e81e56b270b5b2205ef90d8004db77d2cbbd6e5e4f9d82029c992cf349106047
rathena-master/npc_EN/mapflag/pvp_noguild.txt,دون تغيير,46312c9ebe738d574132fa44ab99c977dc7b6f9359d6eb5fa0ea9e67b6f0a3e0,46312c9ebe738d574132fa44ab99c977dc7b6f9359d6eb5fa0ea9e67b6f0a3e0
rathena-master/npc_EN/mapflag/pvp_noparty.txt,دون تغيير,7e194f7698ecf1d1212819e1ad9c24a8718d3c97cec17685ef4f38645b8d8664,7e194f7698ecf1d1212819e1ad9c24a8718d3c97cec17685ef4f38645b8d8664
rathena-master/npc_EN/mapflag/reset.txt,دون تغيير,d1744b70ec04eca5aa7ea28bbb58d13ef71ee5c1b3729702c6a93233414a69a5,d1744b70ec04eca5aa7ea28bbb58d13ef71ee5c1b3729702c6a93233414a69a5
rathena-master/npc_EN/mapflag/restricted.txt,دون تغيير,3978a4abcf45b10594ebc937c94c7b66357f5fe61ffc05a1efad6f87b90711ea,3978a4abcf45b10594ebc937c94c7b66357f5fe61ffc05a1efad6f87b90711ea
rathena-master/npc_EN/mapflag/skill_damage.txt,دون تغيير,2f88cb2fe9b809f74a88cfb1b75c0fa63a3dfccf66607e8de49d9cfba076bbce,2f88cb2fe9b809f74a88cfb1b75c0fa63a3dfccf66607e8de49d9cfba076bbce
rathena-master/npc_EN/mapflag/skill_duration.txt,دون تغيير,49e63a606efc134ddcefaf1c1fc16550ffebb8d46455397a53d2da6e27f77591,49e63a606efc134ddcefaf1c1fc16550ffebb8d46455397a53d2da6e27f77591
rathena-master/npc_EN/mapflag/town.txt,دون تغيير,611e6fd3bc0feeffdd9b00f3b6728f7d5daa138b9704fdcbb49376cda6a54ce9,611e6fd3bc0feeffdd9b00f3b6728f7d5daa138b9704fdcbb49376cda6a54ce9
rathena-master/npc_EN/merchants/advanced_refiner.txt,دون تغيير,f4150ab282566ee2a433ea6e91ab437f1f392991955c1cbe37efbbf1c1c0553e,f4150ab282566ee2a433ea6e91ab437f1f392991955c1cbe37efbbf1c1c0553e
rathena-master/npc_EN/merchants/alchemist.txt,دون تغيير,4cdf66f33b0db94ad188148367c0195be4751956f3cd69056d53746ed3a9e5cd,4cdf66f33b0db94ad188148367c0195be4751956f3cd69056d53746ed3a9e5cd
rathena-master/npc_EN/merchants/buying_shops.txt,دون تغيير,7eccd1465d080d588aefa916242ceb4406ee2cf76f8598a0129c6d1c83532460,7eccd1465d080d588aefa916242ceb4406ee2cf76f8598a0129c6d1c83532460
rathena-master/npc_EN/merchants/cash_trader.txt,دون تغيير,59caae60c7808a3b2a988393c89640b3a31c862ed679947dc8c7cf33886f2e1d,59caae60c7808a3b2a988393c89640b3a31c862ed679947dc8c7cf33886f2e1d
rathena-master/npc_EN/merchants/cashheadgear_dye.txt,دون تغيير,0c3a2491846add1120227d87146aa0c8c296a4af4c3510184b0f35bca6ca2360,0c3a2491846add1120227d87146aa0c8c296a4af4c3510184b0f35bca6ca2360
rathena-master/npc_EN/merchants/clothes_dyer.txt,دون تغيير,195943ac4035988accde4e3d95f46fda9d6525b7091d1f716a60f1bd7e27b798,195943ac4035988accde4e3d95f46fda9d6525b7091d1f716a60f1bd7e27b798
rathena-master/npc_EN/merchants/coin_exchange.txt,دون تغيير,5b9e94eca0176dded20d4b345951d4ec514ee7f2f9903c23b6e35a739e92b78a,5b9e94eca0176dded20d4b345951d4ec514ee7f2f9903c23b6e35a739e92b78a
rathena-master/npc_EN/merchants/dye_maker.txt,دون تغيير,d959a7fc37caada03f8570e335ac42e1c9e1542d8d2afbc1f24c1944cd76a75c,d959a7fc37caada03f8570e335ac42e1c9e1542d8d2afbc1f24c1944cd76a75c
rathena-master/npc_EN/merchants/elemental_trader.txt,دون تغيير,bde44f86135b07bd018a93ed68e3512b511d757ca5162d6d253d4916ac6b0087,bde44f86135b07bd018a93ed68e3512b511d757ca5162d6d253d4916ac6b0087
rathena-master/npc_EN/merchants/enchan_arm.txt,دون تغيير,790ba2de52afff095f54451e293bbe94bdc66e5413731b040501e46cb314c911,790ba2de52afff095f54451e293bbe94bdc66e5413731b040501e46cb314c911
rathena-master/npc_EN/merchants/gemstone.txt,دون تغيير,1cc59df3eadb918d16fbb6b4d30b64e5b13bc767c37f9cd3e0fab9993ce283c9,1cc59df3eadb918d16fbb6b4d30b64e5b13bc767c37f9cd3e0fab9993ce283c9
rathena-master/npc_EN/merchants/hair_dyer.txt,دون تغيير,18b9a55219192497a66e5489d8b71fd6e25fa26f5c3f874a12c32d201184f626,18b9a55219192497a66e5489d8b71fd6e25fa26f5c3f874a12c32d201184f626
rathena-master/npc_EN/merchants/hair_style.txt,دون تغيير,55aed434ee3401394fe52f567fbc8bab24c68cbb43525a8b904d9bced558d847,55aed434ee3401394fe52f567fbc8bab24c68cbb43525a8b904d9bced558d847
rathena-master/npc_EN/merchants/icecream.txt,دون تغيير,74db9d6f6a91a5710ee2f70bc5a709b74cbbe9d6b822488a4468aaaf5b72b8f0,74db9d6f6a91a5710ee2f70bc5a709b74cbbe9d6b822488a4468aaaf5b72b8f0
rathena-master/npc_EN/merchants/inn.txt,دون تغيير,686a76cbd7003dc858c6a4e75689b9e523d0d7e73c1f2be865a0dd685a91a437,686a76cbd7003dc858c6a4e75689b9e523d0d7e73c1f2be865a0dd685a91a437
rathena-master/npc_EN/merchants/kunai_maker.txt,دون تغيير,bb0ad8d71b2255c4e0a97ab6fdbd6bc2798c85d0292fe308305279fb048866b8,bb0ad8d71b2255c4e0a97ab6fdbd6bc2798c85d0292fe308305279fb048866b8
rathena-master/npc_EN/merchants/milk_trader.txt,دون تغيير,6543bc1498dfe61e04a16aaf68fce17713bffe0cae6f2f2e686951d2cbd0ae93,6543bc1498dfe61e04a16aaf68fce17713bffe0cae6f2f2e686951d2cbd0ae93
rathena-master/npc_EN/merchants/novice_exchange.txt,دون تغيير,4e8c9ac39e6af5e215b31bc99e39fa7b1031b6b7f1a5def78229f666234120e8,4e8c9ac39e6af5e215b31bc99e39fa7b1031b6b7f1a5def78229f666234120e8
rathena-master/npc_EN/merchants/old_pharmacist.txt,دون تغيير,0a6da8b0924868a168594772a12cbf1ec9a802398a3024a4b3f27da350c44333,0a6da8b0924868a168594772a12cbf1ec9a802398a3024a4b3f27da350c44333
rathena-master/npc_EN/merchants/quivers.txt,دون تغيير,867f011f6aa778b0c9b445063c9fe8de99fbe4f06689f1383fe03fcceb411a33,867f011f6aa778b0c9b445063c9fe8de99fbe4f06689f1383fe03fcceb411a33
rathena-master/npc_EN/merchants/refine.txt,دون تغيير,cdea34a386c2dc4c500a5b9f1d63ae95952ff7b3e045d090bcb2a21d0a5b84ae,cdea34a386c2dc4c500a5b9f1d63ae95952ff7b3e045d090bcb2a21d0a5b84ae
rathena-master/npc_EN/merchants/renters.txt,دون تغيير,2925769d422b963599375280b54b4fad2f8fff1b70948f43902371473f804f27,2925769d422b963599375280b54b4fad2f8fff1b70948f43902371473f804f27
rathena-master/npc_EN/merchants/shops.txt,دون تغيير,220c099d0a501c021959a0bda8a8507d1956ef260026d4227773c0010ff79e56,220c099d0a501c021959a0bda8a8507d1956ef260026d4227773c0010ff79e56
rathena-master/npc_EN/merchants/socket_enchant.txt,دون تغيير,f26b85366d8324d01ed4176f63bbc16de16c6b9417fa7bbebadd2111cd38f1dc,f26b85366d8324d01ed4176f63bbc16de16c6b9417fa7bbebadd2111cd38f1dc
rathena-master/npc_EN/merchants/socket_enchant2.txt,دون تغيير,ace5f8f21d954b0c94e20ace2578591dbdd50b2d3a87458dc67755ba2408ad20,ace5f8f21d954b0c94e20ace2578591dbdd50b2d3a87458dc67755ba2408ad20
rathena-master/npc_EN/merchants/wander_pet_food.txt,دون تغيير,3bd27a253d33a9b595011ee9f2ea36f25140260894d7c8af51ccf9c0ca60aa85,3bd27a253d33a9b595011ee9f2ea36f25140260894d7c8af51ccf9c0ca60aa85
rathena-master/npc_EN/mobs/jail.txt,دون تغيير,fad50a02b3fea5388035fc8ab8bee205c06ed320f963b77e9e3a720455f4a8ba,fad50a02b3fea5388035fc8ab8bee205c06ed320f963b77e9e3a720455f4a8ba
rathena-master/npc_EN/mobs/pvp.txt,دون تغيير,85b025e9c66d52c380c7f00518468c41a13aa5367f537d57ad6c37ae710be3f2,85b025e9c66d52c380c7f00518468c41a13aa5367f537d57ad6c37ae710be3f2
rathena-master/npc_EN/mobs/towns.txt,دون تغيير,50c97a8dd3af61738d6904848a53a1e718ee07375153c619afa9d20a266e8382,50c97a8dd3af61738d6904848a53a1e718ee07375153c619afa9d20a266e8382
rathena-master/npc_EN/other/CashShop_Functions.txt,دون تغيير,d6a2e5d6b120cba6d77a1ab5c9389e81ed663f5b99cc30a64a4d2369de6f27c5,d6a2e5d6b120cba6d77a1ab5c9389e81ed663f5b99cc30a64a4d2369de6f27c5
rathena-master/npc_EN/other/Global_Functions.txt,دون تغيير,592f41b3b75495c756a16607538e8bd0e4903cb5f73688f33856a2029d84596d,592f41b3b75495c756a16607538e8bd0e4903cb5f73688f33856a2029d84596d
rathena-master/npc_EN/other/acolyte_warp.txt,دون تغيير,8d6827cf052bb73e21fef0d3b3dd658fa9dc99c355db9545ebbea086d7ff6001,8d6827cf052bb73e21fef0d3b3dd658fa9dc99c355db9545ebbea086d7ff6001
rathena-master/npc_EN/other/arena/arena_aco.txt,دون تغيير,edf06fe4460a0cdf70498b11a750f05540c11e3fb2f6f4437a3966503be2c25d,edf06fe4460a0cdf70498b11a750f05540c11e3fb2f6f4437a3966503be2c25d
rathena-master/npc_EN/other/arena/arena_lvl50.txt,دون تغيير,a20ac0edfa1bb3a19959fd9128856fc6956e76d44e729f7b6045da0422319f70,a20ac0edfa1bb3a19959fd9128856fc6956e76d44e729f7b6045da0422319f70
rathena-master/npc_EN/other/arena/arena_lvl60.txt,دون تغيير,6003a7685bdcc433666a142f4ed4329f65c30e794a50228aaadb2f8df75a4b54,6003a7685bdcc433666a142f4ed4329f65c30e794a50228aaadb2f8df75a4b54
rathena-master/npc_EN/other/arena/arena_lvl70.txt,دون تغيير,9024e62172ba8af80b59afab2a433a93b177c76554b3032237d6d2c6e8296dad,9024e62172ba8af80b59afab2a433a93b177c76554b3032237d6d2c6e8296dad
rathena-master/npc_EN/other/arena/arena_lvl80.txt,دون تغيير,c59df5a56aad969d0a1214d251f20839052439cf3f0c97b9981d8b5508c39a49,c59df5a56aad969d0a1214d251f20839052439cf3f0c97b9981d8b5508c39a49
rathena-master/npc_EN/other/arena/arena_party.txt,دون تغيير,a129d680cc79c85e20740f9b699ddc9ff135e96e0aaf40778312409ddfd54174,a129d680cc79c85e20740f9b699ddc9ff135e96e0aaf40778312409ddfd54174
rathena-master/npc_EN/other/arena/arena_point.txt,دون تغيير,05a1163f3f7f402118d797116d916101cdefe2d252052e7504074d328faa054f,05a1163f3f7f402118d797116d916101cdefe2d252052e7504074d328faa054f
rathena-master/npc_EN/other/arena/arena_room.txt,دون تغيير,3197242400b247d85c93a320f1cb9db760e129b8760e344ec0c94735909f1e05,3197242400b247d85c93a320f1cb9db760e129b8760e344ec0c94735909f1e05
rathena-master/npc_EN/other/auction.txt,دون تغيير,0e8c20205d313bbe437e51562c24b15130e6f5d6be1d986f8d388d8946f702f8,0e8c20205d313bbe437e51562c24b15130e6f5d6be1d986f8d388d8946f702f8
rathena-master/npc_EN/other/books.txt,دون تغيير,8c82bdb6a54f76c312df57dd5fb59c8e0d38d687bc8cd6bfcf5b10e75ae5b8b0,8c82bdb6a54f76c312df57dd5fb59c8e0d38d687bc8cd6bfcf5b10e75ae5b8b0
rathena-master/npc_EN/other/bulletin_boards.txt,دون تغيير,449f82949f9fa090432b70d937e473954e7ddbb33eb4e6f0da91def976983e38,449f82949f9fa090432b70d937e473954e7ddbb33eb4e6f0da91def976983e38
rathena-master/npc_EN/other/card_trader.txt,دون تغيير,820a8037cbffefc0da37fa2a7d2239237eeff240af0f83206fc356f6ae56384d,820a8037cbffefc0da37fa2a7d2239237eeff240af0f83206fc356f6ae56384d
rathena-master/npc_EN/other/comodo_gambling.txt,دون تغيير,e19b065850f66dd9b1f22f087c5a887215da7f0a678adc6806e24f3addabe6ea,e19b065850f66dd9b1f22f087c5a887215da7f0a678adc6806e24f3addabe6ea
rathena-master/npc_EN/other/divorce.txt,دون تغيير,767b598ddcb1b012c169324bdc63273ce26b64d6e254c7742415b5e505850a89,767b598ddcb1b012c169324bdc63273ce26b64d6e254c7742415b5e505850a89
rathena-master/npc_EN/other/fortune.txt,دون تغيير,eb3aef9e98ff5b678ea8c1681e448099cd15269743c5fc3b64bc7d3679cdd5b1,eb3aef9e98ff5b678ea8c1681e448099cd15269743c5fc3b64bc7d3679cdd5b1
rathena-master/npc_EN/other/gm_npcs.txt,دون تغيير,9662123cd27a7bcbc5a683c102849517bc3674627e54db34b75c91ceab03027c,9662123cd27a7bcbc5a683c102849517bc3674627e54db34b75c91ceab03027c
rathena-master/npc_EN/other/guildpvp.txt,دون تغيير,cadea4744a4bea9181dec04f9f793e3bc74b1e6709b737d87536e2cd81820bdf,cadea4744a4bea9181dec04f9f793e3bc74b1e6709b737d87536e2cd81820bdf
rathena-master/npc_EN/other/gympass.txt,دون تغيير,36dd27403380e7dbd54a32839221866a47157abc0adaef901e97159d47eb7f0b,36dd27403380e7dbd54a32839221866a47157abc0adaef901e97159d47eb7f0b
rathena-master/npc_EN/other/hugel_bingo.txt,دون تغيير,435456347664883648ba5c8f93e0ae689d7e62ca23dc2d543ae524a463441153,435456347664883648ba5c8f93e0ae689d7e62ca23dc2d543ae524a463441153
rathena-master/npc_EN/other/mail.txt,دون تغيير,2bd539a3459fcce6bb4091412c365ce0bd2f5fdc28f9d1e0e4a84686c4666889,2bd539a3459fcce6bb4091412c365ce0bd2f5fdc28f9d1e0e4a84686c4666889
rathena-master/npc_EN/other/marriage.txt,دون تغيير,d89d49495e6136c1addd3c3b09d05a088788fd9d2f35e9dae45d7d85f494dec5,d89d49495e6136c1addd3c3b09d05a088788fd9d2f35e9dae45d7d85f494dec5
rathena-master/npc_EN/other/mercenary_rent.txt,دون تغيير,f4b74b3bebfd7856e5dc32ba0241d99eaf9bd4f384214eff0a22d1954753ae5b,f4b74b3bebfd7856e5dc32ba0241d99eaf9bd4f384214eff0a22d1954753ae5b
rathena-master/npc_EN/other/monster_museum.txt,دون تغيير,b935a999d0d3bd46424ec3e52c7f7ee119b9b0f9a8dd2741875588a1fc6accb6,b935a999d0d3bd46424ec3e52c7f7ee119b9b0f9a8dd2741875588a1fc6accb6
rathena-master/npc_EN/other/monster_race.txt,دون تغيير,40aae65de664336fad1aac4571061c8f991f22b3bec131496f45b47b0e8ee206,40aae65de664336fad1aac4571061c8f991f22b3bec131496f45b47b0e8ee206
rathena-master/npc_EN/other/msg_boards.txt,دون تغيير,da172a90eb070b84a91a3fc84dac2989b2e508ff42162a158fc98b9e6dc10ecb,da172a90eb070b84a91a3fc84dac2989b2e508ff42162a158fc98b9e6dc10ecb
rathena-master/npc_EN/other/poring_war.txt,دون تغيير,3597632bb9da8438cdf3bab379ca05ef3ff1363c7a196082d49f91d9d6ff1019,3597632bb9da8438cdf3bab379ca05ef3ff1363c7a196082d49f91d9d6ff1019
rathena-master/npc_EN/other/powernpc.txt,دون تغيير,93e96b5deb411c123eb81c69ae0dd78ea25476873b6208f4f5466ec0c64721a4,93e96b5deb411c123eb81c69ae0dd78ea25476873b6208f4f5466ec0c64721a4
rathena-master/npc_EN/other/pvp.txt,دون تغيير,1831e60d304711a6cb7a816f8ca69a1614594654bac79f7560676432ed361bb1,1831e60d304711a6cb7a816f8ca69a1614594654bac79f7560676432ed361bb1
rathena-master/npc_EN/other/turbo_track.txt,دون تغيير,d202c8a0a3e7c4ef6a284fbb763d34d22789fa0dbf2d106109fa8dde696bf62c,d202c8a0a3e7c4ef6a284fbb763d34d22789fa0dbf2d106109fa8dde696bf62c
rathena-master/npc_EN/pre-re/airports/izlude.txt,دون تغيير,59cece38728d32811cdd0e5a87b036eb50e364b92ea44a0b8fafeb022bac3c7f,59cece38728d32811cdd0e5a87b036eb50e364b92ea44a0b8fafeb022bac3c7f
rathena-master/npc_EN/pre-re/cities/alberta.txt,دون تغيير,e78c553415173c9d0b59646e1deec1341f81b08e23456a1c8c11c34223d55839,e78c553415173c9d0b59646e1deec1341f81b08e23456a1c8c11c34223d55839
rathena-master/npc_EN/pre-re/cities/brasilis.txt,دون تغيير,3f3df9388fa65781e7015fee23ed6252765c3d6f5ca44a3fd2ee4a9da510da0a,3f3df9388fa65781e7015fee23ed6252765c3d6f5ca44a3fd2ee4a9da510da0a
rathena-master/npc_EN/pre-re/cities/izlude.txt,دون تغيير,876aa41a321c5bccb9f30cff894230dc78bc5cec76f76d32a34d9c39dbdd7380,876aa41a321c5bccb9f30cff894230dc78bc5cec76f76d32a34d9c39dbdd7380
rathena-master/npc_EN/pre-re/cities/jawaii.txt,دون تغيير,4f82eb1f8b3935457ea651dee414551b950c0702e43d03a9a74bd04e10c2ed37,4f82eb1f8b3935457ea651dee414551b950c0702e43d03a9a74bd04e10c2ed37
rathena-master/npc_EN/pre-re/cities/lutie.txt,دون تغيير,09d96cb8534ba5b04143511a6fa3a4059f47043220f8c53a6829f89c0a7861ec,09d96cb8534ba5b04143511a6fa3a4059f47043220f8c53a6829f89c0a7861ec
rathena-master/npc_EN/pre-re/cities/prontera.txt,دون تغيير,4f7c6f193194af0a4761397177785df92d55cbefaf7d422f348c432fa027bca2,4f7c6f193194af0a4761397177785df92d55cbefaf7d422f348c432fa027bca2
rathena-master/npc_EN/pre-re/cities/yuno.txt,دون تغيير,ca7fbf15e1a31d10020cd5e7f944587954a33cf4385e993b619e3abb9c3013ad,ca7fbf15e1a31d10020cd5e7f944587954a33cf4385e993b619e3abb9c3013ad
rathena-master/npc_EN/pre-re/guides/guides_alberta.txt,دون تغيير,609f091ee451433e5471caa3b7b74b04d46c1c51a424ce020c1625cf49ca4061,609f091ee451433e5471caa3b7b74b04d46c1c51a424ce020c1625cf49ca4061
rathena-master/npc_EN/pre-re/guides/guides_aldebaran.txt,دون تغيير,a030efc12738f5c44052ac6d7bb5fc8b2c14d8b09ad6e41053e9b6c417671072,a030efc12738f5c44052ac6d7bb5fc8b2c14d8b09ad6e41053e9b6c417671072
rathena-master/npc_EN/pre-re/guides/guides_amatsu.txt,دون تغيير,a2fa20c4cc9a125feb31abe635bbfc9ce64cea59ea23b789e6fc81dbeabb0ef7,a2fa20c4cc9a125feb31abe635bbfc9ce64cea59ea23b789e6fc81dbeabb0ef7
rathena-master/npc_EN/pre-re/guides/guides_ayothaya.txt,دون تغيير,dfc0dad68318656648072732976ab7d8753cb58767346c8edaa2c547f103edf5,dfc0dad68318656648072732976ab7d8753cb58767346c8edaa2c547f103edf5
rathena-master/npc_EN/pre-re/guides/guides_brasilis.txt,دون تغيير,0ef815cd78f5664efbb9b76baa564019d80779418678734dd636062bb752a679,0ef815cd78f5664efbb9b76baa564019d80779418678734dd636062bb752a679
rathena-master/npc_EN/pre-re/guides/guides_comodo.txt,دون تغيير,63b39cde75046df9a7817308c4f937510a877578030243f6fd43d7c19828cde9,63b39cde75046df9a7817308c4f937510a877578030243f6fd43d7c19828cde9
rathena-master/npc_EN/pre-re/guides/guides_einbroch.txt,دون تغيير,7015f86ed2ba59e123f301f8f9170776cdfdb6206d0e232bf8519625b220cd3c,7015f86ed2ba59e123f301f8f9170776cdfdb6206d0e232bf8519625b220cd3c
rathena-master/npc_EN/pre-re/guides/guides_geffen.txt,دون تغيير,86e7ea673e0a3de135e060b8237ee2c197197bc8a81c8107ea18eeb05e0bc4a5,86e7ea673e0a3de135e060b8237ee2c197197bc8a81c8107ea18eeb05e0bc4a5
rathena-master/npc_EN/pre-re/guides/guides_gonryun.txt,دون تغيير,ab084d90c91e0e7c4579eaa19a5766306fbd38cd52a4584d9c723df992a9e6d8,ab084d90c91e0e7c4579eaa19a5766306fbd38cd52a4584d9c723df992a9e6d8
rathena-master/npc_EN/pre-re/guides/guides_hugel.txt,دون تغيير,68699454dc4389af2f8bfd773ae4a370b531a52fd7bc13af7ad802d9d80be252,68699454dc4389af2f8bfd773ae4a370b531a52fd7bc13af7ad802d9d80be252
rathena-master/npc_EN/pre-re/guides/guides_izlude.txt,دون تغيير,aa9d8ce58ea70bbd49ee08d1b7447fde68ebc042ac508efb8a7d132ad507d7af,aa9d8ce58ea70bbd49ee08d1b7447fde68ebc042ac508efb8a7d132ad507d7af
rathena-master/npc_EN/pre-re/guides/guides_juno.txt,دون تغيير,2e42512af1b37ca1ed6398e0295cb41d7fbe46e3f14303dc3e3aee814c5eda1f,2e42512af1b37ca1ed6398e0295cb41d7fbe46e3f14303dc3e3aee814c5eda1f
rathena-master/npc_EN/pre-re/guides/guides_lighthalzen.txt,دون تغيير,8b32d2c46e4f5656359d3106843580ca7e9fe8f8abe827e7c9ca0d36b1c406a1,8b32d2c46e4f5656359d3106843580ca7e9fe8f8abe827e7c9ca0d36b1c406a1
rathena-master/npc_EN/pre-re/guides/guides_louyang.txt,دون تغيير,d69c9273e395319a0f776be4d17a278f64bc80a42dd0b1228e5d48f4f229e540,d69c9273e395319a0f776be4d17a278f64bc80a42dd0b1228e5d48f4f229e540
rathena-master/npc_EN/pre-re/guides/guides_morroc.txt,دون تغيير,689d71420dbf65af4581b790061f8c24e88f404070e6c7594acd4fe0db1b0723,689d71420dbf65af4581b790061f8c24e88f404070e6c7594acd4fe0db1b0723
rathena-master/npc_EN/pre-re/guides/guides_moscovia.txt,دون تغيير,3733db45bdaf75fae54fab1d0f2a8b027fbae33d862b09e94949ac14d52c546d,3733db45bdaf75fae54fab1d0f2a8b027fbae33d862b09e94949ac14d52c546d
rathena-master/npc_EN/pre-re/guides/guides_niflheim.txt,دون تغيير,bb56c6704102b846e21f9aaf05e0029aa5fd3190cab4e6824af01125723dd634,bb56c6704102b846e21f9aaf05e0029aa5fd3190cab4e6824af01125723dd634
rathena-master/npc_EN/pre-re/guides/guides_payon.txt,دون تغيير,225def9455ff29c2b464b117908f0635e7b43b97ba8bdf1500c5cf3c1005e20e,225def9455ff29c2b464b117908f0635e7b43b97ba8bdf1500c5cf3c1005e20e
rathena-master/npc_EN/pre-re/guides/guides_prontera.txt,دون تغيير,f62208541e772a0ca07362a62d9398b226b2e50bfd2be12e85dcb6e4f5cbb645,f62208541e772a0ca07362a62d9398b226b2e50bfd2be12e85dcb6e4f5cbb645
rathena-master/npc_EN/pre-re/guides/guides_rachel.txt,دون تغيير,e85bc0ec7531deef26dd0633b7b50b7109d3927f821eb5b1080096c58910a473,e85bc0ec7531deef26dd0633b7b50b7109d3927f821eb5b1080096c58910a473
rathena-master/npc_EN/pre-re/guides/guides_umbala.txt,دون تغيير,700ad07f37b39f0b2c24d37305ac5e17e34953a2449c47926c33855d677f72ea,700ad07f37b39f0b2c24d37305ac5e17e34953a2449c47926c33855d677f72ea
rathena-master/npc_EN/pre-re/guides/guides_veins.txt,دون تغيير,f2db4a663d40ff44789c6d85ff9a4c0146f3c2a6bbb5702c78f5ad9053203374,f2db4a663d40ff44789c6d85ff9a4c0146f3c2a6bbb5702c78f5ad9053203374
rathena-master/npc_EN/pre-re/jobs/1-1/acolyte.txt,دون تغيير,131077234942b5ca77a15fdeaa718a956ff4603ded08751359501b8f66331d3d,131077234942b5ca77a15fdeaa718a956ff4603ded08751359501b8f66331d3d
rathena-master/npc_EN/pre-re/jobs/1-1/archer.txt,دون تغيير,80d226fdfd17fdc4f3ac7e1a03b074b96bda4a7906dfd70cf1419c5ab06f8110,80d226fdfd17fdc4f3ac7e1a03b074b96bda4a7906dfd70cf1419c5ab06f8110
rathena-master/npc_EN/pre-re/jobs/1-1/mage.txt,دون تغيير,21ddcdd43e6692ad3202d8f459530766197a35b37cd7323e1f5da66c0b3c7076,21ddcdd43e6692ad3202d8f459530766197a35b37cd7323e1f5da66c0b3c7076
rathena-master/npc_EN/pre-re/jobs/1-1/merchant.txt,دون تغيير,95f460f35eff0fdcbe779aa5e5b18b456a69b9d4415c8233b9fd5432de5f93ce,95f460f35eff0fdcbe779aa5e5b18b456a69b9d4415c8233b9fd5432de5f93ce
rathena-master/npc_EN/pre-re/jobs/1-1/swordman.txt,دون تغيير,01811672d73011f90ef53b43b415c08b2209cb04a189237941f26c7676257ec9,01811672d73011f90ef53b43b415c08b2209cb04a189237941f26c7676257ec9
rathena-master/npc_EN/pre-re/jobs/1-1/thief.txt,دون تغيير,19e52c2ad54ebccb2488ccc35c9caa4dfe85fde361324ea46c0a14e5b8f3cf43,19e52c2ad54ebccb2488ccc35c9caa4dfe85fde361324ea46c0a14e5b8f3cf43
rathena-master/npc_EN/pre-re/jobs/1-1e/taekwon.txt,دون تغيير,524390886faa3404bca5578dcd9fbe697e8df402ac3ac461b89f80058c7dba04,524390886faa3404bca5578dcd9fbe697e8df402ac3ac461b89f80058c7dba04
rathena-master/npc_EN/pre-re/jobs/2-2/crusader.txt,دون تغيير,97484ebc4410b4212666e80b305032e685b8a3586f3a52f515ccb94e12684127,97484ebc4410b4212666e80b305032e685b8a3586f3a52f515ccb94e12684127
rathena-master/npc_EN/pre-re/jobs/novice/novice.txt,دون تغيير,7455223bc331bc3f8649e16d0af496d4360cb7a849c26ac922508a99b722ed21,7455223bc331bc3f8649e16d0af496d4360cb7a849c26ac922508a99b722ed21
rathena-master/npc_EN/pre-re/kafras/kafras.txt,دون تغيير,6c41a5330f9b8def78a35a79bb6f5a20236cd1f220f3f163768bb777ebd6545c,6c41a5330f9b8def78a35a79bb6f5a20236cd1f220f3f163768bb777ebd6545c
rathena-master/npc_EN/pre-re/mapflag/gvg.txt,دون تغيير,6fd8e421cde9b17a307b5d4deba43782ab1b51f1a0b43ef6b19cea3c0247a169,6fd8e421cde9b17a307b5d4deba43782ab1b51f1a0b43ef6b19cea3c0247a169
rathena-master/npc_EN/pre-re/mapflag/hidemobhpbar.txt,دون تغيير,ddb007dff8a1f44154413dcddc3e6cda9f69dba94707e03cf2a25e1289266fd6,ddb007dff8a1f44154413dcddc3e6cda9f69dba94707e03cf2a25e1289266fd6
rathena-master/npc_EN/pre-re/mapflag/invincible_time.txt,دون تغيير,33b4c260162b7d6a637391af293b0c0d8b786ebaa32a62e1bbbc5487b97770ee,33b4c260162b7d6a637391af293b0c0d8b786ebaa32a62e1bbbc5487b97770ee
rathena-master/npc_EN/pre-re/mapflag/nosave.txt,دون تغيير,8b292101ad307f0ffd37306909dd89816a475fc6b79d284f9e7d4ee3946425a4,8b292101ad307f0ffd37306909dd89816a475fc6b79d284f9e7d4ee3946425a4
rathena-master/npc_EN/pre-re/merchants/ammo_boxes.txt,دون تغيير,78cca1b36924a2a43032172ab9f7b2e13bf503b68c3003c3496615b4ead6f3e7,78cca1b36924a2a43032172ab9f7b2e13bf503b68c3003c3496615b4ead6f3e7
rathena-master/npc_EN/pre-re/merchants/ammo_dealer.txt,دون تغيير,de4620d7ecfb57bc90ef670b90fa50b44d1699a1420dd07bee91b8a8d0041b6a,de4620d7ecfb57bc90ef670b90fa50b44d1699a1420dd07bee91b8a8d0041b6a
rathena-master/npc_EN/pre-re/merchants/hair_dyer.txt,دون تغيير,fe624eaa19505621466c7e9545bdcd2c4b30e7ec0ff2d17cbe23e0d6b4413ace,fe624eaa19505621466c7e9545bdcd2c4b30e7ec0ff2d17cbe23e0d6b4413ace
rathena-master/npc_EN/pre-re/merchants/hair_style.txt,دون تغيير,30e66c87d59e2100fc1b24301ea42baf2976d2146388f525c95501835a3d5998,30e66c87d59e2100fc1b24301ea42baf2976d2146388f525c95501835a3d5998
rathena-master/npc_EN/pre-re/merchants/shops.txt,دون تغيير,2aa7c7c06973e311a631e2ec5ae6069628164a0f8bc72d01972f810ee8669836,2aa7c7c06973e311a631e2ec5ae6069628164a0f8bc72d01972f810ee8669836
rathena-master/npc_EN/pre-re/merchants/socket_enchant2.txt,دون تغيير,89858545c407696bfff18ca56ed63ced2a087fc59703b20da5b1f5b5a1711158,89858545c407696bfff18ca56ed63ced2a087fc59703b20da5b1f5b5a1711158
rathena-master/npc_EN/pre-re/mobs/citycleaners.txt,دون تغيير,9727612b1870f27868e91da8d21aa53c2fe95743a34a55790658dcd697eaa02d,9727612b1870f27868e91da8d21aa53c2fe95743a34a55790658dcd697eaa02d
rathena-master/npc_EN/pre-re/mobs/dungeons/abbey.txt,دون تغيير,3a53d77680b406af754ef107b0eed0aa682cdb87c2cd901ba76fc40073eee130,3a53d77680b406af754ef107b0eed0aa682cdb87c2cd901ba76fc40073eee130
rathena-master/npc_EN/pre-re/mobs/dungeons/abyss.txt,دون تغيير,88e8126eac07ef7ae411719581cba0d13ce9aec6f345233ba26027134379aa7f,88e8126eac07ef7ae411719581cba0d13ce9aec6f345233ba26027134379aa7f
rathena-master/npc_EN/pre-re/mobs/dungeons/alde_dun.txt,دون تغيير,7330af018d5672c4232f089168cd74951c90f92af640a53f81eea78023d0a54c,7330af018d5672c4232f089168cd74951c90f92af640a53f81eea78023d0a54c
rathena-master/npc_EN/pre-re/mobs/dungeons/ama_dun.txt,دون تغيير,15847e8e2bc1d4bfe9399d77214e98f4de32dbe656644f3021245833461e8654,15847e8e2bc1d4bfe9399d77214e98f4de32dbe656644f3021245833461e8654
rathena-master/npc_EN/pre-re/mobs/dungeons/anthell.txt,دون تغيير,60733fe9fbd91accf0d63d884aa2161dbb16abf7e36ff7917f316a4cb396bab6,60733fe9fbd91accf0d63d884aa2161dbb16abf7e36ff7917f316a4cb396bab6
rathena-master/npc_EN/pre-re/mobs/dungeons/ayo_dun.txt,دون تغيير,434785b26ce13a94b899881c61851ff3217880d436fff62e9c2703999377c0be,434785b26ce13a94b899881c61851ff3217880d436fff62e9c2703999377c0be
rathena-master/npc_EN/pre-re/mobs/dungeons/beach_dun.txt,دون تغيير,824190baab1af4982de115650b9d666c08a327dfcae164c6e2d7cb6ffbdb1915,824190baab1af4982de115650b9d666c08a327dfcae164c6e2d7cb6ffbdb1915
rathena-master/npc_EN/pre-re/mobs/dungeons/bra_dun.txt,دون تغيير,db3c1c73bdc94abb3afd1a649bd99a94e6a528e9c98e1e7f502a7217ae4792d4,db3c1c73bdc94abb3afd1a649bd99a94e6a528e9c98e1e7f502a7217ae4792d4
rathena-master/npc_EN/pre-re/mobs/dungeons/c_tower.txt,دون تغيير,ecfe0ec1a5f470725acdadd24a15d84def3fa491c297aad30f534c17def7baa7,ecfe0ec1a5f470725acdadd24a15d84def3fa491c297aad30f534c17def7baa7
rathena-master/npc_EN/pre-re/mobs/dungeons/ein_dun.txt,دون تغيير,5faf6379219841a5ca6a10bf4835769692f0995379ad2e038b2c7d29f92294cc,5faf6379219841a5ca6a10bf4835769692f0995379ad2e038b2c7d29f92294cc
rathena-master/npc_EN/pre-re/mobs/dungeons/gef_dun.txt,دون تغيير,0bd247b4dde7f148732005c28937ebf13609026af57073460145e0e68f9f4406,0bd247b4dde7f148732005c28937ebf13609026af57073460145e0e68f9f4406
rathena-master/npc_EN/pre-re/mobs/dungeons/gefenia.txt,دون تغيير,d361137f2ce0af06b1b3dc24439039fd562f0310806ad5f97392be479a378312,d361137f2ce0af06b1b3dc24439039fd562f0310806ad5f97392be479a378312
rathena-master/npc_EN/pre-re/mobs/dungeons/glastheim.txt,دون تغيير,5a32ce5457533ce470b8f063a2dfa3050810594fc1cd42e77566321752c21cc6,5a32ce5457533ce470b8f063a2dfa3050810594fc1cd42e77566321752c21cc6
rathena-master/npc_EN/pre-re/mobs/dungeons/gld_dun.txt,دون تغيير,709cf58108e5cdf229c7add7f5ff78f82fe113789113ba8d6d3d713cc3ee697d,709cf58108e5cdf229c7add7f5ff78f82fe113789113ba8d6d3d713cc3ee697d
rathena-master/npc_EN/pre-re/mobs/dungeons/gld_dunSE.txt,دون تغيير,7e67774099c2d596d7d4b55f2b9c4248cb706980fc9f49ed17acbd41d53f11d8,7e67774099c2d596d7d4b55f2b9c4248cb706980fc9f49ed17acbd41d53f11d8
rathena-master/npc_EN/pre-re/mobs/dungeons/gon_dun.txt,دون تغيير,edf6598bef47bb8f80310c99b4a8cd7eb7ddbe838feef6d8b0b4aa16c17c9228,edf6598bef47bb8f80310c99b4a8cd7eb7ddbe838feef6d8b0b4aa16c17c9228
rathena-master/npc_EN/pre-re/mobs/dungeons/ice_dun.txt,دون تغيير,17084088e0ec3f40a5fd35db9639b3ddf62dffa02df0a5f1e49c33e54b3595ec,17084088e0ec3f40a5fd35db9639b3ddf62dffa02df0a5f1e49c33e54b3595ec
rathena-master/npc_EN/pre-re/mobs/dungeons/in_sphinx.txt,دون تغيير,5cd1bda9d819968811b6a194ea4e7f277c20f719ddc4ae0fa00dfdb66878e64a,5cd1bda9d819968811b6a194ea4e7f277c20f719ddc4ae0fa00dfdb66878e64a
rathena-master/npc_EN/pre-re/mobs/dungeons/iz_dun.txt,دون تغيير,b5ae103b118a959c039cf8a5a7862df47b29b8531fd1914c77868632e39b1f20,b5ae103b118a959c039cf8a5a7862df47b29b8531fd1914c77868632e39b1f20
rathena-master/npc_EN/pre-re/mobs/dungeons/juperos.txt,دون تغيير,02f9fd6c100fd9cabe5c180e7ce546e0fdd51090a6a613232c2af7ac73cc463d,02f9fd6c100fd9cabe5c180e7ce546e0fdd51090a6a613232c2af7ac73cc463d
rathena-master/npc_EN/pre-re/mobs/dungeons/kh_dun.txt,دون تغيير,986e5b04d42b661ae3e7de4a906124ea83985656eb316635af9c2a2d414222a1,986e5b04d42b661ae3e7de4a906124ea83985656eb316635af9c2a2d414222a1
rathena-master/npc_EN/pre-re/mobs/dungeons/lhz_dun.txt,دون تغيير,22b8f5d190fdc588762d2ba148576258f59b48d745ae28f6defa4dcdcc571975,22b8f5d190fdc588762d2ba148576258f59b48d745ae28f6defa4dcdcc571975
rathena-master/npc_EN/pre-re/mobs/dungeons/lou_dun.txt,دون تغيير,ef1273ff8b01e7b3fb60e740c8bc4a3ca18a59014aadaa910bf48321094b3fd5,ef1273ff8b01e7b3fb60e740c8bc4a3ca18a59014aadaa910bf48321094b3fd5
rathena-master/npc_EN/pre-re/mobs/dungeons/mag_dun.txt,دون تغيير,095e07022928cf75705f4367f4d3396cda976235745481180b1f6f541a2d4f9b,095e07022928cf75705f4367f4d3396cda976235745481180b1f6f541a2d4f9b
rathena-master/npc_EN/pre-re/mobs/dungeons/mjo_dun.txt,دون تغيير,79865c5f41aa6e2a9cef231cb4a7e6046d60533ea7c42603ef76b25524419f69,79865c5f41aa6e2a9cef231cb4a7e6046d60533ea7c42603ef76b25524419f69
rathena-master/npc_EN/pre-re/mobs/dungeons/moc_pryd.txt,دون تغيير,8e8f8d90d3258351e290433ab01005d6f67c98a249eac51d5af46ac208c11c33,8e8f8d90d3258351e290433ab01005d6f67c98a249eac51d5af46ac208c11c33
rathena-master/npc_EN/pre-re/mobs/dungeons/mosk_dun.txt,دون تغيير,4503c012326eec3ab4d4c1e8137f4f20b92dcc1d34f8444c057f779244bb90ff,4503c012326eec3ab4d4c1e8137f4f20b92dcc1d34f8444c057f779244bb90ff
rathena-master/npc_EN/pre-re/mobs/dungeons/nyd_dun.txt,دون تغيير,58d4cb1b3a1a139381e847db7c22f483e26487f42006d927ed9e203f8dad3546,58d4cb1b3a1a139381e847db7c22f483e26487f42006d927ed9e203f8dad3546
rathena-master/npc_EN/pre-re/mobs/dungeons/odin.txt,دون تغيير,c87600471ce2d7a6c6613f98b8a121580d97d0fb0e3aa1c9e4149a601e094965,c87600471ce2d7a6c6613f98b8a121580d97d0fb0e3aa1c9e4149a601e094965
rathena-master/npc_EN/pre-re/mobs/dungeons/orcsdun.txt,دون تغيير,cda15de275aa5c52b457ed38e0c0d81e313ffbe846f8fcfa5fde13f3288f2d9d,cda15de275aa5c52b457ed38e0c0d81e313ffbe846f8fcfa5fde13f3288f2d9d
rathena-master/npc_EN/pre-re/mobs/dungeons/pay_dun.txt,دون تغيير,742ecafa47620845e64409daf515928a5add3e7c429e2cecafd7cc488dd89e03,742ecafa47620845e64409daf515928a5add3e7c429e2cecafd7cc488dd89e03
rathena-master/npc_EN/pre-re/mobs/dungeons/prt_maze.txt,دون تغيير,e6aa8ac786ef744af64ab2db59b221adea5dcaf4a280e783afe436fe1b493a4a,e6aa8ac786ef744af64ab2db59b221adea5dcaf4a280e783afe436fe1b493a4a
rathena-master/npc_EN/pre-re/mobs/dungeons/prt_sew.txt,دون تغيير,cf0379265134c69dcd2f43477ed68f7f7ff9c375ed2b4f51c5ffa7a79095d107,cf0379265134c69dcd2f43477ed68f7f7ff9c375ed2b4f51c5ffa7a79095d107
rathena-master/npc_EN/pre-re/mobs/dungeons/ra_san.txt,دون تغيير,c532b81f571c904240b2f05c7cea3913866aea0688bb2785472daf823b360d4e,c532b81f571c904240b2f05c7cea3913866aea0688bb2785472daf823b360d4e
rathena-master/npc_EN/pre-re/mobs/dungeons/tha_t.txt,دون تغيير,80c162730edbba738393a6a4a478a2a514ca99c7b9225cdb1f14f515e0d99a4d,80c162730edbba738393a6a4a478a2a514ca99c7b9225cdb1f14f515e0d99a4d
rathena-master/npc_EN/pre-re/mobs/dungeons/thor_v.txt,دون تغيير,c0a14f5c362bd69900b177560220ea569093ecd94adfdd831aac02d6c5613890,c0a14f5c362bd69900b177560220ea569093ecd94adfdd831aac02d6c5613890
rathena-master/npc_EN/pre-re/mobs/dungeons/treasure.txt,دون تغيير,933d311c22b1004a694cca54aa8dda2db129c542d622c639506875dfa6ebf879,933d311c22b1004a694cca54aa8dda2db129c542d622c639506875dfa6ebf879
rathena-master/npc_EN/pre-re/mobs/dungeons/tur_dun.txt,دون تغيير,b4cc5751f335273b16a133d12f714100a4641b95512ae7f88705d1c381af887a,b4cc5751f335273b16a133d12f714100a4641b95512ae7f88705d1c381af887a
rathena-master/npc_EN/pre-re/mobs/dungeons/um_dun.txt,دون تغيير,e1513f502c6a6b2b6f24d79089e7cbab7cc6931042dabfce3a0a2c0a8fb413c3,e1513f502c6a6b2b6f24d79089e7cbab7cc6931042dabfce3a0a2c0a8fb413c3
rathena-master/npc_EN/pre-re/mobs/dungeons/xmas_dun.txt,دون تغيير,09202ac2538b96dfb81d014b2f2ed11951375594582bd58097e2ee2d19c9baac,09202ac2538b96dfb81d014b2f2ed11951375594582bd58097e2ee2d19c9baac
rathena-master/npc_EN/pre-re/mobs/dungeons/yggdrasil.txt,دون تغيير,62f4abc67b44a1d72907df3c3b3f6615dc1581a91546d866308d9bd679428209,62f4abc67b44a1d72907df3c3b3f6615dc1581a91546d866308d9bd679428209
rathena-master/npc_EN/pre-re/mobs/fields/amatsu.txt,دون تغيير,208b92aea2aa8ddc3e37e1ed8b0dd2d9b789170e8d73d91b86bb68cb27d1438f,208b92aea2aa8ddc3e37e1ed8b0dd2d9b789170e8d73d91b86bb68cb27d1438f
rathena-master/npc_EN/pre-re/mobs/fields/ayothaya.txt,دون تغيير,742141348e29c861c5e567b5f38397380ac6c15acfd5fdef6d112c406acf07e1,742141348e29c861c5e567b5f38397380ac6c15acfd5fdef6d112c406acf07e1
rathena-master/npc_EN/pre-re/mobs/fields/brasilis.txt,دون تغيير,2564211ca496c2b33777e83df7086f848bdfc7893244d6c92364d5766aa30640,2564211ca496c2b33777e83df7086f848bdfc7893244d6c92364d5766aa30640
rathena-master/npc_EN/pre-re/mobs/fields/comodo.txt,دون تغيير,6e7a5fa8f1df81e4805780f6115339d6b8195313499601e91abe8e4d6d979c68,6e7a5fa8f1df81e4805780f6115339d6b8195313499601e91abe8e4d6d979c68
rathena-master/npc_EN/pre-re/mobs/fields/einbroch.txt,دون تغيير,23defcde5f0bc36fac4f2a70bd35227571c1dc15845d39f0b07c2534a910c352,23defcde5f0bc36fac4f2a70bd35227571c1dc15845d39f0b07c2534a910c352
rathena-master/npc_EN/pre-re/mobs/fields/geffen.txt,دون تغيير,0e1bd8402c4a6248aeaa0687e62cff358390f5302a8a67465a7c1917b8a32d1b,0e1bd8402c4a6248aeaa0687e62cff358390f5302a8a67465a7c1917b8a32d1b
rathena-master/npc_EN/pre-re/mobs/fields/gonryun.txt,دون تغيير,7248317ecc699717d9bf2905b3b517fdbfac8962e6778037cf6ce27d97a41bdd,7248317ecc699717d9bf2905b3b517fdbfac8962e6778037cf6ce27d97a41bdd
rathena-master/npc_EN/pre-re/mobs/fields/hugel.txt,دون تغيير,b7620184ada244fc0df92ad4d05aeddf744dfebca1aa28932f979adb6d252df7,b7620184ada244fc0df92ad4d05aeddf744dfebca1aa28932f979adb6d252df7
rathena-master/npc_EN/pre-re/mobs/fields/lighthalzen.txt,دون تغيير,9542f2c461a9585f8ced79c7131896333925d77d30be706bef3519559fb78d52,9542f2c461a9585f8ced79c7131896333925d77d30be706bef3519559fb78d52
rathena-master/npc_EN/pre-re/mobs/fields/louyang.txt,دون تغيير,386d6653e000c637b9bc8dc732e437eb98fdb3eda83f0de69f42800e8b0c2ec2,386d6653e000c637b9bc8dc732e437eb98fdb3eda83f0de69f42800e8b0c2ec2
rathena-master/npc_EN/pre-re/mobs/fields/lutie.txt,دون تغيير,1f3edbb102bd7f1eaebcb24e61817557562b786a8930eb242a873b9fc279ac1e,1f3edbb102bd7f1eaebcb24e61817557562b786a8930eb242a873b9fc279ac1e
rathena-master/npc_EN/pre-re/mobs/fields/manuk.txt,دون تغيير,d70eedb6632125d7fe4cdbb8612754a2c9a4f0d90c1cc02d2fc4eb66d337dc20,d70eedb6632125d7fe4cdbb8612754a2c9a4f0d90c1cc02d2fc4eb66d337dc20
rathena-master/npc_EN/pre-re/mobs/fields/mjolnir.txt,دون تغيير,2c0b10b1d0ddf797d8cddc778f1361afbcf8d1dfb0d6a397ef42559b6610f93f,2c0b10b1d0ddf797d8cddc778f1361afbcf8d1dfb0d6a397ef42559b6610f93f
rathena-master/npc_EN/pre-re/mobs/fields/morocc.txt,دون تغيير,008f17519bae8998fd474d4043099d1fd94c168054a426b70fdc72d2bd31a1a5,008f17519bae8998fd474d4043099d1fd94c168054a426b70fdc72d2bd31a1a5
rathena-master/npc_EN/pre-re/mobs/fields/moscovia.txt,دون تغيير,2825b40982aad4440d590a47bf293c3ff6a600865e5c85c25c25c883005128c9,2825b40982aad4440d590a47bf293c3ff6a600865e5c85c25c25c883005128c9
rathena-master/npc_EN/pre-re/mobs/fields/niflheim.txt,دون تغيير,ccb3e53a113e2623c054ad88648f42bc7f8c8ecb233aa9df7e6ef5be175ce750,ccb3e53a113e2623c054ad88648f42bc7f8c8ecb233aa9df7e6ef5be175ce750
rathena-master/npc_EN/pre-re/mobs/fields/payon.txt,دون تغيير,57e34aae2ef7c6a147dc187448e2c4d1ac058518e29091e21eb70b104c4cd9a8,57e34aae2ef7c6a147dc187448e2c4d1ac058518e29091e21eb70b104c4cd9a8
rathena-master/npc_EN/pre-re/mobs/fields/prontera.txt,دون تغيير,7e5d29e7ac85a5b9f225065325f40609d5de8899afa7e9a6a6e83dd64e54fbd8,7e5d29e7ac85a5b9f225065325f40609d5de8899afa7e9a6a6e83dd64e54fbd8
rathena-master/npc_EN/pre-re/mobs/fields/rachel.txt,دون تغيير,949b16abbcfe344743acec991bfa5fba2ee1fc120f5a8e0928d45f33d8848f06,949b16abbcfe344743acec991bfa5fba2ee1fc120f5a8e0928d45f33d8848f06
rathena-master/npc_EN/pre-re/mobs/fields/splendide.txt,دون تغيير,8f8015de324cd31135bb9baa27ce0a05c7391bb9f8a3c5245e7e38d1077ce775,8f8015de324cd31135bb9baa27ce0a05c7391bb9f8a3c5245e7e38d1077ce775
rathena-master/npc_EN/pre-re/mobs/fields/umbala.txt,دون تغيير,7a308ae4c4702502862b6f38bd83b95568d9e2e2595edacd07bf7fba7c8f908c,7a308ae4c4702502862b6f38bd83b95568d9e2e2595edacd07bf7fba7c8f908c
rathena-master/npc_EN/pre-re/mobs/fields/veins.txt,دون تغيير,937e993d52431c4ea08037284c8c5586287a80f5897190ace266cec8667892f3,937e993d52431c4ea08037284c8c5586287a80f5897190ace266cec8667892f3
rathena-master/npc_EN/pre-re/mobs/fields/yuno.txt,دون تغيير,1ea8041570359ef3ca0c6bf2bcd2aec4d7afc7a517332f5e467cf52271cd06bd,1ea8041570359ef3ca0c6bf2bcd2aec4d7afc7a517332f5e467cf52271cd06bd
rathena-master/npc_EN/pre-re/other/bulletin_boards.txt,دون تغيير,1ec3347b09f9b2505cb4a85ccfe449e37bc9c4c14037ec953ae45e8ef8854a22,1ec3347b09f9b2505cb4a85ccfe449e37bc9c4c14037ec953ae45e8ef8854a22
rathena-master/npc_EN/pre-re/other/mercenary_rent.txt,دون تغيير,ce52ba588a096127dbf0521652d2c4a5d3680275d0617ce505a58dc27b29ca03,ce52ba588a096127dbf0521652d2c4a5d3680275d0617ce505a58dc27b29ca03
rathena-master/npc_EN/pre-re/other/msg_boards.txt,دون تغيير,3758a792b7c454a0e67609aded3676e4316d2c6083f7ac013c2bada0ad53d25b,3758a792b7c454a0e67609aded3676e4316d2c6083f7ac013c2bada0ad53d25b
rathena-master/npc_EN/pre-re/other/pvp.txt,دون تغيير,2e83d07100da197f7d6f493529ef4a493e69ced854615745fa7d33112330eec6,2e83d07100da197f7d6f493529ef4a493e69ced854615745fa7d33112330eec6
rathena-master/npc_EN/pre-re/other/resetskill.txt,دون تغيير,7adab165a9fe294badae521cb2ae7391e50dafc7c0f1379e911a193efc378a47,7adab165a9fe294badae521cb2ae7391e50dafc7c0f1379e911a193efc378a47
rathena-master/npc_EN/pre-re/other/turbo_track.txt,دون تغيير,c62b8df13d08e4e157304db869b4741ff849b2aa26ddcb6fca12b136c9862b2f,c62b8df13d08e4e157304db869b4741ff849b2aa26ddcb6fca12b136c9862b2f
rathena-master/npc_EN/pre-re/quests/collection/quest_alligator.txt,دون تغيير,14a8606a57361fb15c4133000e3b3ba1759d0fd76c612350a6db49d089a9fb97,14a8606a57361fb15c4133000e3b3ba1759d0fd76c612350a6db49d089a9fb97
rathena-master/npc_EN/pre-re/quests/collection/quest_caramel.txt,دون تغيير,d2ec2c10665a5ce056bb7d92b078110e09869dc9235184ec2c6cb95dd11731dc,d2ec2c10665a5ce056bb7d92b078110e09869dc9235184ec2c6cb95dd11731dc
rathena-master/npc_EN/pre-re/quests/collection/quest_coco.txt,دون تغيير,d81acbb1527bae4b59993548c37202aec4f35608e0f2529cba41a4c60071fd95,d81acbb1527bae4b59993548c37202aec4f35608e0f2529cba41a4c60071fd95
rathena-master/npc_EN/pre-re/quests/collection/quest_creamy.txt,دون تغيير,90ed6e58b7424380151034689e7217d86baba1e9005578087562c6c6ae13c1e2,90ed6e58b7424380151034689e7217d86baba1e9005578087562c6c6ae13c1e2
rathena-master/npc_EN/pre-re/quests/collection/quest_demonpungus.txt,دون تغيير,3cc97b2ae8de9cfced19c0dba04d622a00c67b49acf8584ab4d8f562cf466e26,3cc97b2ae8de9cfced19c0dba04d622a00c67b49acf8584ab4d8f562cf466e26
rathena-master/npc_EN/pre-re/quests/collection/quest_disguiseloliruri.txt,دون تغيير,c2b9ff991ba30aada76b68971d54c3d6b0f6b92ba2261ed5dc5dfbfaa698b49c,c2b9ff991ba30aada76b68971d54c3d6b0f6b92ba2261ed5dc5dfbfaa698b49c
rathena-master/npc_EN/pre-re/quests/collection/quest_dokebi.txt,دون تغيير,4010194ad0148d726255eb4303851b41e80a9574c24f3ff17c56181bd6adabc1,4010194ad0148d726255eb4303851b41e80a9574c24f3ff17c56181bd6adabc1
rathena-master/npc_EN/pre-re/quests/collection/quest_dryad.txt,دون تغيير,df446dbdeb919e39cb672d57aadbf0f751e4ce8ee642d7f944aa3735a02bed14,df446dbdeb919e39cb672d57aadbf0f751e4ce8ee642d7f944aa3735a02bed14
rathena-master/npc_EN/pre-re/quests/collection/quest_fabre.txt,دون تغيير,31be440dff8d9b723e3b415fb054581a100fb7c769a00a2d9eea449c7d5fe3aa,31be440dff8d9b723e3b415fb054581a100fb7c769a00a2d9eea449c7d5fe3aa
rathena-master/npc_EN/pre-re/quests/collection/quest_frilldora.txt,دون تغيير,df7a636692f5ae7ef1101836907414781d9c689e40074fb61106149c99fd7c5f,df7a636692f5ae7ef1101836907414781d9c689e40074fb61106149c99fd7c5f
rathena-master/npc_EN/pre-re/quests/collection/quest_goat.txt,دون تغيير,34dfa85b65ff9134eca0ade17711a81ea17480f5fa854db7aca49fcfb6ffd751,34dfa85b65ff9134eca0ade17711a81ea17480f5fa854db7aca49fcfb6ffd751
rathena-master/npc_EN/pre-re/quests/collection/quest_golem.txt,دون تغيير,a5f8dc57e4c12bf2d30affd105f5acf2879e92642777c1d9d6fb2103ad62f98e,a5f8dc57e4c12bf2d30affd105f5acf2879e92642777c1d9d6fb2103ad62f98e
rathena-master/npc_EN/pre-re/quests/collection/quest_hode.txt,دون تغيير,06218dd20e68b04754075c9df3aaa428c12ad336ecabef2d5adb2403c5c626e0,06218dd20e68b04754075c9df3aaa428c12ad336ecabef2d5adb2403c5c626e0
rathena-master/npc_EN/pre-re/quests/collection/quest_leafcat.txt,دون تغيير,76a807be982d9462505868bd4f0aff6e9ece8b82267728f8133ab3f65364c444,76a807be982d9462505868bd4f0aff6e9ece8b82267728f8133ab3f65364c444
rathena-master/npc_EN/pre-re/quests/collection/quest_mantis.txt,دون تغيير,0433d7ed810bffc8be58ae0ca9ec60be7fbbb2905f88d5b2c37abc5ec81b7841,0433d7ed810bffc8be58ae0ca9ec60be7fbbb2905f88d5b2c37abc5ec81b7841
rathena-master/npc_EN/pre-re/quests/collection/quest_pecopeco.txt,دون تغيير,6de010bb3e4f52a6be4aee7aa8ad48ecd57015cf2140fd36ab56c796f04d704f,6de010bb3e4f52a6be4aee7aa8ad48ecd57015cf2140fd36ab56c796f04d704f
rathena-master/npc_EN/pre-re/quests/collection/quest_pupa.txt,دون تغيير,2dc0e4fe90bcc7df2595caebf436f94fa5c1d2d7aec53a72829f28b7f6c5427b,2dc0e4fe90bcc7df2595caebf436f94fa5c1d2d7aec53a72829f28b7f6c5427b
rathena-master/npc_EN/pre-re/quests/collection/quest_zhupolong.txt,دون تغيير,178b5b0ad89766f9372bc0d689af356192143c98243e7a00a3a024144f2aaf5c,178b5b0ad89766f9372bc0d689af356192143c98243e7a00a3a024144f2aaf5c
rathena-master/npc_EN/pre-re/quests/cooking_quest.txt,دون تغيير,cd86d3ee957290dd00daff2b1af35d9166965b157b4d00897ba74f48bb81dd68,cd86d3ee957290dd00daff2b1af35d9166965b157b4d00897ba74f48bb81dd68
rathena-master/npc_EN/pre-re/quests/first_class/tu_archer.txt,دون تغيير,bf681d27c7fee3f442453c7393dbbf69ad409d801995ae01cda77802f9dd1b88,bf681d27c7fee3f442453c7393dbbf69ad409d801995ae01cda77802f9dd1b88
rathena-master/npc_EN/pre-re/quests/monstertamers.txt,دون تغيير,6907f0b5d338e71113dfe0b4559745904c1e19f5b69a78413e5adaaf7a2c5b04,6907f0b5d338e71113dfe0b4559745904c1e19f5b69a78413e5adaaf7a2c5b04
rathena-master/npc_EN/pre-re/quests/mrsmile.txt,دون تغيير,3288fe8c4cd33ec3b5bab6370a6a1a75992cc04555cd00ef2d3b11dad7560a84,3288fe8c4cd33ec3b5bab6370a6a1a75992cc04555cd00ef2d3b11dad7560a84
rathena-master/npc_EN/pre-re/quests/quest_payon.txt,دون تغيير,b8cc4ffdd03ac6f28d78733812e5a31faf139aefdb8eff9cb96044de6fd7204e,b8cc4ffdd03ac6f28d78733812e5a31faf139aefdb8eff9cb96044de6fd7204e
rathena-master/npc_EN/pre-re/quests/quests_13_1.txt,دون تغيير,7dd1fd6507ccbb1c393954eec8f1b014e288450a56aecc74003845e8440d9f04,7dd1fd6507ccbb1c393954eec8f1b014e288450a56aecc74003845e8440d9f04
rathena-master/npc_EN/pre-re/quests/quests_izlude.txt,دون تغيير,2e1a0f3132228b540506f7082fba607f79bb47660c83808587f0c528b79ae98f,2e1a0f3132228b540506f7082fba607f79bb47660c83808587f0c528b79ae98f
rathena-master/npc_EN/pre-re/quests/quests_lighthalzen.txt,دون تغيير,f147c674fc5361b175ef5fd8cb6e97c38284bb16cc9ae04fa0216065a5be9963,f147c674fc5361b175ef5fd8cb6e97c38284bb16cc9ae04fa0216065a5be9963
rathena-master/npc_EN/pre-re/quests/quests_morocc.txt,دون تغيير,809faed1bff65dd03d62305af1268c80ee278ca7ea43bbb311ff7ad3905ff3ec,809faed1bff65dd03d62305af1268c80ee278ca7ea43bbb311ff7ad3905ff3ec
rathena-master/npc_EN/pre-re/quests/quests_nameless.txt,دون تغيير,79dfe202bba8f71c72419273f78f05a6d000bf79d3925c93831bc438834eea09,79dfe202bba8f71c72419273f78f05a6d000bf79d3925c93831bc438834eea09
rathena-master/npc_EN/pre-re/quests/quests_niflheim.txt,دون تغيير,5e23213af320cff933f60e7909c1095045415d407b5f8abd8daa9a724eb06104,5e23213af320cff933f60e7909c1095045415d407b5f8abd8daa9a724eb06104
rathena-master/npc_EN/pre-re/quests/quests_veins.txt,دون تغيير,9a81eb6dcb7c47736b50d8c68d459cb0b9d30cf37e8b71e2baf449144a93f9fb,9a81eb6dcb7c47736b50d8c68d459cb0b9d30cf37e8b71e2baf449144a93f9fb
rathena-master/npc_EN/pre-re/quests/seals/brisingamen_seal.txt,دون تغيير,78d899c6d432429d2eaab3c9a7e886f47a5bba2f8a454bd20a66212b84b650aa,78d899c6d432429d2eaab3c9a7e886f47a5bba2f8a454bd20a66212b84b650aa
rathena-master/npc_EN/pre-re/quests/seals/megingard_seal.txt,دون تغيير,c29233a79d534ebed8a75883242b3bec84dd6d3b327b7a0a1502861db33d20e1,c29233a79d534ebed8a75883242b3bec84dd6d3b327b7a0a1502861db33d20e1
rathena-master/npc_EN/pre-re/quests/skills/swordman_skills.txt,دون تغيير,4dd7286c3064c6a547e659bd2bfa457201d34c4908ae6f560436885aff62afcc,4dd7286c3064c6a547e659bd2bfa457201d34c4908ae6f560436885aff62afcc
rathena-master/npc_EN/pre-re/quests/the_sign_quest.txt,دون تغيير,b62193d8a1996ac955d71a52df5d602a6506aff655a4eeb2a0f88c9a68202b6b,b62193d8a1996ac955d71a52df5d602a6506aff655a4eeb2a0f88c9a68202b6b
rathena-master/npc_EN/pre-re/scripts_athena.conf,دون تغيير,4fb0a4031c5563d052999c88672c96b12a401b38397a47a6fbdafad14475c353,4fb0a4031c5563d052999c88672c96b12a401b38397a47a6fbdafad14475c353
rathena-master/npc_EN/pre-re/scripts_jobs.conf,دون تغيير,8ab291ecd1937b833f4315070a89f4766042e2e1e3a073f82723e5bd57313ed0,8ab291ecd1937b833f4315070a89f4766042e2e1e3a073f82723e5bd57313ed0
rathena-master/npc_EN/pre-re/scripts_main.conf,دون تغيير,cf5a2547073b5134983334653936aa91dfb1479e5f8af47c41275d0046e0491e,cf5a2547073b5134983334653936aa91dfb1479e5f8af47c41275d0046e0491e
rathena-master/npc_EN/pre-re/scripts_mapflags.conf,دون تغيير,d8baaa365902c0a088acc112b8d8693be67ba3b04d270c8996e441af38125dba,d8baaa365902c0a088acc112b8d8693be67ba3b04d270c8996e441af38125dba
rathena-master/npc_EN/pre-re/scripts_monsters.conf,دون تغيير,1b7829feb0abca5791b9b6f7b48b579387babe5378985b721296308e377b7706,1b7829feb0abca5791b9b6f7b48b579387babe5378985b721296308e377b7706
rathena-master/npc_EN/pre-re/scripts_warps.conf,دون تغيير,c55844d37142ffbef9471683567b0867dd735cd8f183035ce6f54515398194bf,c55844d37142ffbef9471683567b0867dd735cd8f183035ce6f54515398194bf
rathena-master/npc_EN/pre-re/warps/cities/alberta.txt,دون تغيير,0ee1243f03a49f75191d7b337b303b125200aaf951231f5174c810dd61b0c24c,0ee1243f03a49f75191d7b337b303b125200aaf951231f5174c810dd61b0c24c
rathena-master/npc_EN/pre-re/warps/cities/einbroch.txt,دون تغيير,149b9df6eaab3d819aea0b418e2425ee83f5563deb27f93728ef8dbb7fae5758,149b9df6eaab3d819aea0b418e2425ee83f5563deb27f93728ef8dbb7fae5758
rathena-master/npc_EN/pre-re/warps/cities/izlude.txt,دون تغيير,fa3a62d5cb18da67d05096d9bb8df85508a477a15cd0baea7eb6b22f46476637,fa3a62d5cb18da67d05096d9bb8df85508a477a15cd0baea7eb6b22f46476637
rathena-master/npc_EN/pre-re/warps/cities/prontera.txt,دون تغيير,5c76624a333fc8716c9622f99b8e9666f7350b93a0c502ca9068be7231fe5742,5c76624a333fc8716c9622f99b8e9666f7350b93a0c502ca9068be7231fe5742
rathena-master/npc_EN/pre-re/warps/cities/rachel.txt,دون تغيير,e1eaad52ca4419c315ff255f521827e099d092438fe266ebcb3bcfc7900f94ad,e1eaad52ca4419c315ff255f521827e099d092438fe266ebcb3bcfc7900f94ad
rathena-master/npc_EN/pre-re/warps/cities/yggdrasil.txt,دون تغيير,ed61d010f09a560945da0ac03844bd7d451b34079fbdedfb633413a52122c2c7,ed61d010f09a560945da0ac03844bd7d451b34079fbdedfb633413a52122c2c7
rathena-master/npc_EN/pre-re/warps/fields/com_fild.txt,دون تغيير,23b83cf781b86f0181d6a0eec9da313e197ef1aa2792f5a6ba37c49dcf90ae2a,23b83cf781b86f0181d6a0eec9da313e197ef1aa2792f5a6ba37c49dcf90ae2a
rathena-master/npc_EN/pre-re/warps/fields/geffen_fild.txt,دون تغيير,7e8cf96e489f3ad9114cfedd419277879313c4a665fc4fd4c4387b63ab4753ba,7e8cf96e489f3ad9114cfedd419277879313c4a665fc4fd4c4387b63ab4753ba
rathena-master/npc_EN/pre-re/warps/fields/hugel_fild.txt,دون تغيير,ff365ad178bfa8253f7ed404aac21391b6df4055353cd118686b5f6ffa107e3d,ff365ad178bfa8253f7ed404aac21391b6df4055353cd118686b5f6ffa107e3d
rathena-master/npc_EN/pre-re/warps/fields/morroc_fild.txt,دون تغيير,5d78f05ef3fe836960391b20d687ab3f82fbad243c61ee3583614e8126e78515,5d78f05ef3fe836960391b20d687ab3f82fbad243c61ee3583614e8126e78515
rathena-master/npc_EN/pre-re/warps/fields/payon_fild.txt,دون تغيير,038e2107770e9e3c12b29953b2bee94840f982783322883a1845e8f2dd62b6cb,038e2107770e9e3c12b29953b2bee94840f982783322883a1845e8f2dd62b6cb
rathena-master/npc_EN/pre-re/warps/fields/prontera_fild.txt,دون تغيير,95bb6688dff1489103dae3588552a6678f8d858075fa475f318a4191788b31e0,95bb6688dff1489103dae3588552a6678f8d858075fa475f318a4191788b31e0
rathena-master/npc_EN/pre-re/warps/fields/rachel_fild.txt,دون تغيير,c65b01d1d26e972ff5d2dc4adb5fc4d78ad8d40054563cb5773fee14923f55a6,c65b01d1d26e972ff5d2dc4adb5fc4d78ad8d40054563cb5773fee14923f55a6
rathena-master/npc_EN/pre-re/warps/fields/veins_fild.txt,دون تغيير,d9a7a8ca02a3c03d83e624d8e4dcff9915de9af79301e488d578a25d2e4fe5b1,d9a7a8ca02a3c03d83e624d8e4dcff9915de9af79301e488d578a25d2e4fe5b1
rathena-master/npc_EN/pre-re/warps/fields/yuno_fild.txt,دون تغيير,c1ecbe6d73fe8b3ec64edde6dcb215b8afc01b420380b2e2e8c34c8f8428828b,c1ecbe6d73fe8b3ec64edde6dcb215b8afc01b420380b2e2e8c34c8f8428828b
rathena-master/npc_EN/pre-re/warps/guildcastles.txt,دون تغيير,016b5c73dcd601098d4d9e582591ed4a72420c51de9ea4e8bbc2b192b54e7016,016b5c73dcd601098d4d9e582591ed4a72420c51de9ea4e8bbc2b192b54e7016
rathena-master/npc_EN/pre-re/warps/other/arena.txt,دون تغيير,8787b7b39425c26018db7823a121e809329ccefce1ae90dfcfd095312709a67a,8787b7b39425c26018db7823a121e809329ccefce1ae90dfcfd095312709a67a
rathena-master/npc_EN/pre-re/warps/other/sign.txt,دون تغيير,0f62fd92c4a7cced3150e326810a68d55d25a53d7ba748577ffbb490ef9c1b0d,0f62fd92c4a7cced3150e326810a68d55d25a53d7ba748577ffbb490ef9c1b0d
rathena-master/npc_EN/quests/bard_quest.txt,دون تغيير,bbb3ef9ecec8b2e5ad99658170c23ecaf5f8b13f24e379eb7c4f1dc0feabacdb,bbb3ef9ecec8b2e5ad99658170c23ecaf5f8b13f24e379eb7c4f1dc0feabacdb
rathena-master/npc_EN/quests/bunnyband.txt,دون تغيير,6ad414d436b6aeebcf3de512ea6c24afcaf67acb009b22824038598ffa1e13d3,6ad414d436b6aeebcf3de512ea6c24afcaf67acb009b22824038598ffa1e13d3
rathena-master/npc_EN/quests/cooking_quest.txt,دون تغيير,664dd988575f84198f654890df958fd38cfe61dfd2df80aef58be9eeb9eea6e6,664dd988575f84198f654890df958fd38cfe61dfd2df80aef58be9eeb9eea6e6
rathena-master/npc_EN/quests/counteragent_mixture.txt,دون تغيير,6799088bb41e30e516e6690e6e41348423934e478bb7474e978d262e1041cbb7,6799088bb41e30e516e6690e6e41348423934e478bb7474e978d262e1041cbb7
rathena-master/npc_EN/quests/dandelion_request.txt,دون تغيير,5dc0cab83922b7697aca6ae57bfd661d5b1860d0bbe8d5426564e50f8f87a8fe,5dc0cab83922b7697aca6ae57bfd661d5b1860d0bbe8d5426564e50f8f87a8fe
rathena-master/npc_EN/quests/doomed_swords.txt,دون تغيير,256f2405abe8022586fe408ad51cd33565c8542c5664fd70f881a5fe93a0fc2f,256f2405abe8022586fe408ad51cd33565c8542c5664fd70f881a5fe93a0fc2f
rathena-master/npc_EN/quests/doomed_swords_quest.txt,دون تغيير,c6db70bdf948c51dd9f2c5d84d6412b72890079ee703643a7660aa34f0347b29,c6db70bdf948c51dd9f2c5d84d6412b72890079ee703643a7660aa34f0347b29
rathena-master/npc_EN/quests/eye_of_hellion.txt,دون تغيير,99c3dbab5fd2dac7bb7bab35905bcbc1e6d0e907e597d20ca52eb8de030eaeb1,99c3dbab5fd2dac7bb7bab35905bcbc1e6d0e907e597d20ca52eb8de030eaeb1
rathena-master/npc_EN/quests/first_class/tu_acolyte.txt,دون تغيير,5e2cd0d3fd3ca6e2081828b125fb13fa35d8779746bb3bee89e9612a69d3d4df,5e2cd0d3fd3ca6e2081828b125fb13fa35d8779746bb3bee89e9612a69d3d4df
rathena-master/npc_EN/quests/first_class/tu_archer.txt,دون تغيير,40b697bf542cf0c3f188816d9c2ab45cbe667fa0d210f48926b6becd079f0976,40b697bf542cf0c3f188816d9c2ab45cbe667fa0d210f48926b6becd079f0976
rathena-master/npc_EN/quests/first_class/tu_ma_th01.txt,دون تغيير,efcd00d98be37a7345ad5ab334728628a300a56bcfb693964de240fea8159570,efcd00d98be37a7345ad5ab334728628a300a56bcfb693964de240fea8159570
rathena-master/npc_EN/quests/first_class/tu_magician01.txt,دون تغيير,e1e9fb3aa1b7f6f1f3b6cf495fd21d0829102238a10b8ac3a226a59cf7ec6d38,e1e9fb3aa1b7f6f1f3b6cf495fd21d0829102238a10b8ac3a226a59cf7ec6d38
rathena-master/npc_EN/quests/first_class/tu_merchant.txt,دون تغيير,11c72a298982567d270e2e780a478602ca74dc1c397d9a8863e749db5ecdea75,11c72a298982567d270e2e780a478602ca74dc1c397d9a8863e749db5ecdea75
rathena-master/npc_EN/quests/first_class/tu_sword.txt,دون تغيير,dd38e3d5a497770ef79ef25b8352913a9f21a19372402a89d013546a8c0724da,dd38e3d5a497770ef79ef25b8352913a9f21a19372402a89d013546a8c0724da
rathena-master/npc_EN/quests/first_class/tu_thief01.txt,دون تغيير,b4795abcd8f9423fbe601f5203e1b0a71b031a62d614da77d51fe634efc791c0,b4795abcd8f9423fbe601f5203e1b0a71b031a62d614da77d51fe634efc791c0
rathena-master/npc_EN/quests/guildrelay.txt,دون تغيير,fbe9ec8246c67006d256975b63e59425ef307ea6a60f6fe8822bcb572435352d,fbe9ec8246c67006d256975b63e59425ef307ea6a60f6fe8822bcb572435352d
rathena-master/npc_EN/quests/gunslinger_quests.txt,دون تغيير,3c15bf38ca2e3012ae7d30f9741b0ebdd7a88148844ee4314df37a885881e34f,3c15bf38ca2e3012ae7d30f9741b0ebdd7a88148844ee4314df37a885881e34f
rathena-master/npc_EN/quests/juice_maker.txt,دون تغيير,b4374f8f9799e563a9e3c301d084a7e661b90df0298083f723374277a7b210f4,b4374f8f9799e563a9e3c301d084a7e661b90df0298083f723374277a7b210f4
rathena-master/npc_EN/quests/kiel_hyre_quest.txt,دون تغيير,9e30436bcd12a1e7a91f9647367f7baaa6cb0956f16d3e1b512e7b7fd720e9b1,9e30436bcd12a1e7a91f9647367f7baaa6cb0956f16d3e1b512e7b7fd720e9b1
rathena-master/npc_EN/quests/lvl4_weapon_quest.txt,دون تغيير,7767b6c2adfe3faaa29f52678f38135fd923bc27ce87410e19ad83ffe5ce1167,7767b6c2adfe3faaa29f52678f38135fd923bc27ce87410e19ad83ffe5ce1167
rathena-master/npc_EN/quests/mage_solution.txt,دون تغيير,3563499331ff315980d7473392ab4ea62c0c19e92de40c1e40c7e75addf5549d,3563499331ff315980d7473392ab4ea62c0c19e92de40c1e40c7e75addf5549d
rathena-master/npc_EN/quests/monstertamers.txt,دون تغيير,85c686409806326cccdb68c52bffc04248d76d861a90e2ff5ba5880f8fba31b2,85c686409806326cccdb68c52bffc04248d76d861a90e2ff5ba5880f8fba31b2
rathena-master/npc_EN/quests/mrsmile.txt,دون تغيير,918d09d07c6f04ed841f51b1f56738de846b9103e20784218522eb3f5d3e573f,918d09d07c6f04ed841f51b1f56738de846b9103e20784218522eb3f5d3e573f
rathena-master/npc_EN/quests/newgears/2004_headgears.txt,دون تغيير,e31729726beeff2c3c4e13c0505fe43d70f8801f5e717aadb52209eaf44b022f,e31729726beeff2c3c4e13c0505fe43d70f8801f5e717aadb52209eaf44b022f
rathena-master/npc_EN/quests/newgears/2005_headgears.txt,دون تغيير,6d600a7fc3014c346f7eca2f2ca5b4bf96f1978d06e59cf3188c23379a0e0521,6d600a7fc3014c346f7eca2f2ca5b4bf96f1978d06e59cf3188c23379a0e0521
rathena-master/npc_EN/quests/newgears/2006_headgears.txt,دون تغيير,640e0fed481792db2d41a4b74381b73dd3626f265b102c0018b0fa9012ecd5cb,640e0fed481792db2d41a4b74381b73dd3626f265b102c0018b0fa9012ecd5cb
rathena-master/npc_EN/quests/newgears/2008_headgears.txt,دون تغيير,c4d03b273caf283eb9313bbcf44c366e019db37fb62d6f52e6b404e3a444a07b,c4d03b273caf283eb9313bbcf44c366e019db37fb62d6f52e6b404e3a444a07b
rathena-master/npc_EN/quests/ninja_quests.txt,دون تغيير,ba850b4581cf56b7fbc74be202b4cd2a8d046484022664c8c17861b093158187,ba850b4581cf56b7fbc74be202b4cd2a8d046484022664c8c17861b093158187
rathena-master/npc_EN/quests/obb_quest.txt,دون تغيير,0e6249f81aeb34cb2a9a7b8536d7296f2afb1d2de9f5087470f444b6530484a5,0e6249f81aeb34cb2a9a7b8536d7296f2afb1d2de9f5087470f444b6530484a5
rathena-master/npc_EN/quests/okolnir.txt,دون تغيير,1a3ba93769795a54a35217f031722e8213f5f74ced1dca4af3693ae9236aed40,1a3ba93769795a54a35217f031722e8213f5f74ced1dca4af3693ae9236aed40
rathena-master/npc_EN/quests/partyrelay.txt,دون تغيير,dcc6b76fd83f6bc3e8f39004605eec2e421e566bac997f6c15270140e01c2567,dcc6b76fd83f6bc3e8f39004605eec2e421e566bac997f6c15270140e01c2567
rathena-master/npc_EN/quests/quests_13_1.txt,دون تغيير,4626c27f2ecf6b5a98567d7e8dbee66256015b2432e3840c4cf2a121a5a14b6d,4626c27f2ecf6b5a98567d7e8dbee66256015b2432e3840c4cf2a121a5a14b6d
rathena-master/npc_EN/quests/quests_13_2.txt,دون تغيير,abce299320aacc0ea3e3b959017e4e152c6800edbd16d4426f6fdcd5417a361e,abce299320aacc0ea3e3b959017e4e152c6800edbd16d4426f6fdcd5417a361e
rathena-master/npc_EN/quests/quests_airship.txt,دون تغيير,98ecb5c414cbcd9c78b2ecde70fee173f0acffa9e3d1dde9f399dad32c0ae3de,98ecb5c414cbcd9c78b2ecde70fee173f0acffa9e3d1dde9f399dad32c0ae3de
rathena-master/npc_EN/quests/quests_alberta.txt,دون تغيير,d82bc50322013ce0be78687e64d195e0bad23ba52948977c8c9bb11df04173ad,d82bc50322013ce0be78687e64d195e0bad23ba52948977c8c9bb11df04173ad
rathena-master/npc_EN/quests/quests_aldebaran.txt,دون تغيير,f8e8b105f9610097495adf31520f5591521b369ae6172643ada69ecef308ea13,f8e8b105f9610097495adf31520f5591521b369ae6172643ada69ecef308ea13
rathena-master/npc_EN/quests/quests_amatsu.txt,دون تغيير,103dcc4d96c1ba00b885c565e418069ef72e7ca5f329f4fab852910f17574af3,103dcc4d96c1ba00b885c565e418069ef72e7ca5f329f4fab852910f17574af3
rathena-master/npc_EN/quests/quests_ayothaya.txt,دون تغيير,60fb2a12ebbd3d837cb1da127228faa0f1116bf0d21e4de811c39784c400e158,60fb2a12ebbd3d837cb1da127228faa0f1116bf0d21e4de811c39784c400e158
rathena-master/npc_EN/quests/quests_brasilis.txt,دون تغيير,06931780096555749a7c6f02e300ec6876f3f16df476128709ebf1b103167192,06931780096555749a7c6f02e300ec6876f3f16df476128709ebf1b103167192
rathena-master/npc_EN/quests/quests_comodo.txt,دون تغيير,4b692a4a82f17fa7d573362e6ad74e4f8b6649bdce898cf97ac7f65234ef2f78,4b692a4a82f17fa7d573362e6ad74e4f8b6649bdce898cf97ac7f65234ef2f78
rathena-master/npc_EN/quests/quests_ein.txt,دون تغيير,0f822ce5a2f16824f7c5572e3f1557eaff161c68a8b689a7c0afb88dfe6f54d5,0f822ce5a2f16824f7c5572e3f1557eaff161c68a8b689a7c0afb88dfe6f54d5
rathena-master/npc_EN/quests/quests_geffen.txt,دون تغيير,f63b27e2009cd207e5cd3b0488c5cb12bb07f3325d2797a26d8d099f85826fbd,f63b27e2009cd207e5cd3b0488c5cb12bb07f3325d2797a26d8d099f85826fbd
rathena-master/npc_EN/quests/quests_gonryun.txt,دون تغيير,37e8ba2f3edfa474e671f07ee7b6636b8f452cdba792c204cf958ab063aed847,37e8ba2f3edfa474e671f07ee7b6636b8f452cdba792c204cf958ab063aed847
rathena-master/npc_EN/quests/quests_hugel.txt,دون تغيير,36f325a7115d13962ab1f90b64c593c37d31412dfd84dd20fe63874c6941dbc9,36f325a7115d13962ab1f90b64c593c37d31412dfd84dd20fe63874c6941dbc9
rathena-master/npc_EN/quests/quests_izlude.txt,دون تغيير,f9708f4e2aa488c72360dfd3cdbb0bcd4a7d84de1e6bc17c47c1098e1be9734a,f9708f4e2aa488c72360dfd3cdbb0bcd4a7d84de1e6bc17c47c1098e1be9734a
rathena-master/npc_EN/quests/quests_juperos.txt,دون تغيير,d529461d8d11af1ff4293e1a0293f1606265047a5c77e1b7f62e0f339eca445e,d529461d8d11af1ff4293e1a0293f1606265047a5c77e1b7f62e0f339eca445e
rathena-master/npc_EN/quests/quests_lighthalzen.txt,دون تغيير,46316f4c067573f31f0e5617d8c233d09721518e065874931adfca72211cd224,46316f4c067573f31f0e5617d8c233d09721518e065874931adfca72211cd224
rathena-master/npc_EN/quests/quests_louyang.txt,دون تغيير,31576e0b1af9db087dc877b7caad5a58ecdb14191e50ad4a7ef1e50cb05fb9a3,31576e0b1af9db087dc877b7caad5a58ecdb14191e50ad4a7ef1e50cb05fb9a3
rathena-master/npc_EN/quests/quests_lutie.txt,دون تغيير,c49b5a19e3c28531b1f99bf73b532f7f3b7773479aca9e373ec7134e62e9ac35,c49b5a19e3c28531b1f99bf73b532f7f3b7773479aca9e373ec7134e62e9ac35
rathena-master/npc_EN/quests/quests_morocc.txt,دون تغيير,76f1a1fec7915d62127c6e8dcaef75ae2ba81a3ebcc5ee03ce48f462f062eb27,76f1a1fec7915d62127c6e8dcaef75ae2ba81a3ebcc5ee03ce48f462f062eb27
rathena-master/npc_EN/quests/quests_moscovia.txt,دون تغيير,e4735a93517d74e013294f447d3e5920b6b60677a5f77eff9fd7862702c9cd66,e4735a93517d74e013294f447d3e5920b6b60677a5f77eff9fd7862702c9cd66
rathena-master/npc_EN/quests/quests_nameless.txt,دون تغيير,309f374f7ed2d88ce39a017c074860a0882e11f088c688c3b582140d222ca2d6,309f374f7ed2d88ce39a017c074860a0882e11f088c688c3b582140d222ca2d6
rathena-master/npc_EN/quests/quests_niflheim.txt,دون تغيير,645d37ac1ec43f097f7bd3ca80ef2d7b7894fea9b4784390778063854ede0ff4,645d37ac1ec43f097f7bd3ca80ef2d7b7894fea9b4784390778063854ede0ff4
rathena-master/npc_EN/quests/quests_payon.txt,دون تغيير,a1e44b7588f8417ff943c3e9ffcd718aa5967066831302191ba76042994b3327,a1e44b7588f8417ff943c3e9ffcd718aa5967066831302191ba76042994b3327
rathena-master/npc_EN/quests/quests_prontera.txt,دون تغيير,1803d26cf22ffe8f142d98480500eb039b2ede401ce54a954c3e80c883464b74,1803d26cf22ffe8f142d98480500eb039b2ede401ce54a954c3e80c883464b74
rathena-master/npc_EN/quests/quests_rachel.txt,دون تغيير,da04e2a615ea8c8175bf6ff2cb9939436fadb9989d73d160e847f11ea529a9b8,da04e2a615ea8c8175bf6ff2cb9939436fadb9989d73d160e847f11ea529a9b8
rathena-master/npc_EN/quests/quests_umbala.txt,دون تغيير,0c9fb3142d4bce69c4a6eb88f9412318da3f04f5a9ad67a81ad5166aff562534,0c9fb3142d4bce69c4a6eb88f9412318da3f04f5a9ad67a81ad5166aff562534
rathena-master/npc_EN/quests/quests_veins.txt,دون تغيير,17c9038732d2b728c6d9a29de6977b9d01569348f02995c8d8c96ff9cb53fe78,17c9038732d2b728c6d9a29de6977b9d01569348f02995c8d8c96ff9cb53fe78
rathena-master/npc_EN/quests/quests_yuno.txt,دون تغيير,00870c0e67b712deaf331ed48e1f93903554038b29d6e4e15af1f2a7f682f281,00870c0e67b712deaf331ed48e1f93903554038b29d6e4e15af1f2a7f682f281
rathena-master/npc_EN/quests/seals/brisingamen_seal.txt,دون تغيير,2244773b857e63eb547bf0ec0a89890fbb487e87c968b3fad09a31989909bafb,2244773b857e63eb547bf0ec0a89890fbb487e87c968b3fad09a31989909bafb
rathena-master/npc_EN/quests/seals/god_global.txt,دون تغيير,9bf5016e6f584db19b5b1b83394b7b86597864bff981e4bfbb157544f87a43a9,9bf5016e6f584db19b5b1b83394b7b86597864bff981e4bfbb157544f87a43a9
rathena-master/npc_EN/quests/seals/god_weapon_creation.txt,دون تغيير,59d7260cb52c4eeb6124294b7832a688d7d3a5ba81b955902cbb0880924cc11f,59d7260cb52c4eeb6124294b7832a688d7d3a5ba81b955902cbb0880924cc11f
rathena-master/npc_EN/quests/seals/megingard_seal.txt,دون تغيير,c10ea38b894595adfa112aa8a654cbe2c9e667be912267be6a4a0f71b8e01b4c,c10ea38b894595adfa112aa8a654cbe2c9e667be912267be6a4a0f71b8e01b4c
rathena-master/npc_EN/quests/seals/mjolnir_seal.txt,دون تغيير,fca9dfe0c480cb40ab4e22f1ecafd1a9b58b142230d4ef31f6bde47104b0bf3d,fca9dfe0c480cb40ab4e22f1ecafd1a9b58b142230d4ef31f6bde47104b0bf3d
rathena-master/npc_EN/quests/seals/seal_status.txt,دون تغيير,877f2b9dde87390b183090ba8c289caaccc7c966bd3db2ef958b9a76681b3871,877f2b9dde87390b183090ba8c289caaccc7c966bd3db2ef958b9a76681b3871
rathena-master/npc_EN/quests/seals/sleipnir_seal.txt,دون تغيير,46f7852a4a9a959699ffe6bfe8e54b26b4997dfcaff656c43033cef5e12fda21,46f7852a4a9a959699ffe6bfe8e54b26b4997dfcaff656c43033cef5e12fda21
rathena-master/npc_EN/quests/skills/acolyte_skills.txt,دون تغيير,47df756e4240d4b490d9c443a095b52148d24798d7d7247d89a8e958b7ca9d19,47df756e4240d4b490d9c443a095b52148d24798d7d7247d89a8e958b7ca9d19
rathena-master/npc_EN/quests/skills/alchemist_skills.txt,دون تغيير,4a967adb4960b0b4133e90e6479721deefbcbe4bfee9c9d1fcc3c9ed511fc4bb,4a967adb4960b0b4133e90e6479721deefbcbe4bfee9c9d1fcc3c9ed511fc4bb
rathena-master/npc_EN/quests/skills/archer_skills.txt,دون تغيير,d7f9e748aed14ea2994c0f5778e4448f9991136f30553f7b9ba535d6720db77a,d7f9e748aed14ea2994c0f5778e4448f9991136f30553f7b9ba535d6720db77a
rathena-master/npc_EN/quests/skills/assassin_skills.txt,دون تغيير,55f5a671b26527cbbfdd894e9d68187b7da65698e0379388e338ccecf5fca9cd,55f5a671b26527cbbfdd894e9d68187b7da65698e0379388e338ccecf5fca9cd
rathena-master/npc_EN/quests/skills/bard_skills.txt,دون تغيير,d668e4f1ebb4642e51e54d238a2539bbd5539dad291b10e186bd8237f10977b2,d668e4f1ebb4642e51e54d238a2539bbd5539dad291b10e186bd8237f10977b2
rathena-master/npc_EN/quests/skills/blacksmith_skills.txt,دون تغيير,6b205bd68f48c1454df506c49a5ceb814dbf0929f496fd376d937878446b63b3,6b205bd68f48c1454df506c49a5ceb814dbf0929f496fd376d937878446b63b3
rathena-master/npc_EN/quests/skills/crusader_skills.txt,دون تغيير,1817e6ee776870113729e8abb8e26264199e3011a7344eb883268688b9e442ad,1817e6ee776870113729e8abb8e26264199e3011a7344eb883268688b9e442ad
rathena-master/npc_EN/quests/skills/dancer_skills.txt,دون تغيير,64b185b8cb18cadfe6ae5b421d02dbe28037fd94bf76dea004592b99dfcd869d,64b185b8cb18cadfe6ae5b421d02dbe28037fd94bf76dea004592b99dfcd869d
rathena-master/npc_EN/quests/skills/hunter_skills.txt,دون تغيير,947886dd62122834046c84531c6e21f06fe2d8c62724dc5762451066c1a15efd,947886dd62122834046c84531c6e21f06fe2d8c62724dc5762451066c1a15efd
rathena-master/npc_EN/quests/skills/knight_skills.txt,دون تغيير,bb58e84c3fe125e401057374832777977ae99a93a118bd226b46df751aae8416,bb58e84c3fe125e401057374832777977ae99a93a118bd226b46df751aae8416
rathena-master/npc_EN/quests/skills/mage_skills.txt,دون تغيير,934545766706d026599cba2c6b4ff391b55b9b0248f05fe284e62475b458280d,934545766706d026599cba2c6b4ff391b55b9b0248f05fe284e62475b458280d
rathena-master/npc_EN/quests/skills/merchant_skills.txt,دون تغيير,a5ba97b03c734a2420f0b010ec601c22dbc01a9c9541dd5090bfea93ab9d49fa,a5ba97b03c734a2420f0b010ec601c22dbc01a9c9541dd5090bfea93ab9d49fa
rathena-master/npc_EN/quests/skills/monk_skills.txt,دون تغيير,d190c4b166d7502a881e61abbf0370f045034f1cdb1cfd8c40be9dce1291eb48,d190c4b166d7502a881e61abbf0370f045034f1cdb1cfd8c40be9dce1291eb48
rathena-master/npc_EN/quests/skills/novice_skills.txt,دون تغيير,47466b3a125ce5b32b00cafe531123ffbed626a1386c70e69952e48ae99da70a,47466b3a125ce5b32b00cafe531123ffbed626a1386c70e69952e48ae99da70a
rathena-master/npc_EN/quests/skills/priest_skills.txt,دون تغيير,b56cb93d6bacd0da4238ef1539322a46ef85ba3407bcfe63e55a0c18b6a2d155,b56cb93d6bacd0da4238ef1539322a46ef85ba3407bcfe63e55a0c18b6a2d155
rathena-master/npc_EN/quests/skills/rogue_skills.txt,دون تغيير,19f4fe8ea93c01d632f88762e60ead6955990d20abcd7e02f2e56c091d3b4d76,19f4fe8ea93c01d632f88762e60ead6955990d20abcd7e02f2e56c091d3b4d76
rathena-master/npc_EN/quests/skills/sage_skills.txt,دون تغيير,f7590d50d2a162fa37da63792355520cef76303526eca06535b7da3403dcf354,f7590d50d2a162fa37da63792355520cef76303526eca06535b7da3403dcf354
rathena-master/npc_EN/quests/skills/swordman_skills.txt,دون تغيير,8fb6aea65aaac26ed20fe2991fc04bf8749482a754eaecaa9298ff2fa180b2e8,8fb6aea65aaac26ed20fe2991fc04bf8749482a754eaecaa9298ff2fa180b2e8
rathena-master/npc_EN/quests/skills/thief_skills.txt,دون تغيير,103a15f1efaf6fa859dbd60240cba83d9c75dd8f7011cd1e114995acab496892,103a15f1efaf6fa859dbd60240cba83d9c75dd8f7011cd1e114995acab496892
rathena-master/npc_EN/quests/skills/wizard_skills.txt,دون تغيير,004d22a1a68adf17695a0c1b35a55141ba7007fb1c9197484fe2208036f91a7b,004d22a1a68adf17695a0c1b35a55141ba7007fb1c9197484fe2208036f91a7b
rathena-master/npc_EN/quests/thana_quest.txt,دون تغيير,623753dc6e1ed34ce36d6afcd60bd0796c6139b91c298bc1f8a05a3b8dddbaea,623753dc6e1ed34ce36d6afcd60bd0796c6139b91c298bc1f8a05a3b8dddbaea
rathena-master/npc_EN/quests/the_sign_quest.txt,دون تغيير,9ff3a7866c42447722aa1a324913bf18555d1c3fc14a7b82dc4913e9fdb968d6,9ff3a7866c42447722aa1a324913bf18555d1c3fc14a7b82dc4913e9fdb968d6
rathena-master/npc_EN/re/airports/izlude.txt,دون تغيير,2643dd97a93a3d4814136c7762fd56eb4e1cb399bc55402464e256456f360e74,2643dd97a93a3d4814136c7762fd56eb4e1cb399bc55402464e256456f360e74
rathena-master/npc_EN/re/battleground/bg_common.txt,دون تغيير,6e955f866a7d06e4566689edec5a66edead35f71b560a52c245862bb66e616d8,6e955f866a7d06e4566689edec5a66edead35f71b560a52c245862bb66e616d8
rathena-master/npc_EN/re/cities/alberta.txt,دون تغيير,6383801d9798e2d8b334ae36f98722ff5e042b2c22ffeb72c9f4dd2d95f91d39,6383801d9798e2d8b334ae36f98722ff5e042b2c22ffeb72c9f4dd2d95f91d39
rathena-master/npc_EN/re/cities/comodo.txt,دون تغيير,e7e0685054a4f685dfa54f5d2a2b7913c366abe5752fd83688558858b786a49b,e7e0685054a4f685dfa54f5d2a2b7913c366abe5752fd83688558858b786a49b
rathena-master/npc_EN/re/cities/dewata.txt,دون تغيير,e73a2d5c8cd827f6bf7563ec6dadbe45a60d8503e094e95398821e167fda6c36,e73a2d5c8cd827f6bf7563ec6dadbe45a60d8503e094e95398821e167fda6c36
rathena-master/npc_EN/re/cities/dicastes.txt,دون تغيير,d2d89cd82584eb8b0fa33fe99c34fb7754d98d6e0c49d3fa7cd539251571735c,d2d89cd82584eb8b0fa33fe99c34fb7754d98d6e0c49d3fa7cd539251571735c
rathena-master/npc_EN/re/cities/eclage.txt,دون تغيير,12a6e3a2ae6fbadc0221973459d72dd21a53636f640b8e9fa83980e284eb7143,12a6e3a2ae6fbadc0221973459d72dd21a53636f640b8e9fa83980e284eb7143
rathena-master/npc_EN/re/cities/izlude.txt,دون تغيير,1a743af7f3d0547a5b1b618f3d21bbcbf1ebf49038feccb07c8aee633543d50c,1a743af7f3d0547a5b1b618f3d21bbcbf1ebf49038feccb07c8aee633543d50c
rathena-master/npc_EN/re/cities/jawaii.txt,دون تغيير,919981f9fa340e0adf7b713ec549c3f87e490738317c266cc63ac716999f6811,919981f9fa340e0adf7b713ec549c3f87e490738317c266cc63ac716999f6811
rathena-master/npc_EN/re/cities/lutie.txt,دون تغيير,b05e6400c0520df0714a04e82bd93fa0aecb82f41543eef8bfa5195577b3d116,b05e6400c0520df0714a04e82bd93fa0aecb82f41543eef8bfa5195577b3d116
rathena-master/npc_EN/re/cities/malangdo.txt,دون تغيير,957da08bded7fa2ee8d59ddadd0b43337383378b29a3efab757517f8e903834b,957da08bded7fa2ee8d59ddadd0b43337383378b29a3efab757517f8e903834b
rathena-master/npc_EN/re/cities/malaya.txt,دون تغيير,62491b748ed3e2b0f5d158b9073358bde789738f692fb56c1705ec66c35cc1a8,62491b748ed3e2b0f5d158b9073358bde789738f692fb56c1705ec66c35cc1a8
rathena-master/npc_EN/re/cities/mora.txt,دون تغيير,065bda1ee983799eb347dd068342f47109e4c9494aaf73e6102165e0202dfc05,065bda1ee983799eb347dd068342f47109e4c9494aaf73e6102165e0202dfc05
rathena-master/npc_EN/re/cities/prontera.txt,دون تغيير,c9c63710453b526127baca55f18de51e2eb5692cd7f248cf1f4de636ad98bf33,c9c63710453b526127baca55f18de51e2eb5692cd7f248cf1f4de636ad98bf33
rathena-master/npc_EN/re/cities/yuno.txt,دون تغيير,1f0b68c0ae1dc9acb03220832e04bc5ee7b2374441a26969cf68f14054168e70,1f0b68c0ae1dc9acb03220832e04bc5ee7b2374441a26969cf68f14054168e70
rathena-master/npc_EN/re/custom/lasagna/lasa_dun.txt,دون تغيير,3729470f7089686492d575dec1b89d6c90719c1c7d4b2a7c9f37ba111d2c1553,3729470f7089686492d575dec1b89d6c90719c1c7d4b2a7c9f37ba111d2c1553
rathena-master/npc_EN/re/custom/lasagna/lasa_fild.txt,دون تغيير,6bdb5408ce1789f7215df20d5850ffae98eb056f2b3b42c113f055663c013790,6bdb5408ce1789f7215df20d5850ffae98eb056f2b3b42c113f055663c013790
rathena-master/npc_EN/re/custom/lasagna/lasagna_npcs.txt,دون تغيير,08b913d1bad3f2889c87c046d39fca81c0a77d00fb70ddfab241fdc3d9006311,08b913d1bad3f2889c87c046d39fca81c0a77d00fb70ddfab241fdc3d9006311
rathena-master/npc_EN/re/guides/guides_alberta.txt,دون تغيير,861a19d192056879348ce8d48f8f9f45d99e2cf8783ee066b7a308ebdfaf7fb5,861a19d192056879348ce8d48f8f9f45d99e2cf8783ee066b7a308ebdfaf7fb5
rathena-master/npc_EN/re/guides/guides_aldebaran.txt,دون تغيير,3fd6f2d2e8a66b31b15e7c84c298ba7e383d9927f5862d8ef8b46990eb9e754c,3fd6f2d2e8a66b31b15e7c84c298ba7e383d9927f5862d8ef8b46990eb9e754c
rathena-master/npc_EN/re/guides/guides_amatsu.txt,دون تغيير,3da5ecdecde5ed24b61e6412a88bc15ba04519a07f08de59e81942486436eb37,3da5ecdecde5ed24b61e6412a88bc15ba04519a07f08de59e81942486436eb37
rathena-master/npc_EN/re/guides/guides_ayothaya.txt,دون تغيير,2081500870c4612d26d7e038e7d2d88ad1a0c7024cfc7bd492be1b8569c10d13,2081500870c4612d26d7e038e7d2d88ad1a0c7024cfc7bd492be1b8569c10d13
rathena-master/npc_EN/re/guides/guides_brasilis.txt,دون تغيير,a814a87a5af721d30116b293b46a2b891f1c68d48465ce5a077cfacadab62ccd,a814a87a5af721d30116b293b46a2b891f1c68d48465ce5a077cfacadab62ccd
rathena-master/npc_EN/re/guides/guides_comodo.txt,دون تغيير,c53722b455969592933f59256c47784a078e2a2cf6551d85dad09449fe060b19,c53722b455969592933f59256c47784a078e2a2cf6551d85dad09449fe060b19
rathena-master/npc_EN/re/guides/guides_dewata.txt,دون تغيير,65eec31e9c648169b6abe0969e297e6cc108083f52ac68d20143e921239e93f6,65eec31e9c648169b6abe0969e297e6cc108083f52ac68d20143e921239e93f6
rathena-master/npc_EN/re/guides/guides_dicastes.txt,دون تغيير,fcc1bb2043075bea266d43195b094ae6d1a0739b0b760e09ed541b8db7a28349,fcc1bb2043075bea266d43195b094ae6d1a0739b0b760e09ed541b8db7a28349
rathena-master/npc_EN/re/guides/guides_eclage.txt,دون تغيير,5dd082230be41d373ea506e119a3a717ecea55adcaf33679d80a71df70cfdb90,5dd082230be41d373ea506e119a3a717ecea55adcaf33679d80a71df70cfdb90
rathena-master/npc_EN/re/guides/guides_einbroch.txt,دون تغيير,da10b91a4996b1b64c0aa5bee890c80a3d2d45dadd00a41cacb7ebedc1f315a9,da10b91a4996b1b64c0aa5bee890c80a3d2d45dadd00a41cacb7ebedc1f315a9
rathena-master/npc_EN/re/guides/guides_geffen.txt,دون تغيير,47f1bfa838d2515467fb93721d00a6225255510489b5a6bc3701f9cc0d5b27f1,47f1bfa838d2515467fb93721d00a6225255510489b5a6bc3701f9cc0d5b27f1
rathena-master/npc_EN/re/guides/guides_gonryun.txt,دون تغيير,44d71a964d1200e991eccef223cec0eb389edb410c63138f7632785ce8bfa0ba,44d71a964d1200e991eccef223cec0eb389edb410c63138f7632785ce8bfa0ba
rathena-master/npc_EN/re/guides/guides_hugel.txt,دون تغيير,7121e3d82ed92128cb6de9bfe8f1ca93e0d8fcec9549fc2ee44ebd8220537384,7121e3d82ed92128cb6de9bfe8f1ca93e0d8fcec9549fc2ee44ebd8220537384
rathena-master/npc_EN/re/guides/guides_izlude.txt,دون تغيير,428d4fafbea5d1232c61420cefc9dcc200f9d666f47fc4b138af0da3d24df547,428d4fafbea5d1232c61420cefc9dcc200f9d666f47fc4b138af0da3d24df547
rathena-master/npc_EN/re/guides/guides_juno.txt,دون تغيير,e0b367eb06fff770fe2ddff100392fe1e9543fb68eac8314fc2586e28664916b,e0b367eb06fff770fe2ddff100392fe1e9543fb68eac8314fc2586e28664916b
rathena-master/npc_EN/re/guides/guides_lighthalzen.txt,دون تغيير,1b6e9cfc72e7ea7a168cad89cdf42c919f07e533c5f0a6bfb685b388b5570ce6,1b6e9cfc72e7ea7a168cad89cdf42c919f07e533c5f0a6bfb685b388b5570ce6
rathena-master/npc_EN/re/guides/guides_louyang.txt,دون تغيير,ebba0048eacb2a6eec04e7ee1bcd6b66137de96534f75e9050f049d1af65e1e2,ebba0048eacb2a6eec04e7ee1bcd6b66137de96534f75e9050f049d1af65e1e2
rathena-master/npc_EN/re/guides/guides_lutie.txt,دون تغيير,33a769226ab6b772a1998ddc042a134b7c504b1dffec542643b33c45d8a80cb9,33a769226ab6b772a1998ddc042a134b7c504b1dffec542643b33c45d8a80cb9
rathena-master/npc_EN/re/guides/guides_malangdo.txt,دون تغيير,2da4441de0e8ebe72db844f48c14e89dae5227f4eda939a993dee9909b87f196,2da4441de0e8ebe72db844f48c14e89dae5227f4eda939a993dee9909b87f196
rathena-master/npc_EN/re/guides/guides_malaya.txt,دون تغيير,e37ef0fdbe2e2ad9f207d38e659ee91bacbdf0e6447185ee32241d7cc265b718,e37ef0fdbe2e2ad9f207d38e659ee91bacbdf0e6447185ee32241d7cc265b718
rathena-master/npc_EN/re/guides/guides_mora.txt,دون تغيير,eb21efbc170be7c56d4ef3c562cd0f150e2ce615b450e3d681750e57d103e2ff,eb21efbc170be7c56d4ef3c562cd0f150e2ce615b450e3d681750e57d103e2ff
rathena-master/npc_EN/re/guides/guides_morroc.txt,دون تغيير,0fa76c274e7ab44d78fc4292570298174dd2134588b6038faf3e6907ef1be4ea,0fa76c274e7ab44d78fc4292570298174dd2134588b6038faf3e6907ef1be4ea
rathena-master/npc_EN/re/guides/guides_moscovia.txt,دون تغيير,f0308eccf448c724edbdb55426964bf64b604e0cbc0dbd7190586a9c258c896d,f0308eccf448c724edbdb55426964bf64b604e0cbc0dbd7190586a9c258c896d
rathena-master/npc_EN/re/guides/guides_niflheim.txt,دون تغيير,35586ea46c30bbed1d857702c78e0f7082e59e29f40911615d5f0867428ff312,35586ea46c30bbed1d857702c78e0f7082e59e29f40911615d5f0867428ff312
rathena-master/npc_EN/re/guides/guides_payon.txt,دون تغيير,68be25fb9e64276e1b6a2ada6d6002da76912aa829f12f9367d2ec12d1ef8c4e,68be25fb9e64276e1b6a2ada6d6002da76912aa829f12f9367d2ec12d1ef8c4e
rathena-master/npc_EN/re/guides/guides_prontera.txt,دون تغيير,504cb544236a22472f43737f703b06a908030ab036ef338499fd92d97e31f26e,504cb544236a22472f43737f703b06a908030ab036ef338499fd92d97e31f26e
rathena-master/npc_EN/re/guides/guides_rachel.txt,دون تغيير,9739c4d3e18b4edce38a7af917991de1f28108405b0db95ed63482712d363c1f,9739c4d3e18b4edce38a7af917991de1f28108405b0db95ed63482712d363c1f
rathena-master/npc_EN/re/guides/guides_rockridge.txt,دون تغيير,a3d61549e03c6e3cfa485da53d5cbd6942ff9c37ae9aec5d1cab186c61936c15,a3d61549e03c6e3cfa485da53d5cbd6942ff9c37ae9aec5d1cab186c61936c15
rathena-master/npc_EN/re/guides/guides_umbala.txt,دون تغيير,59ba7233d866877980fd80496d7dc61c5d3c29c5b710958713113f095ee38cff,59ba7233d866877980fd80496d7dc61c5d3c29c5b710958713113f095ee38cff
rathena-master/npc_EN/re/guides/guides_veins.txt,دون تغيير,63b35b22fd36bf5390cc3361ddba2feb8192d8c46b445683e6d9cef0ef3e272c,63b35b22fd36bf5390cc3361ddba2feb8192d8c46b445683e6d9cef0ef3e272c
rathena-master/npc_EN/re/guides/guides_woe_te.txt,دون تغيير,f1a5e9ea65ff97a963c287d6e7ca16be134ef67e1f75d94fbb2338814cae788a,f1a5e9ea65ff97a963c287d6e7ca16be134ef67e1f75d94fbb2338814cae788a
rathena-master/npc_EN/re/guides/navigation.txt,دون تغيير,a167dd0a1ef721f0a1c795458fc17fc8d1e7880c70a3442069f3b1fc85a657a5,a167dd0a1ef721f0a1c795458fc17fc8d1e7880c70a3442069f3b1fc85a657a5
rathena-master/npc_EN/re/guild/invest_main.txt,دون تغيير,318139fda12a4ba3180de5578f01cf9f7030874d21f107e9c3ae0f353c703368,318139fda12a4ba3180de5578f01cf9f7030874d21f107e9c3ae0f353c703368
rathena-master/npc_EN/re/guild/invest_npc.txt,دون تغيير,573c43c59443ecaf82fd0dda52704df7a963300cee7c8dc4a436cb9f68339655,573c43c59443ecaf82fd0dda52704df7a963300cee7c8dc4a436cb9f68339655
rathena-master/npc_EN/re/guild/mission_main.txt,دون تغيير,241e371afbcad6eee49bed5bae3f8e9d2a58b3d75dc3d19502a9b8fb41fa38b8,241e371afbcad6eee49bed5bae3f8e9d2a58b3d75dc3d19502a9b8fb41fa38b8
rathena-master/npc_EN/re/guild/mission_npc.txt,دون تغيير,6d5db4b3f26f69b8c5eb3413231a4fdaad932d36b7ddb3ddb8b291a4c53c5249,6d5db4b3f26f69b8c5eb3413231a4fdaad932d36b7ddb3ddb8b291a4c53c5249
rathena-master/npc_EN/re/guild3/agit_main_te.txt,دون تغيير,915a309a8518916a21776a97eeda94690814ca34dc0409595cedbef8aab12add,915a309a8518916a21776a97eeda94690814ca34dc0409595cedbef8aab12add
rathena-master/npc_EN/re/guild3/agit_start_te.txt,دون تغيير,07e237435091a225c178483505ceb6a61fe4316e2ca9bdeb2aeecc8fa009c851,07e237435091a225c178483505ceb6a61fe4316e2ca9bdeb2aeecc8fa009c851
rathena-master/npc_EN/re/guild3/te_aldecas1.txt,دون تغيير,34df2c591482683cef3f4bb96f22a4529c15abbdd017238ea4c0015d4c1cf938,34df2c591482683cef3f4bb96f22a4529c15abbdd017238ea4c0015d4c1cf938
rathena-master/npc_EN/re/guild3/te_aldecas2.txt,دون تغيير,b1612e2387de3b664c78138cf90d57ad059151e8fd592cad1dbdaaaf7aa00320,b1612e2387de3b664c78138cf90d57ad059151e8fd592cad1dbdaaaf7aa00320
rathena-master/npc_EN/re/guild3/te_aldecas3.txt,دون تغيير,f55ff1d85b89b6237c4ac4a3ba1d82b3fd719aec39979ac2bd1b522640868f21,f55ff1d85b89b6237c4ac4a3ba1d82b3fd719aec39979ac2bd1b522640868f21
rathena-master/npc_EN/re/guild3/te_aldecas4.txt,دون تغيير,cbe2a8aae72b2c8828d8f0655b07d018880e6a97587742e96f1ad4ca8989f91f,cbe2a8aae72b2c8828d8f0655b07d018880e6a97587742e96f1ad4ca8989f91f
rathena-master/npc_EN/re/guild3/te_aldecas5.txt,دون تغيير,8e8b879731a772d88af8725fb8c4b64de6c22aa85e62c9f9e88d2253bffd5f6b,8e8b879731a772d88af8725fb8c4b64de6c22aa85e62c9f9e88d2253bffd5f6b
rathena-master/npc_EN/re/guild3/te_prtcas01.txt,دون تغيير,22c321803cb8cf16375dbecdd1f0feb4d333f6e200147b7c72f0bd8f6f756eb9,22c321803cb8cf16375dbecdd1f0feb4d333f6e200147b7c72f0bd8f6f756eb9
rathena-master/npc_EN/re/guild3/te_prtcas02.txt,دون تغيير,89853c6926d53e4d8193a4ba2f1dffe484a0f3bb76aadfc689f3cbe9ed4fc24b,89853c6926d53e4d8193a4ba2f1dffe484a0f3bb76aadfc689f3cbe9ed4fc24b
rathena-master/npc_EN/re/guild3/te_prtcas03.txt,دون تغيير,6590c8fca7f83d08a87167eee69e0b63571784097dafd8c8a010c0d34aaef1b1,6590c8fca7f83d08a87167eee69e0b63571784097dafd8c8a010c0d34aaef1b1
rathena-master/npc_EN/re/guild3/te_prtcas04.txt,دون تغيير,f860c334800b01fec524a1f8d4650aea4116820ded3e72f00dbacefe48e2ae80,f860c334800b01fec524a1f8d4650aea4116820ded3e72f00dbacefe48e2ae80
rathena-master/npc_EN/re/guild3/te_prtcas05.txt,دون تغيير,0cafc23bff4f4b7c58f06f2e13f85a06ceea47299e725c8a5d7dd8bd3d4f94fb,0cafc23bff4f4b7c58f06f2e13f85a06ceea47299e725c8a5d7dd8bd3d4f94fb
rathena-master/npc_EN/re/instances/AirshipAssault.txt,دون تغيير,77b9dbe7a7264f218d0986a3f9fd274ba61e4e58cbb6de1bdff907c9a4c6128f,77b9dbe7a7264f218d0986a3f9fd274ba61e4e58cbb6de1bdff907c9a4c6128f
rathena-master/npc_EN/re/instances/BakonawaLake.txt,دون تغيير,84e9543c9489dcb8c09e9cf1a21080dccba2a7f5be3912ced6f00274baeeee81,84e9543c9489dcb8c09e9cf1a21080dccba2a7f5be3912ced6f00274baeeee81
rathena-master/npc_EN/re/instances/BangungotHospital.txt,دون تغيير,a761286f8a0db31486eb85445f6360459a74f02369296e2a487cd4b4ec2c773e,a761286f8a0db31486eb85445f6360459a74f02369296e2a487cd4b4ec2c773e
rathena-master/npc_EN/re/instances/BuwayaCave.txt,دون تغيير,c03b0a5d5c377ef4c8b90fb9c0f8b4869c30cf82a3847ee2d107f82cadbce499,c03b0a5d5c377ef4c8b90fb9c0f8b4869c30cf82a3847ee2d107f82cadbce499
rathena-master/npc_EN/re/instances/CentralLaboratory.txt,دون تغيير,c616cb835fd1b6b7bc58efc50c7390040d7d114c998d22dc371750c4c1a49bc2,c616cb835fd1b6b7bc58efc50c7390040d7d114c998d22dc371750c4c1a49bc2
rathena-master/npc_EN/re/instances/CharlestonCrisis.txt,دون تغيير,9f5178ef708d4e58c10c81068bcc1de3f935bbb7c6d905a805c2945808f83b6a,9f5178ef708d4e58c10c81068bcc1de3f935bbb7c6d905a805c2945808f83b6a
rathena-master/npc_EN/re/instances/CorOperation.txt,دون تغيير,cd1b5a2331864a277ff857c17ea12482102a23cdf486f18b4bf903e80f09a8a5,cd1b5a2331864a277ff857c17ea12482102a23cdf486f18b4bf903e80f09a8a5
rathena-master/npc_EN/re/instances/DeepForest.txt,دون تغيير,bc976bc82a76e834cc327643ebc5513ae6b722dc372bdd4eca732c7115914f65,bc976bc82a76e834cc327643ebc5513ae6b722dc372bdd4eca732c7115914f65
rathena-master/npc_EN/re/instances/DevilTower.txt,دون تغيير,fb4c067f40b06e870d4d732ac097648aa63f5fb203cc5577fecd74aa9ab540bd,fb4c067f40b06e870d4d732ac097648aa63f5fb203cc5577fecd74aa9ab540bd
rathena-master/npc_EN/re/instances/EclageInterior.txt,دون تغيير,7e9859d571fa2b49022b6c5e21b5e405eea949c779d86ee31d4faafbb953bf15,7e9859d571fa2b49022b6c5e21b5e405eea949c779d86ee31d4faafbb953bf15
rathena-master/npc_EN/re/instances/EddaHalfMoonInTheDaylight.txt,دون تغيير,b60c648e8895f867b99e2f3e080edbf80f31ddc1ac277c2e91fc209a73aab79e,b60c648e8895f867b99e2f3e080edbf80f31ddc1ac277c2e91fc209a73aab79e
rathena-master/npc_EN/re/instances/FacewormsNest.txt,دون تغيير,90c52eccff34784b5a0ce39114c2721493dce3e6db622dc460a5dbf629c9c255,90c52eccff34784b5a0ce39114c2721493dce3e6db622dc460a5dbf629c9c255
rathena-master/npc_EN/re/instances/FridayDungeon.txt,دون تغيير,f61e31f073b412afdd94c978bc0c108f1df2dd0d52579aa50c73ced560282618,f61e31f073b412afdd94c978bc0c108f1df2dd0d52579aa50c73ced560282618
rathena-master/npc_EN/re/instances/GhostPalace.txt,دون تغيير,48f66be687fa03affcc704185ba347969d1bc2f0f5ba06ac29211838fd5df6a7,48f66be687fa03affcc704185ba347969d1bc2f0f5ba06ac29211838fd5df6a7
rathena-master/npc_EN/re/instances/HazyForest.txt,دون تغيير,8fd8aed4d0d5071c97d3d596814233150756e13e89a237e72f6e43d9a40b3d9f,8fd8aed4d0d5071c97d3d596814233150756e13e89a237e72f6e43d9a40b3d9f
rathena-master/npc_EN/re/instances/HeartHunterWarBase.txt,دون تغيير,74ddb082f2334f802d3f50ad813832194ee1d531ee8ad0601d0b15231ff36b2a,74ddb082f2334f802d3f50ad813832194ee1d531ee8ad0601d0b15231ff36b2a
rathena-master/npc_EN/re/instances/HiddenGarden.txt,دون تغيير,c6f0acf9de9f3a26a4eb168ce619c41deb25ecac5ed25e32d9bb433e191c9b42,c6f0acf9de9f3a26a4eb168ce619c41deb25ecac5ed25e32d9bb433e191c9b42
rathena-master/npc_EN/re/instances/HorrorToyFactory.txt,دون تغيير,5b96befdb2763245db8181787f470234fc82f63be780ddf612e831781159dea8,5b96befdb2763245db8181787f470234fc82f63be780ddf612e831781159dea8
rathena-master/npc_EN/re/instances/InfiniteSpace.txt,دون تغيير,fcd3a0c820095b955a43f12bd5acb8d28b49c88fa138e6f60ab6ff4ece3feacc,fcd3a0c820095b955a43f12bd5acb8d28b49c88fa138e6f60ab6ff4ece3feacc
rathena-master/npc_EN/re/instances/IsleOfBios.txt,دون تغيير,aec8cfb262f4d25b1e21985abd39d36335c0dc4d3a54319260ed4c935585d914,aec8cfb262f4d25b1e21985abd39d36335c0dc4d3a54319260ed4c935585d914
rathena-master/npc_EN/re/instances/LastRoom.txt,دون تغيير,66e2e717ac82e663a03b050f5266a11aef4a3b892bcbc7c20d5acfaaa8707497,66e2e717ac82e663a03b050f5266a11aef4a3b892bcbc7c20d5acfaaa8707497
rathena-master/npc_EN/re/instances/LostFarm.txt,دون تغيير,d94a88f9eb47d0830d72a1cae486f9da2cc5381e9f36991d1cb3b2f26fcd35e6,d94a88f9eb47d0830d72a1cae486f9da2cc5381e9f36991d1cb3b2f26fcd35e6
rathena-master/npc_EN/re/instances/MalangdoCulvert.txt,دون تغيير,f02c7994f206e7fce534357668c25ab595b6e63d4d2f4ec9a0ef221fdb1bbb5f,f02c7994f206e7fce534357668c25ab595b6e63d4d2f4ec9a0ef221fdb1bbb5f
rathena-master/npc_EN/re/instances/MazeofOz.txt,دون تغيير,81aa97574641fd2b69ad67184fddfe4ba300c0603d808c9cc1abee98a750927b,81aa97574641fd2b69ad67184fddfe4ba300c0603d808c9cc1abee98a750927b
rathena-master/npc_EN/re/instances/MorseCave.txt,دون تغيير,26728459b77b96fe9279826b3ba141d5a4010bceec79bdf8a117f955b0b70d2c,26728459b77b96fe9279826b3ba141d5a4010bceec79bdf8a117f955b0b70d2c
rathena-master/npc_EN/re/instances/NightmarishJitterbug.txt,دون تغيير,3cff7aeee0845d7d2c7b709522e21831a114e0cc25c547f04f4298530794a8ea,3cff7aeee0845d7d2c7b709522e21831a114e0cc25c547f04f4298530794a8ea
rathena-master/npc_EN/re/instances/OctopusCave.txt,دون تغيير,99a8f172058668540914726227a900e339f48c853b0d25740fe35ff7ef973fb2,99a8f172058668540914726227a900e339f48c853b0d25740fe35ff7ef973fb2
rathena-master/npc_EN/re/instances/OldGlastHeim.txt,دون تغيير,b4dff1951e4efe4faaaba6fe537616ac80134bb1610d86bce13343da9cc68fab,b4dff1951e4efe4faaaba6fe537616ac80134bb1610d86bce13343da9cc68fab
rathena-master/npc_EN/re/instances/OsOccupation.txt,دون تغيير,343cd2c74230798cfbe95bcd47e8cb0b1203e307f7a866de98f7615b52e49619,343cd2c74230798cfbe95bcd47e8cb0b1203e307f7a866de98f7615b52e49619
rathena-master/npc_EN/re/instances/PoringVillage.txt,دون تغيير,4d1b8d49ad306b56343e9c3a082a00eb81a1653de8d6a7069f1932d3bb39bbfb,4d1b8d49ad306b56343e9c3a082a00eb81a1653de8d6a7069f1932d3bb39bbfb
rathena-master/npc_EN/re/instances/Regenschirm.txt,دون تغيير,ab9ffead9666f4ce5232348bf94cf24e95b3dc2eed2d02d3e9235fe9a5f183fa,ab9ffead9666f4ce5232348bf94cf24e95b3dc2eed2d02d3e9235fe9a5f183fa
rathena-master/npc_EN/re/instances/RitualOfBlessing.txt,دون تغيير,113a6bdf0df3c75593aa35909c90fbd6dc1340e562bb03d387d5678d5059811f,113a6bdf0df3c75593aa35909c90fbd6dc1340e562bb03d387d5678d5059811f
rathena-master/npc_EN/re/instances/RoomOfConsciousness.txt,دون تغيير,072d59ad64d4c648baa22a52ec8536ba2328570663eb01db8c79c553219065ed,072d59ad64d4c648baa22a52ec8536ba2328570663eb01db8c79c553219065ed
rathena-master/npc_EN/re/instances/SaraMemory.txt,دون تغيير,afbc577a35bc6e16afdcad3d90d1bad1473e06cc97c2642d00ba7ae07bf18246,afbc577a35bc6e16afdcad3d90d1bad1473e06cc97c2642d00ba7ae07bf18246
rathena-master/npc_EN/re/instances/SarahAndFenrir.txt,دون تغيير,9f622aea2961caab6a0310871eb3e63c4e9967dbd326669023be410d12b5193d,9f622aea2961caab6a0310871eb3e63c4e9967dbd326669023be410d12b5193d
rathena-master/npc_EN/re/instances/SealedOs.txt,دون تغيير,7b9b85a5eba0e61af966e5ca314e51fbf25c38f3f47ab953fc95aae8a8ae1532,7b9b85a5eba0e61af966e5ca314e51fbf25c38f3f47ab953fc95aae8a8ae1532
rathena-master/npc_EN/re/instances/SkyFortress.txt,دون تغيير,590da007036d503824e0960b0ce47126260632e0a6bf4d4818b947d918e1ac27,590da007036d503824e0960b0ce47126260632e0a6bf4d4818b947d918e1ac27
rathena-master/npc_EN/re/instances/TempleOfDemonGod.txt,دون تغيير,2183905230cc561e507a6739bc3937d294e966cbbf5bf3f9f16a14451e9b4165,2183905230cc561e507a6739bc3937d294e966cbbf5bf3f9f16a14451e9b4165
rathena-master/npc_EN/re/instances/ThorGunsuBase.txt,دون تغيير,63694c42d082edb5220d558067fb768056404ff03a3360521c68e188700d964d,63694c42d082edb5220d558067fb768056404ff03a3360521c68e188700d964d
rathena-master/npc_EN/re/instances/TwilightGarden.txt,دون تغيير,26749a7de095fb53a25e3073de40224e7b7f1107e1a78f3b1af8a4e94f8dcb5f,26749a7de095fb53a25e3073de40224e7b7f1107e1a78f3b1af8a4e94f8dcb5f
rathena-master/npc_EN/re/instances/VillaofDeception.txt,دون تغيير,436d2fd7b6f8d81d6a56056160924d4f20e2a0708a2128ee005d997e532a0472,436d2fd7b6f8d81d6a56056160924d4f20e2a0708a2128ee005d997e532a0472
rathena-master/npc_EN/re/instances/VillaofHighPriest.txt,دون تغيير,736aee8fe3f9642ffcefb59f69b14a69b69c0b65d06f61d157b0a6b1e6d46dec,736aee8fe3f9642ffcefb59f69b14a69b69c0b65d06f61d157b0a6b1e6d46dec
rathena-master/npc_EN/re/instances/WaterGarden.txt,دون تغيير,022a796a366e50127230f85e5a80a3792dc9dc77d133000aa3e0a3fafb73e8bf,022a796a366e50127230f85e5a80a3792dc9dc77d133000aa3e0a3fafb73e8bf
rathena-master/npc_EN/re/instances/WaveMode.txt,دون تغيير,fae49bdfba8e9a0eb46fb88431f21bdde8b833737bfa999f2b9f3bab9e9a5bf0,fae49bdfba8e9a0eb46fb88431f21bdde8b833737bfa999f2b9f3bab9e9a5bf0
rathena-master/npc_EN/re/instances/WeekendDungeon.txt,دون تغيير,b1c24e3e91ca133202e8a390bfa37ef0653c4d6c97e2fac65f75abfd9a69ceeb,b1c24e3e91ca133202e8a390bfa37ef0653c4d6c97e2fac65f75abfd9a69ceeb
rathena-master/npc_EN/re/instances/WernerLaboratoryCentralRoom.txt,دون تغيير,c024fe231d7c8365095a0bbb393afde6a4a29d738f791b9bdf028484dd85d5f1,c024fe231d7c8365095a0bbb393afde6a4a29d738f791b9bdf028484dd85d5f1
rathena-master/npc_EN/re/instances/WolfchevLaboratory.txt,دون تغيير,1f94907beecf4be0eac42c4da0a9779130e33f869b31cc5c22607a1ee69d64e9,1f94907beecf4be0eac42c4da0a9779130e33f869b31cc5c22607a1ee69d64e9
rathena-master/npc_EN/re/instances/Wolves.txt,دون تغيير,c536eefab36401e2374a23e8acaff4eeee092104b4f542491def4d53014829e1,c536eefab36401e2374a23e8acaff4eeee092104b4f542491def4d53014829e1
rathena-master/npc_EN/re/jobs/1-1/acolyte.txt,دون تغيير,08813ffa2ab3f6743cacd1260a9e51171e5e3d5fb328d666214071d54ce9a87a,08813ffa2ab3f6743cacd1260a9e51171e5e3d5fb328d666214071d54ce9a87a
rathena-master/npc_EN/re/jobs/1-1/archer.txt,دون تغيير,f24b7fa99005d495ab5c01e00acd4faeaca455b5fb3e233e1c9331a74f30ea90,f24b7fa99005d495ab5c01e00acd4faeaca455b5fb3e233e1c9331a74f30ea90
rathena-master/npc_EN/re/jobs/1-1/mage.txt,دون تغيير,d5a4cdf742fbf9500462a9857811a607e0b651861ca6a10edb6eba05c233ebd8,d5a4cdf742fbf9500462a9857811a607e0b651861ca6a10edb6eba05c233ebd8
rathena-master/npc_EN/re/jobs/1-1/merchant.txt,دون تغيير,094fbf1e6940c3159043dc3fe0cef47771450b85607166a1e743e6832ecd3525,094fbf1e6940c3159043dc3fe0cef47771450b85607166a1e743e6832ecd3525
rathena-master/npc_EN/re/jobs/1-1/swordman.txt,دون تغيير,80c458417c628f45375d19e6011d2357170ab39065ccebae82b23684b469e8b4,80c458417c628f45375d19e6011d2357170ab39065ccebae82b23684b469e8b4
rathena-master/npc_EN/re/jobs/1-1/thief.txt,دون تغيير,a11cad6727f1f4846aa138c20502a5f3d58a6b14b6203c3149dc199e0aa414b7,a11cad6727f1f4846aa138c20502a5f3d58a6b14b6203c3149dc199e0aa414b7
rathena-master/npc_EN/re/jobs/1-1e/taekwon.txt,دون تغيير,edd80140f12c5eb375e4933b28dd627a8d3889ca275dc699420a88cfbf39e529,edd80140f12c5eb375e4933b28dd627a8d3889ca275dc699420a88cfbf39e529
rathena-master/npc_EN/re/jobs/2-2/crusader.txt,دون تغيير,128956645bb06517a32ab61d32259942a6b0216fc3e67a8fc8394fe50f6f02e4,128956645bb06517a32ab61d32259942a6b0216fc3e67a8fc8394fe50f6f02e4
rathena-master/npc_EN/re/jobs/2e/kagerou_oboro.txt,دون تغيير,2006e1aad2dbee7b4a6b4729611c7838fc1fc276995117adf61f40f086b2809f,2006e1aad2dbee7b4a6b4729611c7838fc1fc276995117adf61f40f086b2809f
rathena-master/npc_EN/re/jobs/2e/rebellion.txt,دون تغيير,3d7c5388ae496613bb0bdc6f0ccd2509b49da852f20feb0b1b8dbb124d6a24af,3d7c5388ae496613bb0bdc6f0ccd2509b49da852f20feb0b1b8dbb124d6a24af
rathena-master/npc_EN/re/jobs/3-1/archbishop.txt,دون تغيير,35612ba88aefc55c2aa3553cf2ad6c49a7356cc39a1814f99f40b67c8e1e4770,35612ba88aefc55c2aa3553cf2ad6c49a7356cc39a1814f99f40b67c8e1e4770
rathena-master/npc_EN/re/jobs/3-1/guillotine_cross.txt,دون تغيير,3cfa8b2c6c18b233cf189d95fa46a45b651441674804e9a8d0e512724eaf6af9,3cfa8b2c6c18b233cf189d95fa46a45b651441674804e9a8d0e512724eaf6af9
rathena-master/npc_EN/re/jobs/3-1/mechanic.txt,دون تغيير,41befb6031dff16466f7d055f99b2ae2922b074cd705073672671ed3186112df,41befb6031dff16466f7d055f99b2ae2922b074cd705073672671ed3186112df
rathena-master/npc_EN/re/jobs/3-1/ranger.txt,دون تغيير,9cd193a7d68e1ccf64838126ad5e40236fdd0b84f0edac0c2c7a973b9d880cfe,9cd193a7d68e1ccf64838126ad5e40236fdd0b84f0edac0c2c7a973b9d880cfe
rathena-master/npc_EN/re/jobs/3-1/rune_knight.txt,دون تغيير,3c225f175852fefe4cc4aef739a910480c59f284d835516fe04d5a53220eb166,3c225f175852fefe4cc4aef739a910480c59f284d835516fe04d5a53220eb166
rathena-master/npc_EN/re/jobs/3-1/warlock.txt,دون تغيير,8eaaf9ead66408086c117435200fde755f0ecaf51001eb77435fc86901d08891,8eaaf9ead66408086c117435200fde755f0ecaf51001eb77435fc86901d08891
rathena-master/npc_EN/re/jobs/3-2/genetic.txt,دون تغيير,ba19b3dfe85fc4c0da50484c039912f4467842a9fb0282562d941b3e377845ab,ba19b3dfe85fc4c0da50484c039912f4467842a9fb0282562d941b3e377845ab
rathena-master/npc_EN/re/jobs/3-2/minstrel.txt,دون تغيير,52dff71479bcf8fb9d065f73ca3b962b5c0e1d45872b2e08ff7d4722d8ef4202,52dff71479bcf8fb9d065f73ca3b962b5c0e1d45872b2e08ff7d4722d8ef4202
rathena-master/npc_EN/re/jobs/3-2/royal_guard.txt,دون تغيير,441372073c96852247a61398fe8350eb234974dbb0d9d1ffd0a3321e9f5c7282,441372073c96852247a61398fe8350eb234974dbb0d9d1ffd0a3321e9f5c7282
rathena-master/npc_EN/re/jobs/3-2/shadow_chaser.txt,دون تغيير,6133002a98b8179b61728a37daaeb5250442ccdf8f0afa414761bd0b0e81d94b,6133002a98b8179b61728a37daaeb5250442ccdf8f0afa414761bd0b0e81d94b
rathena-master/npc_EN/re/jobs/3-2/sorcerer.txt,دون تغيير,981f8df22dc446a9c087dcd66000cc865b0448bbab8ae205130c827431b3972a,981f8df22dc446a9c087dcd66000cc865b0448bbab8ae205130c827431b3972a
rathena-master/npc_EN/re/jobs/3-2/sura.txt,دون تغيير,a9f5d379b8c30a033e64b39184bc337597c55fcfa3f33f9fa0efca73b88a2f4f,a9f5d379b8c30a033e64b39184bc337597c55fcfa3f33f9fa0efca73b88a2f4f
rathena-master/npc_EN/re/jobs/3-2/wanderer.txt,دون تغيير,5fc6564a95ddebb321ed37c71fd3273f0b53e7d051e7815527ef89661f7115d5,5fc6564a95ddebb321ed37c71fd3273f0b53e7d051e7815527ef89661f7115d5
rathena-master/npc_EN/re/jobs/doram/spirit_handler.txt,دون تغيير,6d1dd34163acc3c9686eda672930925defc7de74f6ae1da4f4cb1518957a7410,6d1dd34163acc3c9686eda672930925defc7de74f6ae1da4f4cb1518957a7410
rathena-master/npc_EN/re/jobs/novice/academy.txt,دون تغيير,b2ab5f7de7e1c36e4f58b8447a80d4cb089e8bf45aeade59953c6a70004f27fd,b2ab5f7de7e1c36e4f58b8447a80d4cb089e8bf45aeade59953c6a70004f27fd
rathena-master/npc_EN/re/jobs/novice/novice.txt,دون تغيير,bcec167f2ed868ed539b7b7631b262952a0cdacb90e0bdf1786e2831faf53a9e,bcec167f2ed868ed539b7b7631b262952a0cdacb90e0bdf1786e2831faf53a9e
rathena-master/npc_EN/re/jobs/novice/supernovice_ex.txt,دون تغيير,86387a32bc401fbbdc0e72adbb5bb059b10f69e4c3aa9d901e4cfe4b641238a3,86387a32bc401fbbdc0e72adbb5bb059b10f69e4c3aa9d901e4cfe4b641238a3
rathena-master/npc_EN/re/jobs/repair.txt,دون تغيير,aa817ef855bfdc2809202e74dd5255071218360a28ef37b479ac50aba7ad773e,aa817ef855bfdc2809202e74dd5255071218360a28ef37b479ac50aba7ad773e
rathena-master/npc_EN/re/kafras/Kafra_Teleportation_Services.txt,دون تغيير,038d79cebb4487dd662229e3f30b6a3c2f1fc4226646a606498af92de9d72629,038d79cebb4487dd662229e3f30b6a3c2f1fc4226646a606498af92de9d72629
rathena-master/npc_EN/re/kafras/Zonda_Teleportation_Services.txt,دون تغيير,9e1c4da8bf43cca2eb4537c3579f9db7f1ce42a6e109108cfd9c4dbd36cb0a75,9e1c4da8bf43cca2eb4537c3579f9db7f1ce42a6e109108cfd9c4dbd36cb0a75
rathena-master/npc_EN/re/kafras/cool_event_corp.txt,دون تغيير,c930ea58ebe1514cf91c7ddfda55beb2025806dfc9d2d1f6c41585d5cab9d56b,c930ea58ebe1514cf91c7ddfda55beb2025806dfc9d2d1f6c41585d5cab9d56b
rathena-master/npc_EN/re/kafras/kafras.txt,دون تغيير,28664fba39afcbd2ce30b447c4a9062942cb2fa9acceef8fc329c5eea5beb441,28664fba39afcbd2ce30b447c4a9062942cb2fa9acceef8fc329c5eea5beb441
rathena-master/npc_EN/re/mapflag/gvg.txt,دون تغيير,9b50f8dae08c358ebdd212ed5c7b4dced471a0d717fd20e597d5773e5f238dcd,9b50f8dae08c358ebdd212ed5c7b4dced471a0d717fd20e597d5773e5f238dcd
rathena-master/npc_EN/re/mapflag/hidemobhpbar.txt,دون تغيير,867df38f4c6f1945609582b4fa0796703c0fca95d7f7ce864a9b10b7f9b27c7e,867df38f4c6f1945609582b4fa0796703c0fca95d7f7ce864a9b10b7f9b27c7e
rathena-master/npc_EN/re/mapflag/night.txt,دون تغيير,4a6864e7f6c463fd6f9982ee4843c7ef23ba8a896ae3ac3f95d3e0ef70720ceb,4a6864e7f6c463fd6f9982ee4843c7ef23ba8a896ae3ac3f95d3e0ef70720ceb
rathena-master/npc_EN/re/mapflag/nobranch.txt,دون تغيير,2529fbdcb7a1a5db41caf8e0f0b11a750b26363ce067b653fe2c3c08f0e97537,2529fbdcb7a1a5db41caf8e0f0b11a750b26363ce067b653fe2c3c08f0e97537
rathena-master/npc_EN/re/mapflag/nocostume.txt,دون تغيير,9901f93e8cdb568ed79ce52a2056bec22e463102245eb12d231f99f49b77961e,9901f93e8cdb568ed79ce52a2056bec22e463102245eb12d231f99f49b77961e
rathena-master/npc_EN/re/mapflag/nodynamicnpc.txt,دون تغيير,42e0ab3738fd67875f4525188bf8593675e8104843cbebe73385553a556d67ca,42e0ab3738fd67875f4525188bf8593675e8104843cbebe73385553a556d67ca
rathena-master/npc_EN/re/mapflag/noicewall.txt,دون تغيير,d8770e828d7ddde7d9ede838250386dd16a9471affb55ea5cded8369824facd6,d8770e828d7ddde7d9ede838250386dd16a9471affb55ea5cded8369824facd6
rathena-master/npc_EN/re/mapflag/nolockon.txt,دون تغيير,60dc4082695b286a50879cffaba5ffbc6b229f3ef560a64215fd84fe7a37742b,60dc4082695b286a50879cffaba5ffbc6b229f3ef560a64215fd84fe7a37742b
rathena-master/npc_EN/re/mapflag/nomemo.txt,دون تغيير,40b105d30ca04a57152602d34e9b1bb288b4d23da2ce5bd1add65334dc2d24b5,40b105d30ca04a57152602d34e9b1bb288b4d23da2ce5bd1add65334dc2d24b5
rathena-master/npc_EN/re/mapflag/nopenalty.txt,دون تغيير,82251a7f72c3056daf671ede7f9456d7e00951faa98d0fb505ed444b3ef776d9,82251a7f72c3056daf671ede7f9456d7e00951faa98d0fb505ed444b3ef776d9
rathena-master/npc_EN/re/mapflag/nopvp.txt,دون تغيير,5bd59d281f3c92e880ad5ca764dc685ab8425caa5247cfe0b3ab3f507fdbe516,5bd59d281f3c92e880ad5ca764dc685ab8425caa5247cfe0b3ab3f507fdbe516
rathena-master/npc_EN/re/mapflag/norenewalpenalty.txt,دون تغيير,6d52e90f44aa47c3316788d9eb3650052d48f895e9974075efcb31191f04e234,6d52e90f44aa47c3316788d9eb3650052d48f895e9974075efcb31191f04e234
rathena-master/npc_EN/re/mapflag/nosave.txt,دون تغيير,40260edc29bf145d9d910a6e770e2812a3419653ee524d4262aa808a5634fd2c,40260edc29bf145d9d910a6e770e2812a3419653ee524d4262aa808a5634fd2c
rathena-master/npc_EN/re/mapflag/noteleport.txt,دون تغيير,db38a3aed7c457af52584530fe3d98c609919b4636d30538411300b0db0ff50c,db38a3aed7c457af52584530fe3d98c609919b4636d30538411300b0db0ff50c
rathena-master/npc_EN/re/mapflag/nowarp.txt,دون تغيير,8c25504ef8dfdf8484ee554e0e18ed93419fe3a013c35a273dd13a2abf0faf63,8c25504ef8dfdf8484ee554e0e18ed93419fe3a013c35a273dd13a2abf0faf63
rathena-master/npc_EN/re/mapflag/nowarpto.txt,دون تغيير,c5381ce795d97aac493c295e1c0de9a1bba50f431e1abdda023b05e4b9035db8,c5381ce795d97aac493c295e1c0de9a1bba50f431e1abdda023b05e4b9035db8
rathena-master/npc_EN/re/mapflag/partylock.txt,دون تغيير,07050a0a9dab75e0eabde8bbbdb4e0279c8acc6d9c289b1c646f36df2603608d,07050a0a9dab75e0eabde8bbbdb4e0279c8acc6d9c289b1c646f36df2603608d
rathena-master/npc_EN/re/mapflag/privateairship.txt,دون تغيير,e097835c0d3f85f08e322f590e64d0bced0e157a7cb232957cf9c23249029917,e097835c0d3f85f08e322f590e64d0bced0e157a7cb232957cf9c23249029917
rathena-master/npc_EN/re/mapflag/reset.txt,دون تغيير,47197ff0474699e0a0c985a7af9a249134e74aa5ef9aa64ce9454f2ec44276b5,47197ff0474699e0a0c985a7af9a249134e74aa5ef9aa64ce9454f2ec44276b5
rathena-master/npc_EN/re/mapflag/restricted.txt,دون تغيير,23279529a4caa3748377815cb638f8ff6f1e15e0fc1a370c4185af6482513388,23279529a4caa3748377815cb638f8ff6f1e15e0fc1a370c4185af6482513388
rathena-master/npc_EN/re/mapflag/skill_duration.txt,دون تغيير,b11cd66df9ed2bceb81aa6d1a22dfac1fc9226adfa15a630c3fa17e9e4c55fd8,b11cd66df9ed2bceb81aa6d1a22dfac1fc9226adfa15a630c3fa17e9e4c55fd8
rathena-master/npc_EN/re/mapflag/specialpopup.txt,دون تغيير,2e2c962c52935f251eb69383ce2c22d3aec6544b5e6eac635d670952b4cab774,2e2c962c52935f251eb69383ce2c22d3aec6544b5e6eac635d670952b4cab774
rathena-master/npc_EN/re/mapflag/town.txt,دون تغيير,6ae66fcbddadbc64f43f2f1a5e5cac4be208a2e0f8bc1ee0fcdf03d46480f9b2,6ae66fcbddadbc64f43f2f1a5e5cac4be208a2e0f8bc1ee0fcdf03d46480f9b2
rathena-master/npc_EN/re/merchants/3rd_trader.txt,دون تغيير,19c36880258fd2b4ebb1a1b5560a06783c6859f3911c088ed3627e3646dd7848,19c36880258fd2b4ebb1a1b5560a06783c6859f3911c088ed3627e3646dd7848
rathena-master/npc_EN/re/merchants/Dealer_Update.txt,دون تغيير,d7698b9cb35f1f0525445e9266d3adf38bf15d42e68e7500c3d81d80749d7e0a,d7698b9cb35f1f0525445e9266d3adf38bf15d42e68e7500c3d81d80749d7e0a
rathena-master/npc_EN/re/merchants/Emperium_Seller.txt,دون تغيير,0673459be93fb51e62864ee80b276887a2aa5c521bd7fddb706277435eba834c,0673459be93fb51e62864ee80b276887a2aa5c521bd7fddb706277435eba834c
rathena-master/npc_EN/re/merchants/Extended_Ammunition.txt,دون تغيير,23909f451884dda5b1b199ca411f8f335e0363e39541d2d0dc22a90e4c5af05e,23909f451884dda5b1b199ca411f8f335e0363e39541d2d0dc22a90e4c5af05e
rathena-master/npc_EN/re/merchants/Extended_Stylist.txt,دون تغيير,26d64e98082d5d472be5ab2173d4020191c978da4f4a2bdae5f1afe9862b55af,26d64e98082d5d472be5ab2173d4020191c978da4f4a2bdae5f1afe9862b55af
rathena-master/npc_EN/re/merchants/Gemstone_Bagger.txt,دون تغيير,e72aa3511b3ba627f3c8334b96c0f0b89baf6b95cffdd923feea89d447ac10b6,e72aa3511b3ba627f3c8334b96c0f0b89baf6b95cffdd923feea89d447ac10b6
rathena-master/npc_EN/re/merchants/HorrorToyFactory_merchants.txt,دون تغيير,245cd60311f8557ec87006bbd6ca0144589193a2e41903335de3288d527f1543,245cd60311f8557ec87006bbd6ca0144589193a2e41903335de3288d527f1543
rathena-master/npc_EN/re/merchants/InfiniteSpace_merchants.txt,دون تغيير,ca8e3edc7712605b55197ad3b4b2b75fd6d5d03b09f2e4558e9a40604e1f2d27,ca8e3edc7712605b55197ad3b4b2b75fd6d5d03b09f2e4558e9a40604e1f2d27
rathena-master/npc_EN/re/merchants/OldGlastHeim_merchants.txt,دون تغيير,55e60a3ad0576688be4ac43db28f555b54f3231b3f85edbc5993e01911475bb1,55e60a3ad0576688be4ac43db28f555b54f3231b3f85edbc5993e01911475bb1
rathena-master/npc_EN/re/merchants/Slot_Move_Card_Sales.txt,دون تغيير,8adfcdc222c4158d82f02bbc51c1ba487b969085bff96342163cba74f88268db,8adfcdc222c4158d82f02bbc51c1ba487b969085bff96342163cba74f88268db
rathena-master/npc_EN/re/merchants/advanced_refiner.txt,دون تغيير,fa69c3238aae981f12959cf89a1c69976943ac05c335451edad77d95d121427b,fa69c3238aae981f12959cf89a1c69976943ac05c335451edad77d95d121427b
rathena-master/npc_EN/re/merchants/alchemist.txt,دون تغيير,e7d93fe9812791bd3c43adef42286cc005a3103f7501aa25e9de056be84b5ddb,e7d93fe9812791bd3c43adef42286cc005a3103f7501aa25e9de056be84b5ddb
rathena-master/npc_EN/re/merchants/ammo_boxes.txt,دون تغيير,fe70a762613bf7fd21195d7e34fcb0d573305a14590cbadedb2ff60714e78a22,fe70a762613bf7fd21195d7e34fcb0d573305a14590cbadedb2ff60714e78a22
rathena-master/npc_EN/re/merchants/barters.yml,دون تغيير,9a2563a30a99568e5411f601c02579f5a6c74c233c23064087b195be50d295ae,9a2563a30a99568e5411f601c02579f5a6c74c233c23064087b195be50d295ae
rathena-master/npc_EN/re/merchants/barters/Extended_Ammunition.yml,دون تغيير,ad433a00108ed7bbb6dd77a9697d43c66a572fbc3f09b62a1000382beb683b5f,ad433a00108ed7bbb6dd77a9697d43c66a572fbc3f09b62a1000382beb683b5f
rathena-master/npc_EN/re/merchants/barters/Gemstone_Bagger.yml,دون تغيير,dd620059b2931ec843d11e84ff9e744f6df6177b023b88cdab305c2d0f45db63,dd620059b2931ec843d11e84ff9e744f6df6177b023b88cdab305c2d0f45db63
rathena-master/npc_EN/re/merchants/barters/Pet_Groomer.yml,دون تغيير,495d00c4253b9448af17c9b30d17058a61eadbcc22f50ab3a232e018319145a7,495d00c4253b9448af17c9b30d17058a61eadbcc22f50ab3a232e018319145a7
rathena-master/npc_EN/re/merchants/barters/cashmall.yml,دون تغيير,75ba26e6ade5d91ce2ac50e3167713bb61e7d57b166e74a9509b5408e8d7d416,75ba26e6ade5d91ce2ac50e3167713bb61e7d57b166e74a9509b5408e8d7d416
rathena-master/npc_EN/re/merchants/barters/enchan_illusion_dungeons.yml,دون تغيير,8fe38690e4c9e5d1f80ea482dc93f4aff711813edff913903f3a2237c1b817eb,8fe38690e4c9e5d1f80ea482dc93f4aff711813edff913903f3a2237c1b817eb
rathena-master/npc_EN/re/merchants/barters/enchantgrade.yml,دون تغيير,d4bf1469c840ed62def0c41511774db846d51eadd8b7a1850996941bb1b82f45,d4bf1469c840ed62def0c41511774db846d51eadd8b7a1850996941bb1b82f45
rathena-master/npc_EN/re/merchants/barters/garden_of_time.yml,دون تغيير,a536cb17ace1fec0b812dc1b96c20ccb46743d96ca925c1e5135a1438184b645,a536cb17ace1fec0b812dc1b96c20ccb46743d96ca925c1e5135a1438184b645
rathena-master/npc_EN/re/merchants/barters/mysterious_cookie_shop.yml,دون تغيير,ff7ee68376d6d97d2ac28a6616050edc03dc58dd8b286b967bb424f7e9123c03,ff7ee68376d6d97d2ac28a6616050edc03dc58dd8b286b967bb424f7e9123c03
rathena-master/npc_EN/re/merchants/barters/quests_16_1.yml,دون تغيير,10751619bf2d41c75579538d5f6781773b70e23c6dcd429635ccf0093ff5f3e5,10751619bf2d41c75579538d5f6781773b70e23c6dcd429635ccf0093ff5f3e5
rathena-master/npc_EN/re/merchants/barters/quests_16_2.yml,دون تغيير,57dbb925cde8607f0e0eb897a230591e2f781043fe67166c20d4f9062902b60e,57dbb925cde8607f0e0eb897a230591e2f781043fe67166c20d4f9062902b60e
rathena-master/npc_EN/re/merchants/barters/quests_17_1.yml,دون تغيير,ac6d471166beeaddd3c44780d6345cd416964c47246f75eb2316c1395f2130e9,ac6d471166beeaddd3c44780d6345cd416964c47246f75eb2316c1395f2130e9
rathena-master/npc_EN/re/merchants/barters/quests_17_2.yml,دون تغيير,c5aca2d82c942c2bbe12d3c89b07ae98c0951b1da8751161d74b625bb1f9b089,c5aca2d82c942c2bbe12d3c89b07ae98c0951b1da8751161d74b625bb1f9b089
rathena-master/npc_EN/re/merchants/barters/quests_18.yml,دون تغيير,d596b5bd95ade550971abb66a0d886709f9651750c015c7fd11bf6bd5e2f76ac,d596b5bd95ade550971abb66a0d886709f9651750c015c7fd11bf6bd5e2f76ac
rathena-master/npc_EN/re/merchants/barters/quests_exp_175.yml,دون تغيير,013b531b42fc3d6b414557da359a34f4ceaad708871de64902bc5d45c832f9de,013b531b42fc3d6b414557da359a34f4ceaad708871de64902bc5d45c832f9de
rathena-master/npc_EN/re/merchants/barters/refine.yml,دون تغيير,c0060d4cf76cb0a17ba8d844ca90a47fce58080e049e47b16fc26464f4ad7d5a,c0060d4cf76cb0a17ba8d844ca90a47fce58080e049e47b16fc26464f4ad7d5a
rathena-master/npc_EN/re/merchants/barters/rgsr_in.yml,دون تغيير,bbe084ae55451c5bcbe507f84202458674b4e22758c0dc064150f4fbda2b9c8d,bbe084ae55451c5bcbe507f84202458674b4e22758c0dc064150f4fbda2b9c8d
rathena-master/npc_EN/re/merchants/bio4_reward.txt,دون تغيير,14fa4a8858043d7aadf89aea424ead3513de2ef3f6620f7e178a9b59dcd2d970,14fa4a8858043d7aadf89aea424ead3513de2ef3f6620f7e178a9b59dcd2d970
rathena-master/npc_EN/re/merchants/blessed_refiner.txt,دون تغيير,39a45eb392fff09e56cae54ac6c57e8f6b783204d84f85cab4df3c2e67be7057,39a45eb392fff09e56cae54ac6c57e8f6b783204d84f85cab4df3c2e67be7057
rathena-master/npc_EN/re/merchants/card_exchange.txt,دون تغيير,32fb07d7be6da801c3433938d08f40804268a5ff2717166eba25bfc7ca461953,32fb07d7be6da801c3433938d08f40804268a5ff2717166eba25bfc7ca461953
rathena-master/npc_EN/re/merchants/card_separation.txt,دون تغيير,202e08891be54b75b7e34d4a8474f8d884e2e1fe8b6796d974e78b1d16098da3,202e08891be54b75b7e34d4a8474f8d884e2e1fe8b6796d974e78b1d16098da3
rathena-master/npc_EN/re/merchants/cash_trader-idRO.txt,دون تغيير,42d04c56c6d45e3905676646473a6d6a5bcb31b97c4cc7b7c2e82503267f0207,42d04c56c6d45e3905676646473a6d6a5bcb31b97c4cc7b7c2e82503267f0207
rathena-master/npc_EN/re/merchants/cashmall.txt,دون تغيير,5a379929ff816045a4eddb98d7130f7afde7c909410d381cea6e4793aa64ff11,5a379929ff816045a4eddb98d7130f7afde7c909410d381cea6e4793aa64ff11
rathena-master/npc_EN/re/merchants/catalog.txt,دون تغيير,e11f68d0032387cfd0b4be55d96d380b329f467d26d89ea6849eaff0939fce8d,e11f68d0032387cfd0b4be55d96d380b329f467d26d89ea6849eaff0939fce8d
rathena-master/npc_EN/re/merchants/clothing_buff_removal.txt,دون تغيير,bad3cc273b82d27da95d4962926570dc09a440d8ab927e6947c81efd06a9979e,bad3cc273b82d27da95d4962926570dc09a440d8ab927e6947c81efd06a9979e
rathena-master/npc_EN/re/merchants/coin_exchange.txt,دون تغيير,3e58b67c419bfd8a1f537108750ceb82faa44abd3439183c4e31648c04b5e12a,3e58b67c419bfd8a1f537108750ceb82faa44abd3439183c4e31648c04b5e12a
rathena-master/npc_EN/re/merchants/diamond.txt,دون تغيير,5d3e9af0d5ec03ab56567da8ed77084c812feaf9e420cffbdf46e4690f01df0b,5d3e9af0d5ec03ab56567da8ed77084c812feaf9e420cffbdf46e4690f01df0b
rathena-master/npc_EN/re/merchants/eden_market.txt,دون تغيير,73b5b6f5cf324b53027029cba50815bd74ae0a2170f584f8801ecdc40282804c,73b5b6f5cf324b53027029cba50815bd74ae0a2170f584f8801ecdc40282804c
rathena-master/npc_EN/re/merchants/enchan_edda_half_moon.txt,دون تغيير,60fbe44c8855114b06df604fd54c0cda3c0ce8982b377c058f027a69944017f8,60fbe44c8855114b06df604fd54c0cda3c0ce8982b377c058f027a69944017f8
rathena-master/npc_EN/re/merchants/enchan_illusion_17_1.txt,دون تغيير,56c671f7db789c8a70b3856098204d009b0b9b16496b5ea17c7d7dc96e40be23,56c671f7db789c8a70b3856098204d009b0b9b16496b5ea17c7d7dc96e40be23
rathena-master/npc_EN/re/merchants/enchan_illusion_dungeons.txt,دون تغيير,d59e10e3547814db53a33b02ed0335abb8a016cf9b0bb1d6d6bc9e4d0af03a6b,d59e10e3547814db53a33b02ed0335abb8a016cf9b0bb1d6d6bc9e4d0af03a6b
rathena-master/npc_EN/re/merchants/enchan_ko.txt,دون تغيير,bdb04d20698bf3a2f2da94babe6e2fc0419e7ded17106b1de1ded77c1e416388,bdb04d20698bf3a2f2da94babe6e2fc0419e7ded17106b1de1ded77c1e416388
rathena-master/npc_EN/re/merchants/enchan_mal.txt,دون تغيير,a5f413e71b063e5933cfc79be210f96ddc402c904d6aeb9c1f9a187f7c94e42f,a5f413e71b063e5933cfc79be210f96ddc402c904d6aeb9c1f9a187f7c94e42f
rathena-master/npc_EN/re/merchants/enchan_mora.txt,دون تغيير,cff58cad6dda6a516507517ea738708080064e31b45f37795a43396d86b2f9ee,cff58cad6dda6a516507517ea738708080064e31b45f37795a43396d86b2f9ee
rathena-master/npc_EN/re/merchants/enchan_rockridge.txt,دون تغيير,f79715396270256cf15cb6cb6343e6c60215850d6f446035993b501f08557067,f79715396270256cf15cb6cb6343e6c60215850d6f446035993b501f08557067
rathena-master/npc_EN/re/merchants/enchan_sage_legacy_17_2.txt,دون تغيير,5c9b15c16149e4337fc07cb39ca1ffc076663456f9eaa4b234fdaf906ca93572,5c9b15c16149e4337fc07cb39ca1ffc076663456f9eaa4b234fdaf906ca93572
rathena-master/npc_EN/re/merchants/enchan_upg.txt,دون تغيير,8ff80baafee20a134648436e2dd871b8732db915e380aab97e6c4096cd76c42a,8ff80baafee20a134648436e2dd871b8732db915e380aab97e6c4096cd76c42a
rathena-master/npc_EN/re/merchants/enchan_verus.txt,دون تغيير,cafc0e3074668c852d0855fa61c5c598576fce0fb9da8c8f13d9055c8287d0b9,cafc0e3074668c852d0855fa61c5c598576fce0fb9da8c8f13d9055c8287d0b9
rathena-master/npc_EN/re/merchants/enchantgrade.txt,دون تغيير,a8f7ed6e0aa24c79121a6b2676122fb504b19d340934fdf1db0f3b0c1f952fea,a8f7ed6e0aa24c79121a6b2676122fb504b19d340934fdf1db0f3b0c1f952fea
rathena-master/npc_EN/re/merchants/flute.txt,دون تغيير,bed4b6bdb81ff07d7f1f250236a45fe3db711c8d255a4a4a7ff4451808c9970d,bed4b6bdb81ff07d7f1f250236a45fe3db711c8d255a4a4a7ff4451808c9970d
rathena-master/npc_EN/re/merchants/ghost_palace_exchange.txt,دون تغيير,d5b0d77e655981d924115c158205c1cf22985063345b943e5572f78ca57018c7,d5b0d77e655981d924115c158205c1cf22985063345b943e5572f78ca57018c7
rathena-master/npc_EN/re/merchants/gld_mission_exchange.txt,دون تغيير,09627adce37b5190a95587534fd821cb141f170b9a9c8a085d92f603428cdecf,09627adce37b5190a95587534fd821cb141f170b9a9c8a085d92f603428cdecf
rathena-master/npc_EN/re/merchants/guild_warehouse.txt,دون تغيير,9b7390d4baf6e53293b0c18bf680f44c0d88b231ca3a07c2659da84fc7429a5b,9b7390d4baf6e53293b0c18bf680f44c0d88b231ca3a07c2659da84fc7429a5b
rathena-master/npc_EN/re/merchants/hd_refiner.txt,دون تغيير,7b170054f11e0812b0128d63b853c8a0d79e0c377e560a6c36669e15e9b701e0,7b170054f11e0812b0128d63b853c8a0d79e0c377e560a6c36669e15e9b701e0
rathena-master/npc_EN/re/merchants/malangdo_costume.txt,دون تغيير,84e8a8da8a4005029f4a5d48e4ac4e9ced3cb8da613b6b755ef860b7ee204b56,84e8a8da8a4005029f4a5d48e4ac4e9ced3cb8da613b6b755ef860b7ee204b56
rathena-master/npc_EN/re/merchants/moro_cav_exchange.txt,دون تغيير,60562b7eeb60dfe9054513a7140dc497baef0ad17449788cb02455df2519707f,60562b7eeb60dfe9054513a7140dc497baef0ad17449788cb02455df2519707f
rathena-master/npc_EN/re/merchants/mysterious_cookie_shop.txt,دون تغيير,1112f383bc16afcd3db4c6d6233327d1317d4f1d965eda6b52c150da0fed1a74,1112f383bc16afcd3db4c6d6233327d1317d4f1d965eda6b52c150da0fed1a74
rathena-master/npc_EN/re/merchants/new_insurance.txt,دون تغيير,82d33db1e90ea04da584c0eb2e13d2827c9b61cd2fadc33ec99800a9c3a75f20,82d33db1e90ea04da584c0eb2e13d2827c9b61cd2fadc33ec99800a9c3a75f20
rathena-master/npc_EN/re/merchants/nightmare_biolab.txt,دون تغيير,e78cc4896bf081430122e856102e65219432acc9e27bcb6cbc3cae02f28c74e4,e78cc4896bf081430122e856102e65219432acc9e27bcb6cbc3cae02f28c74e4
rathena-master/npc_EN/re/merchants/novice_vending_machine.txt,دون تغيير,bdf0c871872b37f292bf88ff68e3400198742a2f6e02f41887c74a7ae0bfdc61,bdf0c871872b37f292bf88ff68e3400198742a2f6e02f41887c74a7ae0bfdc61
rathena-master/npc_EN/re/merchants/pet_groomer.txt,دون تغيير,5df87fd4d1ac97bbddc3b59b8580e05907294df2e37e16d11524be0cfee02d6e,5df87fd4d1ac97bbddc3b59b8580e05907294df2e37e16d11524be0cfee02d6e
rathena-master/npc_EN/re/merchants/pet_trader.txt,دون تغيير,574a1bcbdbc7db67cb654570c7e8ed4c87ffb0927f633f43d0689df4355a33d9,574a1bcbdbc7db67cb654570c7e8ed4c87ffb0927f633f43d0689df4355a33d9
rathena-master/npc_EN/re/merchants/quests_exp_175.txt,دون تغيير,3025a4ce3421c915c1befc8e2d19a1a613791498e36af2a37954bce8d0e90734,3025a4ce3421c915c1befc8e2d19a1a613791498e36af2a37954bce8d0e90734
rathena-master/npc_EN/re/merchants/quivers.txt,دون تغيير,223970a0c27f9289a49cffb5b9604878ae9d7a62db031e773ee64ee3f4557230,223970a0c27f9289a49cffb5b9604878ae9d7a62db031e773ee64ee3f4557230
rathena-master/npc_EN/re/merchants/refine.txt,دون تغيير,02057a191117edebbd0916f944ab9331ca6e4b20c18329b73af05c0cc0953ac5,02057a191117edebbd0916f944ab9331ca6e4b20c18329b73af05c0cc0953ac5
rathena-master/npc_EN/re/merchants/renters.txt,دون تغيير,5c6c44caff4cff9d19b8867d7bf4741dd587596368a22c54e0a4e26ea862865b,5c6c44caff4cff9d19b8867d7bf4741dd587596368a22c54e0a4e26ea862865b
rathena-master/npc_EN/re/merchants/rgsr_in.txt,دون تغيير,505a202218febe2c2c09edcba215b612bfb55f01e69c26fc24610fc6b7cc6856,505a202218febe2c2c09edcba215b612bfb55f01e69c26fc24610fc6b7cc6856
rathena-master/npc_EN/re/merchants/shadow_refiner.txt,دون تغيير,7c4e87a792db683dcc96727a3819bd24f3036c19f8f93422e37d46d0df5060c4,7c4e87a792db683dcc96727a3819bd24f3036c19f8f93422e37d46d0df5060c4
rathena-master/npc_EN/re/merchants/shopping_boards.txt,دون تغيير,1b1f24efc3bf5ad986859c258c6049df3554984b42baa3b1df538f5d3137ea9b,1b1f24efc3bf5ad986859c258c6049df3554984b42baa3b1df538f5d3137ea9b
rathena-master/npc_EN/re/merchants/shops.txt,دون تغيير,6aadbfbdfa1a317080c9539fe6da46d5ade89e8e5ba57d15267dde36a5a9d7c0,6aadbfbdfa1a317080c9539fe6da46d5ade89e8e5ba57d15267dde36a5a9d7c0
rathena-master/npc_EN/re/merchants/socket_enchant2.txt,دون تغيير,a1e9174727864ad315755730e8b5b9952b1ee4924cda3c7bae01c0a3cdbe566e,a1e9174727864ad315755730e8b5b9952b1ee4924cda3c7bae01c0a3cdbe566e
rathena-master/npc_EN/re/merchants/te_merchant.txt,دون تغيير,5074c4988c9e825393029dd38169c0057e0276695d17c593b7fbaaf7acca75de,5074c4988c9e825393029dd38169c0057e0276695d17c593b7fbaaf7acca75de
rathena-master/npc_EN/re/merchants/ticket_refiner.txt,دون تغيير,9753fb89de0517578b2e480064729ed3a0aae772be11b697043b7ce60878e2f6,9753fb89de0517578b2e480064729ed3a0aae772be11b697043b7ce60878e2f6
rathena-master/npc_EN/re/mobs/academy.txt,دون تغيير,21d8445bdc9abfdd629ab50957ffe3ca556bb37d802e365643d8a739dbcde5b8,21d8445bdc9abfdd629ab50957ffe3ca556bb37d802e365643d8a739dbcde5b8
rathena-master/npc_EN/re/mobs/championmobs.txt,دون تغيير,4699d2bbbdc3dfb1348bf8604febe7b4ce918f01e545c196caef6f17bf83fa8b,4699d2bbbdc3dfb1348bf8604febe7b4ce918f01e545c196caef6f17bf83fa8b
rathena-master/npc_EN/re/mobs/dungeons/abbey.txt,دون تغيير,84786d0e98bdea35571ae201fa81bf64588d011cbe35f3e1824efd878e50b33c,84786d0e98bdea35571ae201fa81bf64588d011cbe35f3e1824efd878e50b33c
rathena-master/npc_EN/re/mobs/dungeons/abyss.txt,دون تغيير,9a32ed755f62e473181ffb24bd83a23a07c416606752c0898f84f2e395304c10,9a32ed755f62e473181ffb24bd83a23a07c416606752c0898f84f2e395304c10
rathena-master/npc_EN/re/mobs/dungeons/alde_dun.txt,دون تغيير,059669ab83d464c968bca340cb98c3130873fc8f959fb5daf44b1f3a90cd6706,059669ab83d464c968bca340cb98c3130873fc8f959fb5daf44b1f3a90cd6706
rathena-master/npc_EN/re/mobs/dungeons/ama_dun.txt,دون تغيير,37af6b8bca1b0836bb9b0e4adb1cf064006ad67802de2775338e4164e8e34cd7,37af6b8bca1b0836bb9b0e4adb1cf064006ad67802de2775338e4164e8e34cd7
rathena-master/npc_EN/re/mobs/dungeons/amicitia.txt,دون تغيير,4dc98aec2ad7a42fd883d0473c24f7401b8285b3d8cf89cff0a514602f5274c9,4dc98aec2ad7a42fd883d0473c24f7401b8285b3d8cf89cff0a514602f5274c9
rathena-master/npc_EN/re/mobs/dungeons/anthell.txt,دون تغيير,eecbdcc7fd3b6588d7a82da381e5bd5ba0d3b0a3d5f30e1e5e14ea1b6fd83ecf,eecbdcc7fd3b6588d7a82da381e5bd5ba0d3b0a3d5f30e1e5e14ea1b6fd83ecf
rathena-master/npc_EN/re/mobs/dungeons/ayo_dun.txt,دون تغيير,156f00f082e0a8d2b199d7386c28ca4a2c4be844cf0e7e4ae50315e747a6892b,156f00f082e0a8d2b199d7386c28ca4a2c4be844cf0e7e4ae50315e747a6892b
rathena-master/npc_EN/re/mobs/dungeons/ba_2whs.txt,دون تغيير,40dc5a44b796d0bb3b0c5bd00f839f2e963e229916bef92b90ae2d6bb265c053,40dc5a44b796d0bb3b0c5bd00f839f2e963e229916bef92b90ae2d6bb265c053
rathena-master/npc_EN/re/mobs/dungeons/ba_bath.txt,دون تغيير,e8bd9438eb10d3ba3c4b9d93adfafda97cff3abb5aba9ea1debecc6104cad594,e8bd9438eb10d3ba3c4b9d93adfafda97cff3abb5aba9ea1debecc6104cad594
rathena-master/npc_EN/re/mobs/dungeons/ba_lib.txt,دون تغيير,be722c971125835c41302bdba602a0bab934c5e4af33bde949942a52069fde17,be722c971125835c41302bdba602a0bab934c5e4af33bde949942a52069fde17
rathena-master/npc_EN/re/mobs/dungeons/ba_pw.txt,دون تغيير,3cb2308cb9ed8a3f48640bcb1396b157c5db0918594dcc115e8783c962804fc5,3cb2308cb9ed8a3f48640bcb1396b157c5db0918594dcc115e8783c962804fc5
rathena-master/npc_EN/re/mobs/dungeons/beach_dun.txt,دون تغيير,1c54426739fa45d7767c6f3d48e2247acf0f2ef456e717830cab5fe96c47939e,1c54426739fa45d7767c6f3d48e2247acf0f2ef456e717830cab5fe96c47939e
rathena-master/npc_EN/re/mobs/dungeons/bra_dun.txt,دون تغيير,64ffc8bdbf9f2a25e4c2a1c2cd772610bd0a8ca52c1fe31ccc4a5e09fd2affd9,64ffc8bdbf9f2a25e4c2a1c2cd772610bd0a8ca52c1fe31ccc4a5e09fd2affd9
rathena-master/npc_EN/re/mobs/dungeons/c_tower.txt,دون تغيير,3287a528967e3126b91deeaf4304fe88359326fd277d90db4766d47c1aebf721,3287a528967e3126b91deeaf4304fe88359326fd277d90db4766d47c1aebf721
rathena-master/npc_EN/re/mobs/dungeons/dew_dun.txt,دون تغيير,4e752d5841c475c67b6d50b503fb0c8d6260b95a666c361c832798a7a26def44,4e752d5841c475c67b6d50b503fb0c8d6260b95a666c361c832798a7a26def44
rathena-master/npc_EN/re/mobs/dungeons/dic_dun.txt,دون تغيير,02c3ac6e86739259d99d5d791abdcbc134cb31f27562a052fd93ce5072e18711,02c3ac6e86739259d99d5d791abdcbc134cb31f27562a052fd93ce5072e18711
rathena-master/npc_EN/re/mobs/dungeons/ecl_tdun.txt,دون تغيير,531dec3fc737e18bf63051eb71726c39f95cc6d74a00bdd7ed536e6f589d1451,531dec3fc737e18bf63051eb71726c39f95cc6d74a00bdd7ed536e6f589d1451
rathena-master/npc_EN/re/mobs/dungeons/ein_dun.txt,دون تغيير,a5749a1adf19aebf4194150590c1ae778dcd63b07e9c91794726cc1e492f0222,a5749a1adf19aebf4194150590c1ae778dcd63b07e9c91794726cc1e492f0222
rathena-master/npc_EN/re/mobs/dungeons/for_dun.txt,دون تغيير,7f58467f836d58573b6ae7f0d5473f9712a47be091363ac8fe917b994b03313d,7f58467f836d58573b6ae7f0d5473f9712a47be091363ac8fe917b994b03313d
rathena-master/npc_EN/re/mobs/dungeons/gef_dun.txt,دون تغيير,b420cb70fb7e38be788e697e4845f83c4447b1cfe0a194a8232a6cc337d6a05d,b420cb70fb7e38be788e697e4845f83c4447b1cfe0a194a8232a6cc337d6a05d
rathena-master/npc_EN/re/mobs/dungeons/gefenia.txt,دون تغيير,b08f9a7c6c4c1f29b6e2c56bb6a432efb64061b5d50e8b50b4fab942adc056af,b08f9a7c6c4c1f29b6e2c56bb6a432efb64061b5d50e8b50b4fab942adc056af
rathena-master/npc_EN/re/mobs/dungeons/glastheim.txt,دون تغيير,4f6fef4122122269f92be4fd5b8f127dbba076bc4de4466319e634db0e6a76b5,4f6fef4122122269f92be4fd5b8f127dbba076bc4de4466319e634db0e6a76b5
rathena-master/npc_EN/re/mobs/dungeons/gld_dunSE.txt,دون تغيير,f9270572005451d0ff9df3aa948b37b50c6c5e826e4808e7dc37c4f00b27cb68,f9270572005451d0ff9df3aa948b37b50c6c5e826e4808e7dc37c4f00b27cb68
rathena-master/npc_EN/re/mobs/dungeons/gld_re.txt,دون تغيير,e051ceb295dcb04768d12a844ba98399d80e886420c5436fc155f06ed99a0434,e051ceb295dcb04768d12a844ba98399d80e886420c5436fc155f06ed99a0434
rathena-master/npc_EN/re/mobs/dungeons/gon_dun.txt,دون تغيير,25fb732a1340395d419fc47e55968a5a24423386d55ee135b7b896ed34d2d939,25fb732a1340395d419fc47e55968a5a24423386d55ee135b7b896ed34d2d939
rathena-master/npc_EN/re/mobs/dungeons/ice_dun.txt,دون تغيير,aa23d1bcd0620442376393c2630eb521065d5f9350d46c996f4bf45209a23a16,aa23d1bcd0620442376393c2630eb521065d5f9350d46c996f4bf45209a23a16
rathena-master/npc_EN/re/mobs/dungeons/in_sphinx.txt,دون تغيير,c41bc5d4e4a8171f2dfe8db0c092a8ad59b20830e479e2560065f09dc03e024a,c41bc5d4e4a8171f2dfe8db0c092a8ad59b20830e479e2560065f09dc03e024a
rathena-master/npc_EN/re/mobs/dungeons/iz_dun.txt,دون تغيير,0a617666b1994bfcfd4043d635ed1e4de4706787fb38c196461ae70faba9962b,0a617666b1994bfcfd4043d635ed1e4de4706787fb38c196461ae70faba9962b
rathena-master/npc_EN/re/mobs/dungeons/juperos.txt,دون تغيير,abb42d6f3d2510e2145f1cf197ae10b147dcd6daf0dd44fdda9c34f3864f2b11,abb42d6f3d2510e2145f1cf197ae10b147dcd6daf0dd44fdda9c34f3864f2b11
rathena-master/npc_EN/re/mobs/dungeons/kh_dun.txt,دون تغيير,6106182034878098973df830ccf73244415c13a2ece08a0f8b4a254b91270be0,6106182034878098973df830ccf73244415c13a2ece08a0f8b4a254b91270be0
rathena-master/npc_EN/re/mobs/dungeons/lhz_dun.txt,دون تغيير,2f8db1c24b4acfd83caa383184ffe60957a63c880ff05a849fa4cdbf5125b124,2f8db1c24b4acfd83caa383184ffe60957a63c880ff05a849fa4cdbf5125b124
rathena-master/npc_EN/re/mobs/dungeons/lhz_dun_n.txt,دون تغيير,7efbb1115a6dc76f2305c7a9b8d919c19793c568a020e163a00fc9c334e58fce,7efbb1115a6dc76f2305c7a9b8d919c19793c568a020e163a00fc9c334e58fce
rathena-master/npc_EN/re/mobs/dungeons/lou_dun.txt,دون تغيير,fb63b38dcef817d2590d55b2823966bd7a9607441197d20a880d65446e9fe38c,fb63b38dcef817d2590d55b2823966bd7a9607441197d20a880d65446e9fe38c
rathena-master/npc_EN/re/mobs/dungeons/ma_dun.txt,دون تغيير,fe48f839ab4aedd648737725625d0c2418e9bf690cc69726eed8faf04cdf6e76,fe48f839ab4aedd648737725625d0c2418e9bf690cc69726eed8faf04cdf6e76
rathena-master/npc_EN/re/mobs/dungeons/mag_dun.txt,دون تغيير,4ebd5a1fabd674c78e4c05130c9dae6da85e252861f65076f4a8566c4a59c3fc,4ebd5a1fabd674c78e4c05130c9dae6da85e252861f65076f4a8566c4a59c3fc
rathena-master/npc_EN/re/mobs/dungeons/mal_dun.txt,دون تغيير,7678609ce1c552013f8fb60b5f989a33d0f381a7f797ccc4285234f4dd1091c4,7678609ce1c552013f8fb60b5f989a33d0f381a7f797ccc4285234f4dd1091c4
rathena-master/npc_EN/re/mobs/dungeons/mjo_dun.txt,دون تغيير,9ea2f083329d65f5e38badfa402833a26a825aad50a44af8d89fcb1867f52992,9ea2f083329d65f5e38badfa402833a26a825aad50a44af8d89fcb1867f52992
rathena-master/npc_EN/re/mobs/dungeons/moc_pryd.txt,دون تغيير,d6e48f0f55bcfb4a4e4912c2d219da70a27a5625b630aa241e90d1b1af892cf2,d6e48f0f55bcfb4a4e4912c2d219da70a27a5625b630aa241e90d1b1af892cf2
rathena-master/npc_EN/re/mobs/dungeons/moro_vol.txt,دون تغيير,05f52272907f8a794964d0918ca8c6b3988f58c46e6b808030d346ffbf54f3dc,05f52272907f8a794964d0918ca8c6b3988f58c46e6b808030d346ffbf54f3dc
rathena-master/npc_EN/re/mobs/dungeons/mosk_dun.txt,دون تغيير,b4c8dd2382b16efc4287567f6300b63245a6b0733a55bcdcc7c546f703c36e97,b4c8dd2382b16efc4287567f6300b63245a6b0733a55bcdcc7c546f703c36e97
rathena-master/npc_EN/re/mobs/dungeons/nif_dun.txt,دون تغيير,47b15a0cba0dc45edabe0cadc8fce3e44d3b253655d1622975c71968a7c1fe07,47b15a0cba0dc45edabe0cadc8fce3e44d3b253655d1622975c71968a7c1fe07
rathena-master/npc_EN/re/mobs/dungeons/nyd_dun.txt,دون تغيير,10be73042512ba0efccb344bc58543352ee7b2f117b52517f9470a7874b8dc05,10be73042512ba0efccb344bc58543352ee7b2f117b52517f9470a7874b8dc05
rathena-master/npc_EN/re/mobs/dungeons/odin.txt,دون تغيير,234c78aaa81402e45577b4bcb472d2e1480243fb8c1808aea48f3eed9da0d040,234c78aaa81402e45577b4bcb472d2e1480243fb8c1808aea48f3eed9da0d040
rathena-master/npc_EN/re/mobs/dungeons/orcsdun.txt,دون تغيير,75f59b45c14a377c75d5e5de18a8140cb78ece9510bbda526fcbe30602cc1c6c,75f59b45c14a377c75d5e5de18a8140cb78ece9510bbda526fcbe30602cc1c6c
rathena-master/npc_EN/re/mobs/dungeons/oz_dun.txt,دون تغيير,0c1899946ec56bbfb71cf3615f1bc68b267277fde2103f04fb4569f0c2b105cf,0c1899946ec56bbfb71cf3615f1bc68b267277fde2103f04fb4569f0c2b105cf
rathena-master/npc_EN/re/mobs/dungeons/pay_dun.txt,دون تغيير,5c6b13fb74b1c2ff2b3e4071d261a7ac95ad74a6ba622a471d9306a05210ccea,5c6b13fb74b1c2ff2b3e4071d261a7ac95ad74a6ba622a471d9306a05210ccea
rathena-master/npc_EN/re/mobs/dungeons/prt_maze.txt,دون تغيير,2f8c8310a7939a5b0197365e6bf5b692ac9a6ce70a40451934d7671a13789ca9,2f8c8310a7939a5b0197365e6bf5b692ac9a6ce70a40451934d7671a13789ca9
rathena-master/npc_EN/re/mobs/dungeons/prt_prison.txt,دون تغيير,bc7bba11d3305b1ee2bb242a211e62376dd4259d10535ca4494cf2bb292451ba,bc7bba11d3305b1ee2bb242a211e62376dd4259d10535ca4494cf2bb292451ba
rathena-master/npc_EN/re/mobs/dungeons/prt_q.txt,دون تغيير,cff19e37daf846194e6469ec159fa22099080a211e741ba32764c7b4cd9b536d,cff19e37daf846194e6469ec159fa22099080a211e741ba32764c7b4cd9b536d
rathena-master/npc_EN/re/mobs/dungeons/prt_sew.txt,دون تغيير,e48184d99e5e7d6f354996ebc88fd3f7ddeee964e25c52aabb387b59e57cb0b5,e48184d99e5e7d6f354996ebc88fd3f7ddeee964e25c52aabb387b59e57cb0b5
rathena-master/npc_EN/re/mobs/dungeons/ra_san.txt,دون تغيير,149f6044f080ded56c702c0306ab4860738069aa55aaf99cd7922c476a499f60,149f6044f080ded56c702c0306ab4860738069aa55aaf99cd7922c476a499f60
rathena-master/npc_EN/re/mobs/dungeons/rockridge.txt,دون تغيير,634dee51c7af3c142568840fea06be40bc462b2d573d90bf538d2fe309c2dd82,634dee51c7af3c142568840fea06be40bc462b2d573d90bf538d2fe309c2dd82
rathena-master/npc_EN/re/mobs/dungeons/slabw01.txt,دون تغيير,373fee1df3661da57d4797e847581f2414cb4344d1959e378e531cf45b25e0c0,373fee1df3661da57d4797e847581f2414cb4344d1959e378e531cf45b25e0c0
rathena-master/npc_EN/re/mobs/dungeons/sp_rudus.txt,دون تغيير,1b621e22fa1134c728a7a5a36bc4e080f8b6969e305ca11a745977569bb12be2,1b621e22fa1134c728a7a5a36bc4e080f8b6969e305ca11a745977569bb12be2
rathena-master/npc_EN/re/mobs/dungeons/teg_dun.txt,دون تغيير,e4bf50d736a1ba67772fea45a2e1d01c9ecd1e72bd40c7cd8fcbdc7bf3d86ba7,e4bf50d736a1ba67772fea45a2e1d01c9ecd1e72bd40c7cd8fcbdc7bf3d86ba7
rathena-master/npc_EN/re/mobs/dungeons/tha_t.txt,دون تغيير,09f1e8e121d8b3f2631f547f6c08786d8eef9ad62f9f0295a49602d974b31428,09f1e8e121d8b3f2631f547f6c08786d8eef9ad62f9f0295a49602d974b31428
rathena-master/npc_EN/re/mobs/dungeons/thor_v.txt,دون تغيير,2af744ae14a7ab2ec05c325d56602fb836b9e747ab44aa7a330be78cceb71c2d,2af744ae14a7ab2ec05c325d56602fb836b9e747ab44aa7a330be78cceb71c2d
rathena-master/npc_EN/re/mobs/dungeons/treasure.txt,دون تغيير,e0f00f7c394ecd3e3cef130ffd8444c73c1e3de2d9d80f2a9327d962c66be2d2,e0f00f7c394ecd3e3cef130ffd8444c73c1e3de2d9d80f2a9327d962c66be2d2
rathena-master/npc_EN/re/mobs/dungeons/tur_dun.txt,دون تغيير,5f9dc62fe39b36005ac3ca9ee06a42dd1cd3874621a8d7c9ab49a37949acd139,5f9dc62fe39b36005ac3ca9ee06a42dd1cd3874621a8d7c9ab49a37949acd139
rathena-master/npc_EN/re/mobs/dungeons/xmas_dun.txt,دون تغيير,273e8dd65a697dce77d9d2aad89b4f26efe5eb3ca1de65eb0bed439ce5f1159a,273e8dd65a697dce77d9d2aad89b4f26efe5eb3ca1de65eb0bed439ce5f1159a
rathena-master/npc_EN/re/mobs/dungeons/yggdrasil.txt,دون تغيير,62f4abc67b44a1d72907df3c3b3f6615dc1581a91546d866308d9bd679428209,62f4abc67b44a1d72907df3c3b3f6615dc1581a91546d866308d9bd679428209
rathena-master/npc_EN/re/mobs/fields/amatsu.txt,دون تغيير,dd913bec6e8101bc1b465e2f7f50b250f2d25d6f6b41621964927087b464537e,dd913bec6e8101bc1b465e2f7f50b250f2d25d6f6b41621964927087b464537e
rathena-master/npc_EN/re/mobs/fields/ayothaya.txt,دون تغيير,1a88a20f7be1046d7e8ea7c5fe1898f5e3a55738751e8f42698fb53b1fc6da2b,1a88a20f7be1046d7e8ea7c5fe1898f5e3a55738751e8f42698fb53b1fc6da2b
rathena-master/npc_EN/re/mobs/fields/ba_lost.txt,دون تغيير,ddf880970e75f3dc03b63a48e3c071009aa067d7ac35e5c85ec0a708014361c0,ddf880970e75f3dc03b63a48e3c071009aa067d7ac35e5c85ec0a708014361c0
rathena-master/npc_EN/re/mobs/fields/ba_maison.txt,دون تغيير,237642ab4165edbdde9b8f1f965c7ea8901dbe0ea99192186344773aed383024,237642ab4165edbdde9b8f1f965c7ea8901dbe0ea99192186344773aed383024
rathena-master/npc_EN/re/mobs/fields/bifrost.txt,دون تغيير,ad821725e1001da14c4a5968763fb5921ecb276caea6fe36c02f59da5c40a8b1,ad821725e1001da14c4a5968763fb5921ecb276caea6fe36c02f59da5c40a8b1
rathena-master/npc_EN/re/mobs/fields/brasilis.txt,دون تغيير,aca15e1cefaad2e705ad58b78b2edc98516dd23faa8111cf346f41a3f28d74fb,aca15e1cefaad2e705ad58b78b2edc98516dd23faa8111cf346f41a3f28d74fb
rathena-master/npc_EN/re/mobs/fields/comodo.txt,دون تغيير,b7d576cebd363e418778e9778deca7e6739bf1963a697b0c9ac0bf13efd424d8,b7d576cebd363e418778e9778deca7e6739bf1963a697b0c9ac0bf13efd424d8
rathena-master/npc_EN/re/mobs/fields/dewata.txt,دون تغيير,2a03087e7791ac16c94987992c61ac54375399fdbc08895f27c5d94d43b01d38,2a03087e7791ac16c94987992c61ac54375399fdbc08895f27c5d94d43b01d38
rathena-master/npc_EN/re/mobs/fields/dicastes.txt,دون تغيير,4016b026f76eec02c0058161176e6cb353d3b475a076804f71015d5895fe2fca,4016b026f76eec02c0058161176e6cb353d3b475a076804f71015d5895fe2fca
rathena-master/npc_EN/re/mobs/fields/eclage.txt,دون تغيير,0a2a37152f5d3732d26cbdc4ec59393e6690444fcdaae9ca1bd28f817d24bbcf,0a2a37152f5d3732d26cbdc4ec59393e6690444fcdaae9ca1bd28f817d24bbcf
rathena-master/npc_EN/re/mobs/fields/einbroch.txt,دون تغيير,477d66841d4e12c329cca52cc9f1a67f5d7343b400921b74b597393e5bb96cfd,477d66841d4e12c329cca52cc9f1a67f5d7343b400921b74b597393e5bb96cfd
rathena-master/npc_EN/re/mobs/fields/geffen.txt,دون تغيير,3a953deb5804e1e3cd7ab79df48a5a2c09dc1227b6851ffb1ef3973c1bb64370,3a953deb5804e1e3cd7ab79df48a5a2c09dc1227b6851ffb1ef3973c1bb64370
rathena-master/npc_EN/re/mobs/fields/gonryun.txt,دون تغيير,3f62be935ddfe6d0ab6aa307eb7b03bc6aca9bc17b630d20fbcc63d13cff1895,3f62be935ddfe6d0ab6aa307eb7b03bc6aca9bc17b630d20fbcc63d13cff1895
rathena-master/npc_EN/re/mobs/fields/gw_fild.txt,دون تغيير,8eb67ec77e829e18c6430f5fda6d76a3413467bec3e85e6f38e1c4582105986a,8eb67ec77e829e18c6430f5fda6d76a3413467bec3e85e6f38e1c4582105986a
rathena-master/npc_EN/re/mobs/fields/hugel.txt,دون تغيير,374b2233a13e86a2bc8972c7aec881cfd686d43a7d5dfebe72dc427729d9082d,374b2233a13e86a2bc8972c7aec881cfd686d43a7d5dfebe72dc427729d9082d
rathena-master/npc_EN/re/mobs/fields/lighthalzen.txt,دون تغيير,a9f02b5fb6bcf28f8cdf283b08ae816ea31585c651d9771426ea30d0e7b5130d,a9f02b5fb6bcf28f8cdf283b08ae816ea31585c651d9771426ea30d0e7b5130d
rathena-master/npc_EN/re/mobs/fields/louyang.txt,دون تغيير,e83df71b25c862a3e70b512fc4f75e27f40c0dbe6770e689b9b18e32b4c171e2,e83df71b25c862a3e70b512fc4f75e27f40c0dbe6770e689b9b18e32b4c171e2
rathena-master/npc_EN/re/mobs/fields/lutie.txt,دون تغيير,ed7ee1f2c84259df8afd49d0847b7160cc0c46ae8593e4ece65105bb27314747,ed7ee1f2c84259df8afd49d0847b7160cc0c46ae8593e4ece65105bb27314747
rathena-master/npc_EN/re/mobs/fields/malaya.txt,دون تغيير,dacbfe4276c3f90f8395b07ad218330635450b02c0adead83022f69090767c73,dacbfe4276c3f90f8395b07ad218330635450b02c0adead83022f69090767c73
rathena-master/npc_EN/re/mobs/fields/manuk.txt,دون تغيير,de3427761d09248ed1e5f51f0118beb5c9b4d08b5f253e34bae363f67a7d1c7d,de3427761d09248ed1e5f51f0118beb5c9b4d08b5f253e34bae363f67a7d1c7d
rathena-master/npc_EN/re/mobs/fields/mjolnir.txt,دون تغيير,3606ed6738d10b527beb3d41d2295d7cdf43a23a60a87638bef33effa84f2417,3606ed6738d10b527beb3d41d2295d7cdf43a23a60a87638bef33effa84f2417
rathena-master/npc_EN/re/mobs/fields/morocc.txt,دون تغيير,5390ada6c419332cc0981d7804ec76fc5ee5c14e0f32a91c0a8120bbe1c2fc3c,5390ada6c419332cc0981d7804ec76fc5ee5c14e0f32a91c0a8120bbe1c2fc3c
rathena-master/npc_EN/re/mobs/fields/moscovia.txt,دون تغيير,d78807c78252811a5d8d6bc914e4f7fa746726f9600de22c4ed9063101bc44a1,d78807c78252811a5d8d6bc914e4f7fa746726f9600de22c4ed9063101bc44a1
rathena-master/npc_EN/re/mobs/fields/niflheim.txt,دون تغيير,420b55fc74c78e91080975921aeec1246cc935b88e416e3af7b0625728c5411d,420b55fc74c78e91080975921aeec1246cc935b88e416e3af7b0625728c5411d
rathena-master/npc_EN/re/mobs/fields/payon.txt,دون تغيير,88f1d0a2c76de75c98790a34d01cde14d5e3a044d4b5338cc3865240d33677fc,88f1d0a2c76de75c98790a34d01cde14d5e3a044d4b5338cc3865240d33677fc
rathena-master/npc_EN/re/mobs/fields/prontera.txt,دون تغيير,607211e984c3aaa9c8e5b51b304d5c2cd61b300464de7eb81aeb901195f47922,607211e984c3aaa9c8e5b51b304d5c2cd61b300464de7eb81aeb901195f47922
rathena-master/npc_EN/re/mobs/fields/rachel.txt,دون تغيير,f848bffd0419503addaba8c09e5f672961426168f31f6e5a9a2d31e9920e0925,f848bffd0419503addaba8c09e5f672961426168f31f6e5a9a2d31e9920e0925
rathena-master/npc_EN/re/mobs/fields/rockridge.txt,دون تغيير,1b1ee7a843051b6c9ec6c627214e983dbd0332d6642fc5729c8be50bd4f256ce,1b1ee7a843051b6c9ec6c627214e983dbd0332d6642fc5729c8be50bd4f256ce
rathena-master/npc_EN/re/mobs/fields/splendide.txt,دون تغيير,faf52056845aa804c9cd50fe436bffa792e9143ed282e2cf17d94222868e5ed1,faf52056845aa804c9cd50fe436bffa792e9143ed282e2cf17d94222868e5ed1
rathena-master/npc_EN/re/mobs/fields/umbala.txt,دون تغيير,f2f0eb1617a48ccc29188bee12db4eedd7c1f9c7085b1904ebc70ec7ee8b0408,f2f0eb1617a48ccc29188bee12db4eedd7c1f9c7085b1904ebc70ec7ee8b0408
rathena-master/npc_EN/re/mobs/fields/veins.txt,دون تغيير,4d28311f66a7953c492d02879582672a22438d990e650d3eb6b0f1e18a6a3d2f,4d28311f66a7953c492d02879582672a22438d990e650d3eb6b0f1e18a6a3d2f
rathena-master/npc_EN/re/mobs/fields/yuno.txt,دون تغيير,0ac8ff694c51f9358e5560572f6d5296c6a2a72476311041a2e35be1e5cd6d13,0ac8ff694c51f9358e5560572f6d5296c6a2a72476311041a2e35be1e5cd6d13
rathena-master/npc_EN/re/mobs/int_land.txt,دون تغيير,3dfbd4e60365781ad247bc3d2cae09a5b34d41660d589f7cc3d8c3bea510d221,3dfbd4e60365781ad247bc3d2cae09a5b34d41660d589f7cc3d8c3bea510d221
rathena-master/npc_EN/re/mobs/prt_cas.txt,دون تغيير,e54d06df53c4349ca7408e894b275be991789a4bf4f604bf26de1bc7349ebdd2,e54d06df53c4349ca7408e894b275be991789a4bf4f604bf26de1bc7349ebdd2
rathena-master/npc_EN/re/mobs/special_border_area.txt,دون تغيير,13a73d4e252c054e2d4ef94378e2002901e0db5a7f67207720ad4a75d70e6801,13a73d4e252c054e2d4ef94378e2002901e0db5a7f67207720ad4a75d70e6801
rathena-master/npc_EN/re/mobs/towns.txt,دون تغيير,b4bd5dc4074afae4374b4cba900b8e1443f26565e9aa210f3119fcb40ed3fd4d,b4bd5dc4074afae4374b4cba900b8e1443f26565e9aa210f3119fcb40ed3fd4d
rathena-master/npc_EN/re/mobs/tra_fild.txt,دون تغيير,7049221425ee2884f6f68225d0cbb0e8559f13b623f99bce439c8235905b50ee,7049221425ee2884f6f68225d0cbb0e8559f13b623f99bce439c8235905b50ee
rathena-master/npc_EN/re/mobs/tra_fild_123.txt,دون تغيير,7369db867015553d6d69b26f6898bd871da6c6737893018a5599427b0c772dae,7369db867015553d6d69b26f6898bd871da6c6737893018a5599427b0c772dae
rathena-master/npc_EN/re/mobs/verus.txt,دون تغيير,32d3388b4fe06b446fe978a1ec5238cbcc6a7cb3e759c4e76cb94edeababbfe3,32d3388b4fe06b446fe978a1ec5238cbcc6a7cb3e759c4e76cb94edeababbfe3
rathena-master/npc_EN/re/other/CashShop_Functions.txt,دون تغيير,5bb4d60a1ed8381bb693818927a680d7e28182f865b80bd93a50478de1d8daa4,5bb4d60a1ed8381bb693818927a680d7e28182f865b80bd93a50478de1d8daa4
rathena-master/npc_EN/re/other/Global_Functions.txt,دون تغيير,967683138ed21bbf9412a8490dca37e1bec43441bbf17bc8080ef00b317bfa28,967683138ed21bbf9412a8490dca37e1bec43441bbf17bc8080ef00b317bfa28
rathena-master/npc_EN/re/other/TrainingZone123.txt,دون تغيير,67c1808868f52c850db02e210fc2e291427ba3d4c45b0de309add3dae4189cdd,67c1808868f52c850db02e210fc2e291427ba3d4c45b0de309add3dae4189cdd
rathena-master/npc_EN/re/other/achievements.txt,دون تغيير,2667e92f6b37a7f586bb5915d0364b42b14e3eed182f44ae6cfda01543d92390,2667e92f6b37a7f586bb5915d0364b42b14e3eed182f44ae6cfda01543d92390
rathena-master/npc_EN/re/other/adven_boards.txt,دون تغيير,d968dd04bbfe1fac5afb8bc25a7ea2c871e675e40ac76078e5c92caf177e0d01,d968dd04bbfe1fac5afb8bc25a7ea2c871e675e40ac76078e5c92caf177e0d01
rathena-master/npc_EN/re/other/bulletin_boards.txt,دون تغيير,c117ae8889c05ff953b9e1c8fe75feffb3bf12aea820ec8c8a4bb39d3c5f0b58,c117ae8889c05ff953b9e1c8fe75feffb3bf12aea820ec8c8a4bb39d3c5f0b58
rathena-master/npc_EN/re/other/clans.txt,دون تغيير,2850704413a122ed85c964cfce98fdfa160989c49ed79fabebd9ddbf537d1337,2850704413a122ed85c964cfce98fdfa160989c49ed79fabebd9ddbf537d1337
rathena-master/npc_EN/re/other/dimensional_gap.txt,دون تغيير,e2d8b6eac6e9389b472be0b7dd031fc41d33fe5e5b79938bd8784f7ada71b571,e2d8b6eac6e9389b472be0b7dd031fc41d33fe5e5b79938bd8784f7ada71b571
rathena-master/npc_EN/re/other/global_npcs.txt,دون تغيير,587afbd64c7c4a17950ff341bc1e762597a380701b69cf03dd368e93faf17460,587afbd64c7c4a17950ff341bc1e762597a380701b69cf03dd368e93faf17460
rathena-master/npc_EN/re/other/item_merge.txt,دون تغيير,d48e8f7c1cbbd89cfbe31c6273e0c8aa102d6d3a5de9957848827e57d21eaa93,d48e8f7c1cbbd89cfbe31c6273e0c8aa102d6d3a5de9957848827e57d21eaa93
rathena-master/npc_EN/re/other/kachua_key.txt,دون تغيير,8f1c509c5f0df6d1602669feb4ba5234c4fadd07996cb8b032dbf2d210d1ef32,8f1c509c5f0df6d1602669feb4ba5234c4fadd07996cb8b032dbf2d210d1ef32
rathena-master/npc_EN/re/other/mail.txt,دون تغيير,d81df75cc5ed927e9702e6c63b728de5a4a88c5aa14f1ea5ae59cedf8250c9bb,d81df75cc5ed927e9702e6c63b728de5a4a88c5aa14f1ea5ae59cedf8250c9bb
rathena-master/npc_EN/re/other/mercenary_rent.txt,دون تغيير,f1b1abf7c66929bfdfaa62d2e8c954db631b62553bec89c7d7986ecb3b434615,f1b1abf7c66929bfdfaa62d2e8c954db631b62553bec89c7d7986ecb3b434615
rathena-master/npc_EN/re/other/pvp.txt,دون تغيير,ae0eeaac6f61d0b07a997a39b0f4ce8d57a460c33ed0453f79d1b228c54622e3,ae0eeaac6f61d0b07a997a39b0f4ce8d57a460c33ed0453f79d1b228c54622e3
rathena-master/npc_EN/re/other/resetskill.txt,دون تغيير,f5083828364dc52d4246d5d26f303dc0262ac9bc4cfb3ac3f57728adf73f6eb6,f5083828364dc52d4246d5d26f303dc0262ac9bc4cfb3ac3f57728adf73f6eb6
rathena-master/npc_EN/re/other/stone_change.txt,دون تغيير,1bc1e7077e42aa20c69fa88a2db83e02a55df2ecf31b7374e2d356c9e2abc985,1bc1e7077e42aa20c69fa88a2db83e02a55df2ecf31b7374e2d356c9e2abc985
rathena-master/npc_EN/re/other/turbo_track.txt,دون تغيير,a46152f073558850bbd5a6cb68ee51467127e1bf09ff9d20f109ae946534634d,a46152f073558850bbd5a6cb68ee51467127e1bf09ff9d20f109ae946534634d
rathena-master/npc_EN/re/quests/HelpMeShorty.txt,دون تغيير,0d01111ddc8683fd2d7f49bdeb85738c9c8a3954acc40c22784d51a3f843502e,0d01111ddc8683fd2d7f49bdeb85738c9c8a3954acc40c22784d51a3f843502e
rathena-master/npc_EN/re/quests/cooking_quest.txt,دون تغيير,f0680df36203ab3ebceb979d5a50f67aaa54539356b9816065d39decd0759bb9,f0680df36203ab3ebceb979d5a50f67aaa54539356b9816065d39decd0759bb9
rathena-master/npc_EN/re/quests/cupet.txt,دون تغيير,37ec55e9de274c62f06fe997915eabebd460b7607cdcaa905b905037ab0d92e4,37ec55e9de274c62f06fe997915eabebd460b7607cdcaa905b905037ab0d92e4
rathena-master/npc_EN/re/quests/eden/11-25.txt,دون تغيير,5c11194d3f5ecc20a6e834c59c3a98013a50697c9ce3f0493ca3191e5e29ca04,5c11194d3f5ecc20a6e834c59c3a98013a50697c9ce3f0493ca3191e5e29ca04
rathena-master/npc_EN/re/quests/eden/26-40.txt,دون تغيير,b267fde4499d022a11b9476e16c30114c1dfd33caa299900d1542636a2a5c9ff,b267fde4499d022a11b9476e16c30114c1dfd33caa299900d1542636a2a5c9ff
rathena-master/npc_EN/re/quests/eden/41-55.txt,دون تغيير,f0851d7be3ee188c41871b7468bfa4f920875e4c748cc78f213a81d62d817d4a,f0851d7be3ee188c41871b7468bfa4f920875e4c748cc78f213a81d62d817d4a
rathena-master/npc_EN/re/quests/eden/56-70.txt,دون تغيير,8cb54f18465e65dd203f08da415632e3495450f3e7ab32da6ab1be0e4a99bc5a,8cb54f18465e65dd203f08da415632e3495450f3e7ab32da6ab1be0e4a99bc5a
rathena-master/npc_EN/re/quests/eden/71-85.txt,دون تغيير,a38cfec9e91cc3e42a0959954d58b5ba7b1670bc0d92bf968394b028d3978e49,a38cfec9e91cc3e42a0959954d58b5ba7b1670bc0d92bf968394b028d3978e49
rathena-master/npc_EN/re/quests/eden/86-90.txt,دون تغيير,2769a0ee8590393b004ab57fc37d8898335c9ebffae3e1febf5542ea6e5808d0,2769a0ee8590393b004ab57fc37d8898335c9ebffae3e1febf5542ea6e5808d0
rathena-master/npc_EN/re/quests/eden/91-99.txt,دون تغيير,022caa03fe97dc3c1c5cb67c6d6435decca40fd5cbd64a327fd930067d3c0032,022caa03fe97dc3c1c5cb67c6d6435decca40fd5cbd64a327fd930067d3c0032
rathena-master/npc_EN/re/quests/eden/eden_100_111.txt,دون تغيير,b0ba5c87a48eb397cea4e6a519f51404cccdb42f1deed29fdcef1af0feacbedc,b0ba5c87a48eb397cea4e6a519f51404cccdb42f1deed29fdcef1af0feacbedc
rathena-master/npc_EN/re/quests/eden/eden_111_120.txt,دون تغيير,e34225d5dbe2b440adab269ea840c4c5bff130ab728eccb2cbfa5e540d8e2be7,e34225d5dbe2b440adab269ea840c4c5bff130ab728eccb2cbfa5e540d8e2be7
rathena-master/npc_EN/re/quests/eden/eden_121_130.txt,دون تغيير,44cd898e37fa94b066e2872f43078b453a4d8debf39246fa7f9315c311aaae3d,44cd898e37fa94b066e2872f43078b453a4d8debf39246fa7f9315c311aaae3d
rathena-master/npc_EN/re/quests/eden/eden_131_140.txt,دون تغيير,827ff8d75223dfb8f5c36e440459a6811e018ea507075b93971c8791fb4435a9,827ff8d75223dfb8f5c36e440459a6811e018ea507075b93971c8791fb4435a9
rathena-master/npc_EN/re/quests/eden/eden_common.txt,دون تغيير,e664de13104d25121cee3a2746200bfcc187e9f7f38922336053924eb756e2e3,e664de13104d25121cee3a2746200bfcc187e9f7f38922336053924eb756e2e3
rathena-master/npc_EN/re/quests/eden/eden_iro.txt,دون تغيير,d015867e265c445e7bf1af6ca247c3fe94a96f7f3b26c2bd81f3ae986ef56c9e,d015867e265c445e7bf1af6ca247c3fe94a96f7f3b26c2bd81f3ae986ef56c9e
rathena-master/npc_EN/re/quests/eden/eden_quests.txt,دون تغيير,aec1fe4b932856963c293f6085425b4e89656c414a7afb390c4eb21c63a04192,aec1fe4b932856963c293f6085425b4e89656c414a7afb390c4eb21c63a04192
rathena-master/npc_EN/re/quests/eden/eden_service.txt,دون تغيير,2027609b6b06de2b6b88002127e26c966043dc0d1cec84aaaab8bc01f0a29917,2027609b6b06de2b6b88002127e26c966043dc0d1cec84aaaab8bc01f0a29917
rathena-master/npc_EN/re/quests/eden/eden_tutorial.txt,دون تغيير,f8ebb207b3d5de5adb5974bb72a5f4e20a45acdad34a4733900ce4d61629fd80,f8ebb207b3d5de5adb5974bb72a5f4e20a45acdad34a4733900ce4d61629fd80
rathena-master/npc_EN/re/quests/first_class/tu_archer.txt,دون تغيير,7106f7288abc71a374e5adf6f9147ff82276d7d4705010012affa7de8f103d84,7106f7288abc71a374e5adf6f9147ff82276d7d4705010012affa7de8f103d84
rathena-master/npc_EN/re/quests/garden_of_time.txt,دون تغيير,4c0257cd6a9e41582b916dbd58eba35a8314dba51cefc38fe20db3ccaf701153,4c0257cd6a9e41582b916dbd58eba35a8314dba51cefc38fe20db3ccaf701153
rathena-master/npc_EN/re/quests/homun_s.txt,دون تغيير,18d4cbc255e6a3ce3646649ec97ddc5f3d2bf23e72d532a57194e18ba42fa840,18d4cbc255e6a3ce3646649ec97ddc5f3d2bf23e72d532a57194e18ba42fa840
rathena-master/npc_EN/re/quests/illusion_investigation.txt,دون تغيير,925230f743920318269899fe56ecb5e4bb5998c04eb918334ac9c8f1cb450650,925230f743920318269899fe56ecb5e4bb5998c04eb918334ac9c8f1cb450650
rathena-master/npc_EN/re/quests/juno_monster_society.txt,دون تغيير,de9ccaa518024e648e019fa6772a1046a8791ff1c137b21da876c526dbd3ef6b,de9ccaa518024e648e019fa6772a1046a8791ff1c137b21da876c526dbd3ef6b
rathena-master/npc_EN/re/quests/magic_books.txt,دون تغيير,cffc1931a36e4501b68fb916536d80c9a129beff3c2e0940afbb633111ec61f8,cffc1931a36e4501b68fb916536d80c9a129beff3c2e0940afbb633111ec61f8
rathena-master/npc_EN/re/quests/monstertamers.txt,دون تغيير,ff24e5cd4f32594cbd9807b150edfef104aed37e3aefcfcbe00d7ba5462f6c2b,ff24e5cd4f32594cbd9807b150edfef104aed37e3aefcfcbe00d7ba5462f6c2b
rathena-master/npc_EN/re/quests/mrsmile.txt,دون تغيير,718d80ee6e41c6b156179a1a3f1d21beb8d2f4fc2ee30b4d1b9f2eb2cc9c4f10,718d80ee6e41c6b156179a1a3f1d21beb8d2f4fc2ee30b4d1b9f2eb2cc9c4f10
rathena-master/npc_EN/re/quests/newgears/2010_headgears.txt,دون تغيير,9dd1c203da9865712c7e38cfe88718d17cb61ccbbd3eece9ddeda69884e126b2,9dd1c203da9865712c7e38cfe88718d17cb61ccbbd3eece9ddeda69884e126b2
rathena-master/npc_EN/re/quests/newgears/2012_headgears.txt,دون تغيير,07a67b1e626db6fee90feb30b4014b09be5c016cf3bbe1a6717804c1c31d6cf6,07a67b1e626db6fee90feb30b4014b09be5c016cf3bbe1a6717804c1c31d6cf6
rathena-master/npc_EN/re/quests/ninja_quests.txt,دون تغيير,64c1d00719ee8217644beea0856339de73d6e3911cec2ccdbdaeebff2f1d2230,64c1d00719ee8217644beea0856339de73d6e3911cec2ccdbdaeebff2f1d2230
rathena-master/npc_EN/re/quests/pile_bunker.txt,دون تغيير,bfce77ea416d82a5e50e5f5768d799830eed7596a97caf1c69bc75951ca241d2,bfce77ea416d82a5e50e5f5768d799830eed7596a97caf1c69bc75951ca241d2
rathena-master/npc_EN/re/quests/quest_payon.txt,دون تغيير,2205fab500c828cb56f4f0ecaab8c2fe54165f9c3bb92d23990a242948889167,2205fab500c828cb56f4f0ecaab8c2fe54165f9c3bb92d23990a242948889167
rathena-master/npc_EN/re/quests/quests_13_1.txt,دون تغيير,ba58aee3f1cc9b10681778d9361695f2b37832bd0854b9f27e35206759c793ae,ba58aee3f1cc9b10681778d9361695f2b37832bd0854b9f27e35206759c793ae
rathena-master/npc_EN/re/quests/quests_14_3.txt,دون تغيير,231ff23c78a0d0b0e27dbfb7c71d04df25a59a64d912b95aea6b4ae186a396c6,231ff23c78a0d0b0e27dbfb7c71d04df25a59a64d912b95aea6b4ae186a396c6
rathena-master/npc_EN/re/quests/quests_14_3_bis.txt,دون تغيير,5d5ff306139e4758c9d53923a32c7417ed64bb6740cf6e6486e421acb2649b8a,5d5ff306139e4758c9d53923a32c7417ed64bb6740cf6e6486e421acb2649b8a
rathena-master/npc_EN/re/quests/quests_15_1.txt,دون تغيير,432d8caadcfdb3d7975fe9e2d525b96cca8a1a1b41f2fb9676ebfef493a95ac5,432d8caadcfdb3d7975fe9e2d525b96cca8a1a1b41f2fb9676ebfef493a95ac5
rathena-master/npc_EN/re/quests/quests_15_2.txt,دون تغيير,9f7e30ec0e7bfcaaeef0b737a5f62ba9dd1c1080eb700fa8a3d217df1c1fb45a,9f7e30ec0e7bfcaaeef0b737a5f62ba9dd1c1080eb700fa8a3d217df1c1fb45a
rathena-master/npc_EN/re/quests/quests_16_1.txt,دون تغيير,4b6b5a930b682b4741a5bb24ce1fc20fb42a4635687f2dfc3777affa9fbdb130,4b6b5a930b682b4741a5bb24ce1fc20fb42a4635687f2dfc3777affa9fbdb130
rathena-master/npc_EN/re/quests/quests_16_2.txt,دون تغيير,be4076c12a6fac33b1fcffb19fa7c18777f64f36c8ba2d5198671e5eb35928ad,be4076c12a6fac33b1fcffb19fa7c18777f64f36c8ba2d5198671e5eb35928ad
rathena-master/npc_EN/re/quests/quests_17_1.txt,دون تغيير,6303be137ec2893db75b88862d4695ad0247859a71a38738f2c7822808fd04c8,6303be137ec2893db75b88862d4695ad0247859a71a38738f2c7822808fd04c8
rathena-master/npc_EN/re/quests/quests_17_2.txt,دون تغيير,04059cca206f6a8a63c2578916dc03f726359e52172138482125c5fc5ad26be1,04059cca206f6a8a63c2578916dc03f726359e52172138482125c5fc5ad26be1
rathena-master/npc_EN/re/quests/quests_18.txt,دون تغيير,b054ed23d67171770a98d9f83e0568773cfd410aee301950e53ea6a1dd44381c,b054ed23d67171770a98d9f83e0568773cfd410aee301950e53ea6a1dd44381c
rathena-master/npc_EN/re/quests/quests_aldebaran.txt,دون تغيير,c8e5331549b01e64f1cb4edd84ed6ccce1a72767f8141566d9654666f7d8a6fb,c8e5331549b01e64f1cb4edd84ed6ccce1a72767f8141566d9654666f7d8a6fb
rathena-master/npc_EN/re/quests/quests_dewata.txt,دون تغيير,f1376444489bbccc653dd9609215cde2b7faf53dd31cfd4605d39145d916c2aa,f1376444489bbccc653dd9609215cde2b7faf53dd31cfd4605d39145d916c2aa
rathena-master/npc_EN/re/quests/quests_dicastes.txt,دون تغيير,639917b9993513ebb484dbc494e350e42371cce6f9733675e838bd74f529ac47,639917b9993513ebb484dbc494e350e42371cce6f9733675e838bd74f529ac47
rathena-master/npc_EN/re/quests/quests_dungeons_200.txt,دون تغيير,b0d7790fef5712f744a0a3e82dac50bf58c32f67c429645ba825241cb25e2c4a,b0d7790fef5712f744a0a3e82dac50bf58c32f67c429645ba825241cb25e2c4a
rathena-master/npc_EN/re/quests/quests_eclage.txt,دون تغيير,e078df7bfdbf341b36f1c6bd38372dc55a9b6edb9d2ddffdccca554aae9c304e,e078df7bfdbf341b36f1c6bd38372dc55a9b6edb9d2ddffdccca554aae9c304e
rathena-master/npc_EN/re/quests/quests_exp_175.txt,دون تغيير,bd6fa40d55d468ee07b5430fdc8a6e955399a57411c3c83acc185e06f9d93880,bd6fa40d55d468ee07b5430fdc8a6e955399a57411c3c83acc185e06f9d93880
rathena-master/npc_EN/re/quests/quests_glastheim.txt,دون تغيير,1535c5ae0f365c69926a9901345cd44072cc2c2a07c6cfec48fc922f4bbeb89b,1535c5ae0f365c69926a9901345cd44072cc2c2a07c6cfec48fc922f4bbeb89b
rathena-master/npc_EN/re/quests/quests_illusion_dungeons.txt,دون تغيير,9b8531559d6bf6c6e6edc5dc2528f3204479e335c2ed7b0e8d747e8ac1bf309a,9b8531559d6bf6c6e6edc5dc2528f3204479e335c2ed7b0e8d747e8ac1bf309a
rathena-master/npc_EN/re/quests/quests_izlude.txt,دون تغيير,d8263c61cccea69846765b7b41d1a881cd96f2783d95de9726bc13276f08b502,d8263c61cccea69846765b7b41d1a881cd96f2783d95de9726bc13276f08b502
rathena-master/npc_EN/re/quests/quests_lighthalzen.txt,دون تغيير,9cbf88cf8f8df702fbec4216cd47d3f0b9044fb58ef8af478ed73f2a99a45a1b,9cbf88cf8f8df702fbec4216cd47d3f0b9044fb58ef8af478ed73f2a99a45a1b
rathena-master/npc_EN/re/quests/quests_malangdo.txt,دون تغيير,bc9bb291600b20fcf9be7827de67068d110aceadcdb8c7fd6752037e732d498a,bc9bb291600b20fcf9be7827de67068d110aceadcdb8c7fd6752037e732d498a
rathena-master/npc_EN/re/quests/quests_malaya.txt,دون تغيير,de4fb3b783d88d8ca30870dbabef94b018c4732584d3ac6f2b907e4fbe29131a,de4fb3b783d88d8ca30870dbabef94b018c4732584d3ac6f2b907e4fbe29131a
rathena-master/npc_EN/re/quests/quests_mora.txt,دون تغيير,54f0bf8bb39e355f9f15af7bd8aca033d621f26ee043928bbc43e8fc5560f941,54f0bf8bb39e355f9f15af7bd8aca033d621f26ee043928bbc43e8fc5560f941
rathena-master/npc_EN/re/quests/quests_morocc.txt,دون تغيير,bcf677ef5299aff27c2dba18ed18f40c98a69c557f252ecc6e8fcd6f99ddd9ff,bcf677ef5299aff27c2dba18ed18f40c98a69c557f252ecc6e8fcd6f99ddd9ff
rathena-master/npc_EN/re/quests/quests_nameless.txt,دون تغيير,be8012b1d462090bcdacbe3f9f0cc44d7001776a93867e04a53db1359036f2ac,be8012b1d462090bcdacbe3f9f0cc44d7001776a93867e04a53db1359036f2ac
rathena-master/npc_EN/re/quests/quests_niflheim.txt,دون تغيير,c370d1f2bce3f6530e2f22e9a097d4923a8f53f82925f10b78a8753819e01c37,c370d1f2bce3f6530e2f22e9a097d4923a8f53f82925f10b78a8753819e01c37
rathena-master/npc_EN/re/quests/quests_rockridge.txt,دون تغيير,88771d1ed4929eba4eadca21108f722ac9b0230d389906f07e7d4b16337a5ed0,88771d1ed4929eba4eadca21108f722ac9b0230d389906f07e7d4b16337a5ed0
rathena-master/npc_EN/re/quests/quests_veins.txt,دون تغيير,72cf9a5e53c15ffe5588eb6b916dca28b9189f9073ece051241acf3811932e75,72cf9a5e53c15ffe5588eb6b916dca28b9189f9073ece051241acf3811932e75
rathena-master/npc_EN/re/quests/seals/brisingamen_seal.txt,دون تغيير,d6f1759a46b9882a8c30dbd757491a198a8cf8c2ae0ca2b75712f3aa32ef88f7,d6f1759a46b9882a8c30dbd757491a198a8cf8c2ae0ca2b75712f3aa32ef88f7
rathena-master/npc_EN/re/quests/seals/megingard_seal.txt,دون تغيير,9f3855ec9a0ce46c05f3b88986096b43768643c9c95d1e457b9aaa9f71c15894,9f3855ec9a0ce46c05f3b88986096b43768643c9c95d1e457b9aaa9f71c15894
rathena-master/npc_EN/re/quests/skills/merchant_skills.txt,دون تغيير,eebc30b07497ffaab99ef77b15d148d16065745162e49ff18ac80a57cd834f8c,eebc30b07497ffaab99ef77b15d148d16065745162e49ff18ac80a57cd834f8c
rathena-master/npc_EN/re/quests/skills/swordman_skills.txt,دون تغيير,a439b84ec8d85e15282b7cf95078b8e610f0ea3d931e7e34381b9ad610816b7a,a439b84ec8d85e15282b7cf95078b8e610f0ea3d931e7e34381b9ad610816b7a
rathena-master/npc_EN/re/quests/the_sign_quest.txt,دون تغيير,fb9dd1b23fcabb8cc9d53f206af6b6c652f380cd327a42395f5085914fa88632,fb9dd1b23fcabb8cc9d53f206af6b6c652f380cd327a42395f5085914fa88632
rathena-master/npc_EN/re/quests/woe_te/te_goditem_alde1.txt,دون تغيير,43d7c06b23ac369be85006633586b9acb550dabb6d7f713af7b36cd548b92cdf,43d7c06b23ac369be85006633586b9acb550dabb6d7f713af7b36cd548b92cdf
rathena-master/npc_EN/re/quests/woe_te/te_goditem_prt01.txt,دون تغيير,dfb55184e3da84cca0d5a8e0a4a94d48b420024c6a75ace8b2ee64bc7cbfb484,dfb55184e3da84cca0d5a8e0a4a94d48b420024c6a75ace8b2ee64bc7cbfb484
rathena-master/npc_EN/re/quests/woe_te/te_mission_alde.txt,دون تغيير,14ba26376be5d74946ae65c6538ca477bb3230180893d830284d8c001ecc018f,14ba26376be5d74946ae65c6538ca477bb3230180893d830284d8c001ecc018f
rathena-master/npc_EN/re/quests/woe_te/te_mission_main.txt,دون تغيير,fba3c73831200efe27e74eeacb3a1446d07a78e5b884e8f91fbd4365d7441c3e,fba3c73831200efe27e74eeacb3a1446d07a78e5b884e8f91fbd4365d7441c3e
rathena-master/npc_EN/re/quests/woe_te/te_mission_prt.txt,دون تغيير,64a5603ef521e9296bd7990c4e4b47d3fe82fca8fefb3e67d766ef2ff3057bfe,64a5603ef521e9296bd7990c4e4b47d3fe82fca8fefb3e67d766ef2ff3057bfe
rathena-master/npc_EN/re/scripts_athena.conf,دون تغيير,59da2021b761c00ad0a90b3be711200312e4930c1d9a6c575a60d51daf2ccc83,59da2021b761c00ad0a90b3be711200312e4930c1d9a6c575a60d51daf2ccc83
rathena-master/npc_EN/re/scripts_guild.conf,دون تغيير,18268aabbf099f5739ebf354ec7dfe478a7f1accae7d4c2480b5a7bbdd4cb11c,18268aabbf099f5739ebf354ec7dfe478a7f1accae7d4c2480b5a7bbdd4cb11c
rathena-master/npc_EN/re/scripts_jobs.conf,دون تغيير,4cdd597239428f2f847430afc9df18132b9d5f48f9e4a6382caa37f983278860,4cdd597239428f2f847430afc9df18132b9d5f48f9e4a6382caa37f983278860
rathena-master/npc_EN/re/scripts_main.conf,دون تغيير,85bc6dd2e4231cd1ae0e73946ba469865396c330e7bbf5bdd5f776349ad898bf,85bc6dd2e4231cd1ae0e73946ba469865396c330e7bbf5bdd5f776349ad898bf
rathena-master/npc_EN/re/scripts_mapflags.conf,دون تغيير,50d2df177c3abbaad0425bb6e36022173ad9a26e27deaed63c9745dbc96e0e7e,50d2df177c3abbaad0425bb6e36022173ad9a26e27deaed63c9745dbc96e0e7e
rathena-master/npc_EN/re/scripts_monsters.conf,دون تغيير,c9d9e809d97cecb7c53a5826a3464293ac63f7f297b0acdc56de23ba4f8a8a74,c9d9e809d97cecb7c53a5826a3464293ac63f7f297b0acdc56de23ba4f8a8a74
rathena-master/npc_EN/re/scripts_warps.conf,دون تغيير,4d3b4916f358635b47b0efccc75c9b3c5879fcdd412f54e55171cec0e50cfaa7,4d3b4916f358635b47b0efccc75c9b3c5879fcdd412f54e55171cec0e50cfaa7
rathena-master/npc_EN/re/warps/cities/alberta.txt,دون تغيير,e66bd817f861e4da19572bdf39ff921964ff34025c9cf8017b4f9193a9dac9e8,e66bd817f861e4da19572bdf39ff921964ff34025c9cf8017b4f9193a9dac9e8
rathena-master/npc_EN/re/warps/cities/dewata.txt,دون تغيير,d7d795da72cb5e3231d34b6b1e97baa70c6619e167f6ab19f125e83dd7793422,d7d795da72cb5e3231d34b6b1e97baa70c6619e167f6ab19f125e83dd7793422
rathena-master/npc_EN/re/warps/cities/dicastes.txt,دون تغيير,52e4e050ae66f579880c4f2b7b358aaa3508401760a336a8b2e87200dbe97404,52e4e050ae66f579880c4f2b7b358aaa3508401760a336a8b2e87200dbe97404
rathena-master/npc_EN/re/warps/cities/eclage.txt,دون تغيير,265646b5bd0d394b01b5f729892ed882a14146181e6822a4d50a8aa516775b83,265646b5bd0d394b01b5f729892ed882a14146181e6822a4d50a8aa516775b83
rathena-master/npc_EN/re/warps/cities/einbech.txt,دون تغيير,7c1af01669a7db12b791f1c744445dfa250d150caece821ece89355cff57d484,7c1af01669a7db12b791f1c744445dfa250d150caece821ece89355cff57d484
rathena-master/npc_EN/re/warps/cities/einbroch.txt,دون تغيير,883c61e0b85b3cc155ef7957c6ad1122f7cf4580301359d913fd337d2925a0a2,883c61e0b85b3cc155ef7957c6ad1122f7cf4580301359d913fd337d2925a0a2
rathena-master/npc_EN/re/warps/cities/izlude.txt,دون تغيير,61b4a35aea0f974121f161e4810032e1d3d1b5b2ce951b12a3a8c7af23343505,61b4a35aea0f974121f161e4810032e1d3d1b5b2ce951b12a3a8c7af23343505
rathena-master/npc_EN/re/warps/cities/lasagna.txt,دون تغيير,98d62434b599778f3886ddcbe62413bce21116bb084a1dd246d12cf5311a3556,98d62434b599778f3886ddcbe62413bce21116bb084a1dd246d12cf5311a3556
rathena-master/npc_EN/re/warps/cities/lighthalzen.txt,دون تغيير,e06c14aff9b449f0302fd75b6443cb38003d8f62020ed788e1f14e93c9eecf3a,e06c14aff9b449f0302fd75b6443cb38003d8f62020ed788e1f14e93c9eecf3a
rathena-master/npc_EN/re/warps/cities/malangdo.txt,دون تغيير,3575acb0a1ef387b1ad716f4bf26adfb21709e82a8de3bed3a8e194cf39e1555,3575acb0a1ef387b1ad716f4bf26adfb21709e82a8de3bed3a8e194cf39e1555
rathena-master/npc_EN/re/warps/cities/malaya.txt,دون تغيير,c05f01ba1ecc7eea264a2a2f2d11639e9cd4579bf642b5504e689227176b7fc0,c05f01ba1ecc7eea264a2a2f2d11639e9cd4579bf642b5504e689227176b7fc0
rathena-master/npc_EN/re/warps/cities/prontera.txt,دون تغيير,ed70cfd7b588b6e243eba361e6cbd452455c4e2aca80b13e7a9cbea8b5dddd41,ed70cfd7b588b6e243eba361e6cbd452455c4e2aca80b13e7a9cbea8b5dddd41
rathena-master/npc_EN/re/warps/cities/rachel.txt,دون تغيير,fc4db740225c9c159bb33edcf78cb5703edf157fa281a5baee88c8d5dcf73594,fc4db740225c9c159bb33edcf78cb5703edf157fa281a5baee88c8d5dcf73594
rathena-master/npc_EN/re/warps/cities/rockridge.txt,دون تغيير,f333228109810b432ed62758f4a3884fcb15672e92842717d21c28d55df5614f,f333228109810b432ed62758f4a3884fcb15672e92842717d21c28d55df5614f
rathena-master/npc_EN/re/warps/cities/yggdrasil.txt,دون تغيير,3fa3c4a10c41fe85597b494d23da3c168b5f1d510258fc409a0ef5ddf839dc98,3fa3c4a10c41fe85597b494d23da3c168b5f1d510258fc409a0ef5ddf839dc98
rathena-master/npc_EN/re/warps/dungeons/amicitia.txt,دون تغيير,2bb09bd7326521e2f52a6e2f167e4c1354dc8004fe397b85de51d942cfd6994c,2bb09bd7326521e2f52a6e2f167e4c1354dc8004fe397b85de51d942cfd6994c
rathena-master/npc_EN/re/warps/dungeons/dic_dun.txt,دون تغيير,6b05736ce87e7fc1f610906f785394236c1d8b352a2afb1bd1a060902207e34f,6b05736ce87e7fc1f610906f785394236c1d8b352a2afb1bd1a060902207e34f
rathena-master/npc_EN/re/warps/dungeons/ecl_dun.txt,دون تغيير,84f0326f40429188148125f29615c333b70aca266768e37351cfcd06cdd3d8b4,84f0326f40429188148125f29615c333b70aca266768e37351cfcd06cdd3d8b4
rathena-master/npc_EN/re/warps/dungeons/ecl_tdun.txt,دون تغيير,069b585a17a8492529321f99fe5a0a7860ae137b16569410dfefc3bd630f8713,069b585a17a8492529321f99fe5a0a7860ae137b16569410dfefc3bd630f8713
rathena-master/npc_EN/re/warps/dungeons/ein_dun.txt,دون تغيير,9fb87ba8183ad7aa156cce153fdbb90f9ea1311552923d569e2f2eac88364286,9fb87ba8183ad7aa156cce153fdbb90f9ea1311552923d569e2f2eac88364286
rathena-master/npc_EN/re/warps/dungeons/harboro2.txt,دون تغيير,818afeea1c9a01a3a3d528e426ee17fc5b1b1fff0c53cb526b42711f05f44a5e,818afeea1c9a01a3a3d528e426ee17fc5b1b1fff0c53cb526b42711f05f44a5e
rathena-master/npc_EN/re/warps/dungeons/iz_dun.txt,دون تغيير,f63acf5b3466e529cdd820e35ae1a426251ea395f5e8122aab9586291ca406f1,f63acf5b3466e529cdd820e35ae1a426251ea395f5e8122aab9586291ca406f1
rathena-master/npc_EN/re/warps/dungeons/mag_dun.txt,دون تغيير,c2fe54377bd88a97df161fdd32b56cd9f02ba225e40e6a7847938aab4e75444b,c2fe54377bd88a97df161fdd32b56cd9f02ba225e40e6a7847938aab4e75444b
rathena-master/npc_EN/re/warps/dungeons/moc_pryd.txt,دون تغيير,f5daa3aa2b1deb70c3a16ea968f60961ab6575c90f85fd3359a78a8a7f4b06be,f5daa3aa2b1deb70c3a16ea968f60961ab6575c90f85fd3359a78a8a7f4b06be
rathena-master/npc_EN/re/warps/dungeons/nif_dun.txt,دون تغيير,9d396e4cbf7f8fe811c6cc0521b5408343808e711d083457414fcd59101bb061,9d396e4cbf7f8fe811c6cc0521b5408343808e711d083457414fcd59101bb061
rathena-master/npc_EN/re/warps/dungeons/oz_dun.txt,دون تغيير,89e9af4f7b04f6be539c75c53c963e01eea7985397b82abbba50eaaa7bff3b08,89e9af4f7b04f6be539c75c53c963e01eea7985397b82abbba50eaaa7bff3b08
rathena-master/npc_EN/re/warps/dungeons/rockmi1.txt,دون تغيير,a624a2369e664f59c0cccb3eb6625152039f6fda318638e092da4e65c685cf1c,a624a2369e664f59c0cccb3eb6625152039f6fda318638e092da4e65c685cf1c
rathena-master/npc_EN/re/warps/dungeons/slabw01.txt,دون تغيير,824a30198ba604d22fb7a337f814a52e46ab3f3aee04fa94dc3b382d8a8339c0,824a30198ba604d22fb7a337f814a52e46ab3f3aee04fa94dc3b382d8a8339c0
rathena-master/npc_EN/re/warps/dungeons/sp_rudus.txt,دون تغيير,1b3a482d51db3cc4cc90f080e75b4faa075cd148c7856afad811a884784178be,1b3a482d51db3cc4cc90f080e75b4faa075cd148c7856afad811a884784178be
rathena-master/npc_EN/re/warps/dungeons/thor_v.txt,دون تغيير,a9a5d2740099ea5b1d24fd394c2ad66f1d097845cb7f1373ba3c40d2376b161d,a9a5d2740099ea5b1d24fd394c2ad66f1d097845cb7f1373ba3c40d2376b161d
rathena-master/npc_EN/re/warps/fields/bif_fild.txt,دون تغيير,2b4bff764964609cef484fb7a1336905aff00efe5591be7fd39767d0c5288db1,2b4bff764964609cef484fb7a1336905aff00efe5591be7fd39767d0c5288db1
rathena-master/npc_EN/re/warps/fields/com_fild.txt,دون تغيير,0d3f442fa3f30d44eb41abbb05ac9a6585d683513afe8559efc723c25206e9a1,0d3f442fa3f30d44eb41abbb05ac9a6585d683513afe8559efc723c25206e9a1
rathena-master/npc_EN/re/warps/fields/dic_fild.txt,دون تغيير,0b47edb5db1f9f85aba8fbd2f7c2c00a06b51861d8bc83351c01c9ccf62704d8,0b47edb5db1f9f85aba8fbd2f7c2c00a06b51861d8bc83351c01c9ccf62704d8
rathena-master/npc_EN/re/warps/fields/geffen_fild.txt,دون تغيير,f3ed13f8f3a29749b26a22af76190a9c2aedf7834dcd4aa4beb23208a5ed1633,f3ed13f8f3a29749b26a22af76190a9c2aedf7834dcd4aa4beb23208a5ed1633
rathena-master/npc_EN/re/warps/fields/gw_fild.txt,دون تغيير,5f6b5bfa533730cb8f2612393ed2d58d495b00da0ad0d9ba400445d185c61ba8,5f6b5bfa533730cb8f2612393ed2d58d495b00da0ad0d9ba400445d185c61ba8
rathena-master/npc_EN/re/warps/fields/hugel_fild.txt,دون تغيير,913ebd71648f19380d62e8e40f674b2305959e5a85ed9c1ad4d0730f9f2133dc,913ebd71648f19380d62e8e40f674b2305959e5a85ed9c1ad4d0730f9f2133dc
rathena-master/npc_EN/re/warps/fields/morroc_fild.txt,دون تغيير,f0163968305fa4953f9f1fc0f39ff3d525bb53d0a6f7d424d1a77bfa5574dca3,f0163968305fa4953f9f1fc0f39ff3d525bb53d0a6f7d424d1a77bfa5574dca3
rathena-master/npc_EN/re/warps/fields/payon_fild.txt,دون تغيير,db4b194d0e8f78c64f0ae57796892c171bebc5934a7cd74e9abcb3c13fd3d1db,db4b194d0e8f78c64f0ae57796892c171bebc5934a7cd74e9abcb3c13fd3d1db
rathena-master/npc_EN/re/warps/fields/prontera_fild.txt,دون تغيير,9bae5d2f8657e3bf6dcc84d593f6f4b54999338a623ae8b5e72b7a25a45e62ea,9bae5d2f8657e3bf6dcc84d593f6f4b54999338a623ae8b5e72b7a25a45e62ea
rathena-master/npc_EN/re/warps/fields/rachel_fild.txt,دون تغيير,6230238cdc6cabd56e03591348bde590c652ecddd15a3093c9bba1bcbac76c25,6230238cdc6cabd56e03591348bde590c652ecddd15a3093c9bba1bcbac76c25
rathena-master/npc_EN/re/warps/fields/rockridge_fild.txt,دون تغيير,449a93814f35d909440c669f67f3779697d2630b44482ec7251cc842350a61b7,449a93814f35d909440c669f67f3779697d2630b44482ec7251cc842350a61b7
rathena-master/npc_EN/re/warps/fields/veins_fild.txt,دون تغيير,fdbc1947b2f9e530ae79198c4988eaf47219746e3dcebd8c23cddae553aa3936,fdbc1947b2f9e530ae79198c4988eaf47219746e3dcebd8c23cddae553aa3936
rathena-master/npc_EN/re/warps/fields/yuno_fild.txt,دون تغيير,75c577d267d01bbaf4c6e8cb0afd91e507a6821efacd5e4d9ac93e7f2b899950,75c577d267d01bbaf4c6e8cb0afd91e507a6821efacd5e4d9ac93e7f2b899950
rathena-master/npc_EN/re/warps/guildcastles.txt,دون تغيير,8cb167f8ef034f95e76651e78c74dbea3800b99b32a9439d8539703e94dc9815,8cb167f8ef034f95e76651e78c74dbea3800b99b32a9439d8539703e94dc9815
rathena-master/npc_EN/re/warps/other/TrainingZone.txt,دون تغيير,b7ee7b767771a25b492a027d4f9dc57a13ff92ac5bb52c45eec6e47e9e9bface,b7ee7b767771a25b492a027d4f9dc57a13ff92ac5bb52c45eec6e47e9e9bface
rathena-master/npc_EN/re/warps/other/TrainingZone123.txt,دون تغيير,2c2040b61b66c8055e7c4da432e06b746495524ac0121142091a601e5e219df9,2c2040b61b66c8055e7c4da432e06b746495524ac0121142091a601e5e219df9
rathena-master/npc_EN/re/warps/other/arena.txt,دون تغيير,ffb6ad746e9fe0b4345588fc3d2439313255363bea88197102482a6573e03f87,ffb6ad746e9fe0b4345588fc3d2439313255363bea88197102482a6573e03f87
rathena-master/npc_EN/re/warps/other/ba_2whs.txt,دون تغيير,b69322997060ae64ad630f8f5466019f32a37c9d5350fde5baee0fca7e00c8af,b69322997060ae64ad630f8f5466019f32a37c9d5350fde5baee0fca7e00c8af
rathena-master/npc_EN/re/warps/other/ba_maison.txt,دون تغيير,140cb26698aa15de32406800f7293a0707dd1f74164091ff117db610e7617654,140cb26698aa15de32406800f7293a0707dd1f74164091ff117db610e7617654
rathena-master/npc_EN/re/warps/other/ba_pw.txt,دون تغيير,d1b0b0580f5a1c3540c7d290f08c888a151e01661d3c4035931e4ab859dba08e,d1b0b0580f5a1c3540c7d290f08c888a151e01661d3c4035931e4ab859dba08e
rathena-master/npc_EN/re/warps/other/dimensional_gap.txt,دون تغيير,01222e636012ef2644e8cc8662d868554dbf4b33f39aefff4449431307b44fd4,01222e636012ef2644e8cc8662d868554dbf4b33f39aefff4449431307b44fd4
rathena-master/npc_EN/re/warps/other/jobquests.txt,دون تغيير,d4324a7aeb00addce4422611e96b8c87f906d5398946413127865694abbe7853,d4324a7aeb00addce4422611e96b8c87f906d5398946413127865694abbe7853
rathena-master/npc_EN/re/warps/other/paradise.txt,دون تغيير,365156a59b984519a54532fb29d21e420899cab26f93df5cbec3b8a9b4bdb987,365156a59b984519a54532fb29d21e420899cab26f93df5cbec3b8a9b4bdb987
rathena-master/npc_EN/re/warps/other/s_workshop.txt,دون تغيير,1d98921df1feb8da72b4644c609daf1ce2fad38e7414f8d08ee2433539119b3f,1d98921df1feb8da72b4644c609daf1ce2fad38e7414f8d08ee2433539119b3f
rathena-master/npc_EN/re/warps/other/sign.txt,دون تغيير,55c4f002340d2a08599e124417f6f413be73ebde40fda98934bc6138952f33a4,55c4f002340d2a08599e124417f6f413be73ebde40fda98934bc6138952f33a4
rathena-master/npc_EN/re/warps/other/special_border_area.txt,دون تغيير,a8742c949c9dfeab639824fe5c4c553292560c328c965fd8b6a3fb0d6814965e,a8742c949c9dfeab639824fe5c4c553292560c328c965fd8b6a3fb0d6814965e
rathena-master/npc_EN/re/warps/other/un_myst.txt,دون تغيير,81263c367b3020c07e776cafbbbb70ecb9788a65399e7a795aa0f72123c9ba4c,81263c367b3020c07e776cafbbbb70ecb9788a65399e7a795aa0f72123c9ba4c
rathena-master/npc_EN/re/warps/other/verus.txt,دون تغيير,eaa79dd92c873c0c1e80e5afb081489539fc4ba10b0debe1364fb7873e6d2feb,eaa79dd92c873c0c1e80e5afb081489539fc4ba10b0debe1364fb7873e6d2feb
rathena-master/npc_EN/scripts_athena.conf,دون تغيير,0b2962864ee0006765763decbdfca94c7bd72a377cbf1c11627036f7dd285e0d,0b2962864ee0006765763decbdfca94c7bd72a377cbf1c11627036f7dd285e0d
rathena-master/npc_EN/scripts_custom.conf,دون تغيير,5357ac7f68aab1125e8bc25bbe534c8c74ab0f1e8a1c1f721bd0a6574497548d,5357ac7f68aab1125e8bc25bbe534c8c74ab0f1e8a1c1f721bd0a6574497548d
rathena-master/npc_EN/scripts_guild.conf,دون تغيير,6e9ce8ae3707691b0c52fea5dc7d8601a1966b22082f70e312aebe8bd06f74be,6e9ce8ae3707691b0c52fea5dc7d8601a1966b22082f70e312aebe8bd06f74be
rathena-master/npc_EN/scripts_jobs.conf,دون تغيير,ce5274673b46f5254554b363b66e05b5303f44ddf92867704cfd928da218abb3,ce5274673b46f5254554b363b66e05b5303f44ddf92867704cfd928da218abb3
rathena-master/npc_EN/scripts_mapflags.conf,دون تغيير,9f144e586c9359396d8d2fc2ab74f99568bef328f35f0f31c7afee97ef57992a,9f144e586c9359396d8d2fc2ab74f99568bef328f35f0f31c7afee97ef57992a
rathena-master/npc_EN/scripts_monsters.conf,دون تغيير,eb1dfdcbcfbd4a1e89bb398e09cfa5560a147ba5d106d8e71053f523bed465af,eb1dfdcbcfbd4a1e89bb398e09cfa5560a147ba5d106d8e71053f523bed465af
rathena-master/npc_EN/scripts_test.conf,دون تغيير,8ee30cf0a19d5dc3dc77aa754f1ea6eae0b5bb4c187a7eaa56ff4386ab5582b5,8ee30cf0a19d5dc3dc77aa754f1ea6eae0b5bb4c187a7eaa56ff4386ab5582b5
rathena-master/npc_EN/scripts_warps.conf,دون تغيير,ef4914fe0cca49c6e6f900b2b7224fcdeb276fd1a6a48b9c521f2241510ae118,ef4914fe0cca49c6e6f900b2b7224fcdeb276fd1a6a48b9c521f2241510ae118
rathena-master/npc_EN/test/OnInterInit.txt,دون تغيير,8912a5fd1776fe1bc839b9839f0a7c2727c51fb03168e90a1c0bd75055093d39,8912a5fd1776fe1bc839b9839f0a7c2727c51fb03168e90a1c0bd75055093d39
rathena-master/npc_EN/test/ci/0000_funcs.txt,دون تغيير,7667a39a89baca8fae06a4cff5fac0e3c25152dbcef31d82d8c03fe4df3d970e,7667a39a89baca8fae06a4cff5fac0e3c25152dbcef31d82d8c03fe4df3d970e
rathena-master/npc_EN/test/ci/5573.txt,دون تغيير,32c8fe30e3f42b0a9ed2662ec7cdc2186bc84a4df4bb7a8dab2c9279ce26d7c8,32c8fe30e3f42b0a9ed2662ec7cdc2186bc84a4df4bb7a8dab2c9279ce26d7c8
rathena-master/npc_EN/test/ci/7291.txt,دون تغيير,7a54d9425e2fb63f5a8f24e193e183e54203f57ac802d347c80b856729956dbe,7a54d9425e2fb63f5a8f24e193e183e54203f57ac802d347c80b856729956dbe
rathena-master/npc_EN/test/ci/8886.txt,دون تغيير,539a7c77ace0c235e8a77c7917769114d870185a59a86eb28dbaaac8048be42d,539a7c77ace0c235e8a77c7917769114d870185a59a86eb28dbaaac8048be42d
rathena-master/npc_EN/test/infinite_warp.txt,دون تغيير,ea5645f3c9ee74f8e15e58bd02e415d0fc22703105c41c95f3870efbc340cc69,ea5645f3c9ee74f8e15e58bd02e415d0fc22703105c41c95f3870efbc340cc69
rathena-master/npc_EN/test/npc_test_checkweight.txt,دون تغيير,e6533d09c3d8c38c941a67fd843e8eefe3c69414b4a270ef640df4e6782f3fe7,e6533d09c3d8c38c941a67fd843e8eefe3c69414b4a270ef640df4e6782f3fe7
rathena-master/npc_EN/test/npc_test_longvar.txt,دون تغيير,864d1080cda588b9a7d1bed480e6a6c657000dd8c3f56012defcd17037a4c017,864d1080cda588b9a7d1bed480e6a6c657000dd8c3f56012defcd17037a4c017
rathena-master/npc_EN/warps/cities/alberta.txt,دون تغيير,92a3eff666c46b4bcfaf9beb83e45f81ef03138788aa448e61de67a39f83bc4a,92a3eff666c46b4bcfaf9beb83e45f81ef03138788aa448e61de67a39f83bc4a
rathena-master/npc_EN/warps/cities/aldebaran.txt,دون تغيير,20f1aab0cb8b9f5aea4dd9ab2706972f68907a973379a1ce913fea5b784b0271,20f1aab0cb8b9f5aea4dd9ab2706972f68907a973379a1ce913fea5b784b0271
rathena-master/npc_EN/warps/cities/amatsu.txt,دون تغيير,c1f48f84087f7b5437eac54da7c1b713be2af2bfe18209088f3c2d7a10f4c11c,c1f48f84087f7b5437eac54da7c1b713be2af2bfe18209088f3c2d7a10f4c11c
rathena-master/npc_EN/warps/cities/ayothaya.txt,دون تغيير,f6365b616fcea82bb6676da8d8fec8fe10c9ca395193c8eaa0ced76a2d848cf4,f6365b616fcea82bb6676da8d8fec8fe10c9ca395193c8eaa0ced76a2d848cf4
rathena-master/npc_EN/warps/cities/brasilis.txt,دون تغيير,63b4d1318720a63347c3778152f175eff1f9887e228fde2c0bf5bbd4f851e1fa,63b4d1318720a63347c3778152f175eff1f9887e228fde2c0bf5bbd4f851e1fa
rathena-master/npc_EN/warps/cities/comodo.txt,دون تغيير,0586e1148167dfda5efcd13cad41ac1d7816ecafc2849a32e5e94377e7eed132,0586e1148167dfda5efcd13cad41ac1d7816ecafc2849a32e5e94377e7eed132
rathena-master/npc_EN/warps/cities/einbech.txt,دون تغيير,d9990c9e7294de453f69a82d3484ffba2a502aca26c38f7f576d5f8c2bd4142d,d9990c9e7294de453f69a82d3484ffba2a502aca26c38f7f576d5f8c2bd4142d
rathena-master/npc_EN/warps/cities/einbroch.txt,دون تغيير,9cbb87e206ee57222f9942dddab4424ce9c0667eae3934110591ff28ef250277,9cbb87e206ee57222f9942dddab4424ce9c0667eae3934110591ff28ef250277
rathena-master/npc_EN/warps/cities/geffen.txt,دون تغيير,1618002d770c1978d7a6d9e15f287206947259a520b9c85437b9c43d8d5c2f59,1618002d770c1978d7a6d9e15f287206947259a520b9c85437b9c43d8d5c2f59
rathena-master/npc_EN/warps/cities/gonryun.txt,دون تغيير,3328e4dd538d53705736c574438705d7c3a010b10ca9c34cec7bdcc4f1c7098d,3328e4dd538d53705736c574438705d7c3a010b10ca9c34cec7bdcc4f1c7098d
rathena-master/npc_EN/warps/cities/hugel.txt,دون تغيير,3712f61eb05d9a4a96054ee26a97925057f7381c78f118e55fbf14c26d2f9e65,3712f61eb05d9a4a96054ee26a97925057f7381c78f118e55fbf14c26d2f9e65
rathena-master/npc_EN/warps/cities/lighthalzen.txt,دون تغيير,3e015dd53ddd7e05e895ca0bf376b1490e3eafb21daaff3ddecbf978b99a12b4,3e015dd53ddd7e05e895ca0bf376b1490e3eafb21daaff3ddecbf978b99a12b4
rathena-master/npc_EN/warps/cities/louyang.txt,دون تغيير,078447308dfa52b871ab7841f458e235bdc9645d91e06c8c6ee3581c06a492e5,078447308dfa52b871ab7841f458e235bdc9645d91e06c8c6ee3581c06a492e5
rathena-master/npc_EN/warps/cities/lutie.txt,دون تغيير,a1a64aa084dc7b092f813c7dd19817aa7639dbd9d3f581678eeb6b526990012e,a1a64aa084dc7b092f813c7dd19817aa7639dbd9d3f581678eeb6b526990012e
rathena-master/npc_EN/warps/cities/manuk.txt,دون تغيير,a7b3c525e942b7d60e7bf3af984faac38cbd7d5fdd5160d5e1c3bd8d107a8847,a7b3c525e942b7d60e7bf3af984faac38cbd7d5fdd5160d5e1c3bd8d107a8847
rathena-master/npc_EN/warps/cities/mid_camp.txt,دون تغيير,241407e291c1b201d85b1aa304e7bca45c22c750fe37ed27384bf9a1ff709de6,241407e291c1b201d85b1aa304e7bca45c22c750fe37ed27384bf9a1ff709de6
rathena-master/npc_EN/warps/cities/morroc.txt,دون تغيير,0bce5721fb9a0c270242cad9dba5e568ef3fabe0dd6de94785cdc6568806ec52,0bce5721fb9a0c270242cad9dba5e568ef3fabe0dd6de94785cdc6568806ec52
rathena-master/npc_EN/warps/cities/moscovia.txt,دون تغيير,9de8ebcf8eed49fa4177bc4aa98e70226d8e03506dbeaf0d9b27ce768096b985,9de8ebcf8eed49fa4177bc4aa98e70226d8e03506dbeaf0d9b27ce768096b985
rathena-master/npc_EN/warps/cities/nameless.txt,دون تغيير,eeba4408e8c2d9a1c5d88d771d374ff143aed66c53738b8a9a9fe6c2e19cbb8a,eeba4408e8c2d9a1c5d88d771d374ff143aed66c53738b8a9a9fe6c2e19cbb8a
rathena-master/npc_EN/warps/cities/niflheim.txt,دون تغيير,14bb87b063b9d0b60710d34132cea2e8bd2fbd89fbb43d71e9b489335581f9df,14bb87b063b9d0b60710d34132cea2e8bd2fbd89fbb43d71e9b489335581f9df
rathena-master/npc_EN/warps/cities/payon.txt,دون تغيير,52fb3d228dde9aa5d6187247e6415df1fd26540e719a834d34bd6eabaee23182,52fb3d228dde9aa5d6187247e6415df1fd26540e719a834d34bd6eabaee23182
rathena-master/npc_EN/warps/cities/prontera.txt,دون تغيير,434fe0daf761275cf731c343a501c02d88355a524b9c9a87d1f00c510ae3f4d7,434fe0daf761275cf731c343a501c02d88355a524b9c9a87d1f00c510ae3f4d7
rathena-master/npc_EN/warps/cities/splendide.txt,دون تغيير,714d77f8d61fffdd43f112663a6e40511d33d9c384fe918bf946b8f8f5489c6f,714d77f8d61fffdd43f112663a6e40511d33d9c384fe918bf946b8f8f5489c6f
rathena-master/npc_EN/warps/cities/umbala.txt,دون تغيير,5ac5990f6dc4eb829d95fc6517afac711bd59967faea2d8165471a85a8455915,5ac5990f6dc4eb829d95fc6517afac711bd59967faea2d8165471a85a8455915
rathena-master/npc_EN/warps/cities/veins.txt,دون تغيير,cb58d952ecdf562c38e75121d1fe525ece88d0eba231e081ec453fc485508503,cb58d952ecdf562c38e75121d1fe525ece88d0eba231e081ec453fc485508503
rathena-master/npc_EN/warps/cities/yuno.txt,دون تغيير,899f350a2c58b18b9d7bcdb2c6a893d334e9d877cbd29f2c84f44391cc1ab7a7,899f350a2c58b18b9d7bcdb2c6a893d334e9d877cbd29f2c84f44391cc1ab7a7
rathena-master/npc_EN/warps/dungeons/abbey.txt,دون تغيير,460059b76fd0f12bc7961a92cfcc24b3eb16502235075ab3988d49786ebf403c,460059b76fd0f12bc7961a92cfcc24b3eb16502235075ab3988d49786ebf403c
rathena-master/npc_EN/warps/dungeons/abyss.txt,دون تغيير,cfdfd0ed8d1178f6b8858ec9fd8e384eddd126a5251fa8f51872d79088272152,cfdfd0ed8d1178f6b8858ec9fd8e384eddd126a5251fa8f51872d79088272152
rathena-master/npc_EN/warps/dungeons/alde_dun.txt,دون تغيير,119fbf3b71227acce5897f8fe9ee8e9bcc37c4b3f3e2add1f9355191eddb4c8e,119fbf3b71227acce5897f8fe9ee8e9bcc37c4b3f3e2add1f9355191eddb4c8e
rathena-master/npc_EN/warps/dungeons/ama_dun.txt,دون تغيير,39051bdceacd5f27db244857cb66c2ccad7917b76aa2fa8190d59cae0f3fcec1,39051bdceacd5f27db244857cb66c2ccad7917b76aa2fa8190d59cae0f3fcec1
rathena-master/npc_EN/warps/dungeons/anthell.txt,دون تغيير,1bac29bcaf3db02cf76e15a83e4c0eef8535f1096ce97603196d74f7e2cfc9ee,1bac29bcaf3db02cf76e15a83e4c0eef8535f1096ce97603196d74f7e2cfc9ee
rathena-master/npc_EN/warps/dungeons/ayo_dun.txt,دون تغيير,84e8525990d5c8e36469985cbb7b4e274d021c563fbeaec416b15bdba15430ed,84e8525990d5c8e36469985cbb7b4e274d021c563fbeaec416b15bdba15430ed
rathena-master/npc_EN/warps/dungeons/beach_dun.txt,دون تغيير,b0f6ad593723f6d99ad10eb0d4dd778bf9b06ab214f65af212a6688fc969ba0d,b0f6ad593723f6d99ad10eb0d4dd778bf9b06ab214f65af212a6688fc969ba0d
rathena-master/npc_EN/warps/dungeons/bra_dun.txt,دون تغيير,114f152e67f0d9bb3f1a2a3d15d01ada3e2a341aaa2387e219fa261a6dd1ba31,114f152e67f0d9bb3f1a2a3d15d01ada3e2a341aaa2387e219fa261a6dd1ba31
rathena-master/npc_EN/warps/dungeons/c_tower.txt,دون تغيير,2b084ff352e44ffe8d33cb982fb4822ebe1ef1b8209ca1a7b07ce7d4fa5b0ece,2b084ff352e44ffe8d33cb982fb4822ebe1ef1b8209ca1a7b07ce7d4fa5b0ece
rathena-master/npc_EN/warps/dungeons/ein_dun.txt,دون تغيير,7c12fe461bf8934e467b2081a12a914a6697ea56a0277188ab9307cdfeca16fe,7c12fe461bf8934e467b2081a12a914a6697ea56a0277188ab9307cdfeca16fe
rathena-master/npc_EN/warps/dungeons/gef_dun.txt,دون تغيير,8b1a9053c5bda78e4e1c61bfaf83ff3f0754ef811a4e730771ec4e5c2f587df3,8b1a9053c5bda78e4e1c61bfaf83ff3f0754ef811a4e730771ec4e5c2f587df3
rathena-master/npc_EN/warps/dungeons/gon_dun.txt,دون تغيير,df7476277a4aea1e61a87c47f738f2eda8f02c0948cdf13262c31cf8a30583d4,df7476277a4aea1e61a87c47f738f2eda8f02c0948cdf13262c31cf8a30583d4
rathena-master/npc_EN/warps/dungeons/ice_dun.txt,دون تغيير,ff83115b2357f5bdd1a60334844337dafcd6ad622403406559da5e54d5a4c64a,ff83115b2357f5bdd1a60334844337dafcd6ad622403406559da5e54d5a4c64a
rathena-master/npc_EN/warps/dungeons/in_sphinx.txt,دون تغيير,3449830855e3744ae026a4af23e8a64fe91d4b033a56e00a9fbf4e32cdcfd177,3449830855e3744ae026a4af23e8a64fe91d4b033a56e00a9fbf4e32cdcfd177
rathena-master/npc_EN/warps/dungeons/iz_dun.txt,دون تغيير,5f130a94381e17ad3e6cc2cd8de4b5a806e851639a2ac03d292fe148d24ff5d4,5f130a94381e17ad3e6cc2cd8de4b5a806e851639a2ac03d292fe148d24ff5d4
rathena-master/npc_EN/warps/dungeons/juperos.txt,دون تغيير,198902d1ba227f2c0b31b9e1c97359af40a034f5cd2c2e397d7e859970af4a29,198902d1ba227f2c0b31b9e1c97359af40a034f5cd2c2e397d7e859970af4a29
rathena-master/npc_EN/warps/dungeons/kh_dun.txt,دون تغيير,7a9d33386d0ef8b0d7cec6b32ea225f58955829001a41b021a9f0b8b5bce1fae,7a9d33386d0ef8b0d7cec6b32ea225f58955829001a41b021a9f0b8b5bce1fae
rathena-master/npc_EN/warps/dungeons/lhz_dun.txt,دون تغيير,a4d3773981f0a12652fddffc1bd21c3e7e1c464a7ccdf0f30fc1978b5dbdd804,a4d3773981f0a12652fddffc1bd21c3e7e1c464a7ccdf0f30fc1978b5dbdd804
rathena-master/npc_EN/warps/dungeons/lou_dun.txt,دون تغيير,618d7701c1d0ad1d81fa799383b366455808bb7dd771e0d9a7e36e1b537196fb,618d7701c1d0ad1d81fa799383b366455808bb7dd771e0d9a7e36e1b537196fb
rathena-master/npc_EN/warps/dungeons/mag_dun.txt,دون تغيير,40ba6dd9c031458c7529e895712837bb3c57a48e89ef7ec4121c0208918430d6,40ba6dd9c031458c7529e895712837bb3c57a48e89ef7ec4121c0208918430d6
rathena-master/npc_EN/warps/dungeons/mjo_dun.txt,دون تغيير,54af8b50113d008573315ac28f463a8de54307db7aa901bb8d01271c7ad85113,54af8b50113d008573315ac28f463a8de54307db7aa901bb8d01271c7ad85113
rathena-master/npc_EN/warps/dungeons/moc_pryd.txt,دون تغيير,1b36765561956fa6e83382b1bb0c2d6ceba25a1c4f81f178a38095b68355bb83,1b36765561956fa6e83382b1bb0c2d6ceba25a1c4f81f178a38095b68355bb83
rathena-master/npc_EN/warps/dungeons/mosk_dun.txt,دون تغيير,d272eaf11d9817bad210d928cd5ce81c118966da9c9239a5d3793666a7ca3762,d272eaf11d9817bad210d928cd5ce81c118966da9c9239a5d3793666a7ca3762
rathena-master/npc_EN/warps/dungeons/odin.txt,دون تغيير,17030534759bc9b020711869bfa30ff34f5dda58336e3220fc0d37408025d720,17030534759bc9b020711869bfa30ff34f5dda58336e3220fc0d37408025d720
rathena-master/npc_EN/warps/dungeons/orcsdun.txt,دون تغيير,1f081e74199cd478683f4e5be11e170286329d2a587ad46fe8d39d2a6d5ee081,1f081e74199cd478683f4e5be11e170286329d2a587ad46fe8d39d2a6d5ee081
rathena-master/npc_EN/warps/dungeons/pay_dun.txt,دون تغيير,fdf1b85786dca7ce909990e3cb9c73cb5d10856e82820ab8854dd612c95f0848,fdf1b85786dca7ce909990e3cb9c73cb5d10856e82820ab8854dd612c95f0848
rathena-master/npc_EN/warps/dungeons/prt_maze.txt,دون تغيير,3bbf194e565046bcf7cac77da4089ea6de7cace3a9fe353c156ffa7ea2a74634,3bbf194e565046bcf7cac77da4089ea6de7cace3a9fe353c156ffa7ea2a74634
rathena-master/npc_EN/warps/dungeons/ra_san.txt,دون تغيير,0134ada42981278fbefab417219723dfdaf09cdbc85a5a11455d746e46836a6f,0134ada42981278fbefab417219723dfdaf09cdbc85a5a11455d746e46836a6f
rathena-master/npc_EN/warps/dungeons/tha_t.txt,دون تغيير,bdf0511241aa49633d0bdb2e4bc0ef85bae277d948d6124d4ff14a73429b0589,bdf0511241aa49633d0bdb2e4bc0ef85bae277d948d6124d4ff14a73429b0589
rathena-master/npc_EN/warps/dungeons/thor_v.txt,دون تغيير,c2a02bc1010d206620176f506e8d8e28f3d11dccc9998c2e4d997de126a14d20,c2a02bc1010d206620176f506e8d8e28f3d11dccc9998c2e4d997de126a14d20
rathena-master/npc_EN/warps/dungeons/treasure.txt,دون تغيير,0a66d5cbef639a6d7a8bc866d52d447731b4b9b8d30a8008e0b79ec177abc2b8,0a66d5cbef639a6d7a8bc866d52d447731b4b9b8d30a8008e0b79ec177abc2b8
rathena-master/npc_EN/warps/dungeons/tur_dun.txt,دون تغيير,79075cefe846bae838cfecab5b90b2d86ff8de7831bf1319949d5e7a15179c3a,79075cefe846bae838cfecab5b90b2d86ff8de7831bf1319949d5e7a15179c3a
rathena-master/npc_EN/warps/dungeons/um_dun.txt,دون تغيير,d43406feb67e817310ca80bb50caa0f163d46f3821d64fe0601efb8ea0ccebe0,d43406feb67e817310ca80bb50caa0f163d46f3821d64fe0601efb8ea0ccebe0
rathena-master/npc_EN/warps/dungeons/xmas_dun.txt,دون تغيير,1059657ba8bf128667d7e7d12f0346f34377efc3c095473b67dfb7423986f02c,1059657ba8bf128667d7e7d12f0346f34377efc3c095473b67dfb7423986f02c
rathena-master/npc_EN/warps/fields/abyss_warper.txt,دون تغيير,a4867669af108b39c8e02e5a35b73eec04b98111c189cc3998b8d70ea5f7158c,a4867669af108b39c8e02e5a35b73eec04b98111c189cc3998b8d70ea5f7158c
rathena-master/npc_EN/warps/fields/amatsu_fild.txt,دون تغيير,9fc85ad2b977ea97506b02f7bed09389b54ab2602a39d613116519a36a0b0eb0,9fc85ad2b977ea97506b02f7bed09389b54ab2602a39d613116519a36a0b0eb0
rathena-master/npc_EN/warps/fields/bra_fild.txt,دون تغيير,0c5a10316a19dc4da1d3910186752deecbfcf0c8301ed03f0975d61a571e7999,0c5a10316a19dc4da1d3910186752deecbfcf0c8301ed03f0975d61a571e7999
rathena-master/npc_EN/warps/fields/ein_fild.txt,دون تغيير,392d3a8e004d4e632dca9e31834489dc3dde1a41be5811070afc35214ca3786c,392d3a8e004d4e632dca9e31834489dc3dde1a41be5811070afc35214ca3786c
rathena-master/npc_EN/warps/fields/gefenia.txt,دون تغيير,a79f0063f3f7d2e2602c53388d763f01f8b514d15e7a86133ad54f86f817d2e7,a79f0063f3f7d2e2602c53388d763f01f8b514d15e7a86133ad54f86f817d2e7
rathena-master/npc_EN/warps/fields/glastheim.txt,دون تغيير,fa42683b5906ccb913dec3c83c6579c03c536e4f6406ae7d3c9ab632e1efa309,fa42683b5906ccb913dec3c83c6579c03c536e4f6406ae7d3c9ab632e1efa309
rathena-master/npc_EN/warps/fields/jawaii.txt,دون تغيير,e1401af8238b756902e322a684b8a293a80183d0c6d22b216fe8231e600c6869,e1401af8238b756902e322a684b8a293a80183d0c6d22b216fe8231e600c6869
rathena-master/npc_EN/warps/fields/lhalzen_fild.txt,دون تغيير,329b28aec658ea0758cbd4155fba9d12fc88b3ee04a3ecb176cb11dc2721d875,329b28aec658ea0758cbd4155fba9d12fc88b3ee04a3ecb176cb11dc2721d875
rathena-master/npc_EN/warps/fields/lutie_fild.txt,دون تغيير,4bb4f98a0a8df8b71dbeb5c1daa469a8c89711b5c7ec37627df796f98b1cd95b,4bb4f98a0a8df8b71dbeb5c1daa469a8c89711b5c7ec37627df796f98b1cd95b
rathena-master/npc_EN/warps/fields/man_fild.txt,دون تغيير,31707a31c7cec070f8463c944310370a7780e714dbd03cfbbf80b37d61dca1b4,31707a31c7cec070f8463c944310370a7780e714dbd03cfbbf80b37d61dca1b4
rathena-master/npc_EN/warps/fields/mtmjolnir.txt,دون تغيير,c6b1e6ec46a14e849234cd9a9eaf2a42068046780e511d108456ff17dab96041,c6b1e6ec46a14e849234cd9a9eaf2a42068046780e511d108456ff17dab96041
rathena-master/npc_EN/warps/fields/spl_fild.txt,دون تغيير,a757d048d0e3dfc77a8c9c7e670e5a743e6b718760d792eee3d381f376308ec4,a757d048d0e3dfc77a8c9c7e670e5a743e6b718760d792eee3d381f376308ec4
rathena-master/npc_EN/warps/fields/umbala_fild.txt,دون تغيير,d2f3e1b7b809827eee35118f5e4b682bf95d03eedf5ffd44ddf5f0bcb72ebe17,d2f3e1b7b809827eee35118f5e4b682bf95d03eedf5ffd44ddf5f0bcb72ebe17
rathena-master/npc_EN/warps/guildcastles.txt,دون تغيير,03283f15ef901643a5be72c2a87aac5752e1bbbb5f3eef69a48628c029f122be,03283f15ef901643a5be72c2a87aac5752e1bbbb5f3eef69a48628c029f122be
rathena-master/npc_EN/warps/other/airplane.txt,دون تغيير,16ae47a1d53c75e9644043a6a0cc6b77c95252fc14299e7851093fffdc476bdc,16ae47a1d53c75e9644043a6a0cc6b77c95252fc14299e7851093fffdc476bdc
rathena-master/npc_EN/warps/other/arena.txt,دون تغيير,59cdac852c987732e6961061ca1f47f77afa17247440ca7e5a334159c4b94901,59cdac852c987732e6961061ca1f47f77afa17247440ca7e5a334159c4b94901
rathena-master/npc_EN/warps/other/god.txt,دون تغيير,2bcd05c52cff61d231fa6f660575768b8f1abcea6c83e5bc8d1f4e466e76ee5c,2bcd05c52cff61d231fa6f660575768b8f1abcea6c83e5bc8d1f4e466e76ee5c
rathena-master/npc_EN/warps/other/jobquests.txt,دون تغيير,a2e1c266b4ba5fa942d94e8ff2161619ec3faa4860ae2ea11b68005dca8409e2,a2e1c266b4ba5fa942d94e8ff2161619ec3faa4860ae2ea11b68005dca8409e2
rathena-master/npc_EN/warps/other/kiel.txt,دون تغيير,5ee6b15787aa69b0f0698d66a31c7a1ac36d7c96b086feb6366bbcbea08bba1c,5ee6b15787aa69b0f0698d66a31c7a1ac36d7c96b086feb6366bbcbea08bba1c
rathena-master/npc_EN/warps/other/other.txt,دون تغيير,1f349c47bf3d20c90e6fbbb08d5101f2ec53109d263f044f4b6360da96b8c481,1f349c47bf3d20c90e6fbbb08d5101f2ec53109d263f044f4b6360da96b8c481
rathena-master/npc_EN/warps/pvp.txt,دون تغيير,90e91b35426b56256a005c26fcfe0ecf8f5e14056c9679675893f797bcffd40e,90e91b35426b56256a005c26fcfe0ecf8f5e14056c9679675893f797bcffd40e
تقارير_المراجعة_الحوارية/00_الملفات_المتبقية.csv,معدل,67bec2fcd9f4c76c06dde007afe9056982361cf5575df138cadf5c9c8f2b5874,38d8c641dddae7f1f42d928292739f35209da677c720b0ac4437c137ff3dbc71
تقارير_المراجعة_الحوارية/00_الملفات_المستبعدة.csv,دون تغيير,8293c9a3cbb04c38087af872365ab2dcbbf123ca0b32da51bc5674fbf1ae15e2,8293c9a3cbb04c38087af872365ab2dcbbf123ca0b32da51bc5674fbf1ae15e2
تقارير_المراجعة_الحوارية/00_الملفات_المكتملة.csv,معدل,9e301a0bb04700d70a5a34c36e6afc54c2b29f5f282d45a3848548c14d712732,66113cfc224b7988fba32d077409ab7e2bd9f142f2f04fcb2cb3d2168b2a57a8
تقارير_المراجعة_الحوارية/00_متابعة_المراجعة_الحوارية.csv,معدل,3e9078c43bf7b5cb08469fa042b30fac8264913ecc9cb9430352f157a5a257be,e0254f792aad730133dd77c2c2224b58a5283e2b331033ca7f8082c6265a58ff
تقارير_المراجعة_الحوارية/00_متابعة_المراجعة_الحوارية.md,معدل,546ba86dfe1915e3a76bb0796e73a3785ce7b4bdd11f912c6b3c5fd92b2e2298,1f8f26bbd244d3897ad2d66eb1b33d366d03ada3e9fd1638621fbaacb7fd0abf
تقارير_المراجعة_الحوارية/المرحلة_259/baseline_manifest.json,دون تغيير,2b16620a9b88ddfde8203dd440771835134f4e44ff729e5bd747bd93dea085fb,2b16620a9b88ddfde8203dd440771835134f4e44ff729e5bd747bd93dea085fb
تقارير_المراجعة_الحوارية/المرحلة_259/تقرير_المرحلة_259_التحقق_الفني.csv,دون تغيير,2fc855ec47998f1848710f6ea9b5563356d4dacb6459dbd24e9e1c6ab983c5b2,2fc855ec47998f1848710f6ea9b5563356d4dacb6459dbd24e9e1c6ab983c5b2
تقارير_المراجعة_الحوارية/المرحلة_259/تقرير_المرحلة_259_التحقق_الفني.json,دون تغيير,aeffbe5605df85db160e8bc8953892af543c9aaab8c21860c27e30c70c5a30d1,aeffbe5605df85db160e8bc8953892af543c9aaab8c21860c27e30c70c5a30d1
تقارير_المراجعة_الحوارية/المرحلة_259/تقرير_المرحلة_259_التحقق_الفني.md,دون تغيير,f0232900321966ccd5cac32d59e085aad8fb75466d062724d5be6ad0f5acdcf1,f0232900321966ccd5cac32d59e085aad8fb75466d062724d5be6ad0f5acdcf1
تقارير_المراجعة_الحوارية/المرحلة_259/تقرير_المرحلة_259_التعديلات.csv,دون تغيير,6d45b0e31b35ce35be570ee68b4317d6bac5397564f5fa67e7e017eb861d2664,6d45b0e31b35ce35be570ee68b4317d6bac5397564f5fa67e7e017eb861d2664
تقارير_المراجعة_الحوارية/المرحلة_259/تقرير_المرحلة_259_التعديلات.json,دون تغيير,0364fab90d13fd5ff323faedf4cd11e937f7dff2735cecc7d46e50c252b743f9,0364fab90d13fd5ff323faedf4cd11e937f7dff2735cecc7d46e50c252b743f9
تقارير_المراجعة_الحوارية/المرحلة_259/تقرير_المرحلة_259_التعديلات.md,دون تغيير,4ba3d28a5758edca5ccb6e6ac680c6b3cbdc753a60cc85b071be83b7e7879420,4ba3d28a5758edca5ccb6e6ac680c6b3cbdc753a60cc85b071be83b7e7879420
تقارير_المراجعة_الحوارية/المرحلة_259/تقرير_المرحلة_259_المصادر.csv,دون تغيير,3321e386be0e269b6e6acf86a8d67d5e1ca53b706a78f22647ae498df898d90e,3321e386be0e269b6e6acf86a8d67d5e1ca53b706a78f22647ae498df898d90e
تقارير_المراجعة_الحوارية/المرحلة_259/تقرير_المرحلة_259_المصادر.json,دون تغيير,b62a5d4c6a0937c2d7dcb0ce1d452586dd94d421116548e344b61381815c4717,b62a5d4c6a0937c2d7dcb0ce1d452586dd94d421116548e344b61381815c4717
تقارير_المراجعة_الحوارية/المرحلة_259/تقرير_المرحلة_259_المصادر.md,دون تغيير,a133b528a18c36357be04f0e9d17ff3fa69c95d2cc9a6260f9e5b6af6325e124,a133b528a18c36357be04f0e9d17ff3fa69c95d2cc9a6260f9e5b6af6325e124
تقارير_المراجعة_الحوارية/المرحلة_259/تقرير_المرحلة_259_مقارنة_الحزمة.csv,دون تغيير,1d651d42955a6744109f38421a01e488946c45d4c9dfbbcff8808b2dc7967974,1d651d42955a6744109f38421a01e488946c45d4c9dfbbcff8808b2dc7967974
تقارير_المراجعة_الحوارية/المرحلة_259/تقرير_المرحلة_259_مقارنة_الحزمة.json,دون تغيير,78b03d70f128f7a625073bb6d97f0266c25b96ab227a7ac1c422a5c0de418cd0,78b03d70f128f7a625073bb6d97f0266c25b96ab227a7ac1c422a5c0de418cd0
تقارير_المراجعة_الحوارية/المرحلة_259/تقرير_المرحلة_259_مقارنة_الحزمة.md,دون تغيير,ff51e0f30f0e416d4a739cb26bc69f1b2ec647d30a38b90aabda831b8bdc7195,ff51e0f30f0e416d4a739cb26bc69f1b2ec647d30a38b90aabda831b8bdc7195
تقارير_المراجعة_الحوارية/المرحلة_259/مرجع_rAthena_الرسمي_gm_npcs.txt,دون تغيير,9662123cd27a7bcbc5a683c102849517bc3674627e54db34b75c91ceab03027c,9662123cd27a7bcbc5a683c102849517bc3674627e54db34b75c91ceab03027c
تقارير_المراجعة_الحوارية/المرحلة_259/ملخص_المرحلة_259.md,دون تغيير,caee4ae0c5a62c63d7d7e9a82c255cbb5c6e6c3ae14ba0ce396c8a49f4e2f963,caee4ae0c5a62c63d7d7e9a82c255cbb5c6e6c3ae14ba0ce396c8a49f4e2f963
تقارير_المراجعة_الحوارية/المرحلة_259/نتيجة_المرحلة_259.json,دون تغيير,542bf5ee72a99127c8541622d5c6269a13a1702957041a540f40b39ecb920762,542bf5ee72a99127c8541622d5c6269a13a1702957041a540f40b39ecb920762
تقارير_المراجعة_الحوارية/المرحلة_259/نتيجة_المرحلة_259_أولية.json,دون تغيير,98783d917a2ce349126fcec38c6c07eafdf2770b42a44e8ecd64f722c42b703c,98783d917a2ce349126fcec38c6c07eafdf2770b42a44e8ecd64f722c42b703c
تقارير_المراجعة_الحوارية/المرحلة_260/تقرير_المرحلة_260_التحقق_الفني.csv,دون تغيير,e2b63ae549402cafa7648047168ac189f1a5dd9e7c12588697c522467fdb91f6,e2b63ae549402cafa7648047168ac189f1a5dd9e7c12588697c522467fdb91f6
تقارير_المراجعة_الحوارية/المرحلة_260/تقرير_المرحلة_260_التحقق_الفني.json,دون تغيير,c9491aeffb076c35c3dd6b21b2397fd3f4e16ee1c12341b7bc2018cc239a2b53,c9491aeffb076c35c3dd6b21b2397fd3f4e16ee1c12341b7bc2018cc239a2b53
تقارير_المراجعة_الحوارية/المرحلة_260/تقرير_المرحلة_260_التحقق_الفني.md,دون تغيير,c30c68e04cedcf861708d91d75b34fca2d99339b97dc549bdcb5a9bb4ec83b20,c30c68e04cedcf861708d91d75b34fca2d99339b97dc549bdcb5a9bb4ec83b20
تقارير_المراجعة_الحوارية/المرحلة_260/تقرير_المرحلة_260_التعديلات.csv,دون تغيير,344189d996957aad7a0baf8d2529e37d15f1b6e47511e0aa965a36c2a0a22879,344189d996957aad7a0baf8d2529e37d15f1b6e47511e0aa965a36c2a0a22879
تقارير_المراجعة_الحوارية/المرحلة_260/تقرير_المرحلة_260_المصادر.csv,دون تغيير,7c14dbcfb17beda3254e74c087c11cfb6e2b39138444f311ec204dfb4764316e,7c14dbcfb17beda3254e74c087c11cfb6e2b39138444f311ec204dfb4764316e
تقارير_المراجعة_الحوارية/المرحلة_260/تقرير_المرحلة_260_المصادر.json,دون تغيير,9a66c13709406da46e7f09df835d11bb902887756673ab8cd9d8cb09f6b71eb5,9a66c13709406da46e7f09df835d11bb902887756673ab8cd9d8cb09f6b71eb5
تقارير_المراجعة_الحوارية/المرحلة_260/تقرير_المرحلة_260_المصادر.md,دون تغيير,846f856d0a7dfa7d08a2d7633b8280935c5075cb3e4f350c4277dd0a67430112,846f856d0a7dfa7d08a2d7633b8280935c5075cb3e4f350c4277dd0a67430112
تقارير_المراجعة_الحوارية/المرحلة_260/تقرير_المرحلة_260_مقارنة_الحزمة.csv,دون تغيير,0506af0d3db9616ff46647a8ed9c9a65fa8644f7b01e3a5f88a49fc41a4ba522,0506af0d3db9616ff46647a8ed9c9a65fa8644f7b01e3a5f88a49fc41a4ba522
تقارير_المراجعة_الحوارية/المرحلة_260/مرجع_rAthena_الرسمي_guildpvp.txt,دون تغيير,cadea4744a4bea9181dec04f9f793e3bc74b1e6709b737d87536e2cd81820bdf,cadea4744a4bea9181dec04f9f793e3bc74b1e6709b737d87536e2cd81820bdf
تقارير_المراجعة_الحوارية/المرحلة_260/ملخص_المرحلة_260.md,دون تغيير,7dab67c13d0294ee6a0f31d5a5557c058cbf9986cb64e6be4a59c5686f2d5208,7dab67c13d0294ee6a0f31d5a5557c058cbf9986cb64e6be4a59c5686f2d5208
تقارير_المراجعة_الحوارية/المرحلة_260/نتيجة_المرحلة_260.json,دون تغيير,c64fc630b67a58b9f5cea94ce10c8bc671e1f84a8f3d0a094da3c08e9e992764,c64fc630b67a58b9f5cea94ce10c8bc671e1f84a8f3d0a094da3c08e9e992764
تقارير_المراجعة_الحوارية/المرحلة_260/نسخة_احتياطية_قبل_المرحلة_260_guildpvp.txt,دون تغيير,06e59e57c12eb90f6ebc9e8137d0bb4469355c2aac42e5bc149f20bb78613d3f,06e59e57c12eb90f6ebc9e8137d0bb4469355c2aac42e5bc149f20bb78613d3f
تقارير_المراجعة_الحوارية/المرحلة_261/تقرير_المرحلة_261_التحقق_الفني.csv,دون تغيير,5d574daceab841814849ae43416ee360dd10bdb61c3a3c0f04b5f338d140b5c8,5d574daceab841814849ae43416ee360dd10bdb61c3a3c0f04b5f338d140b5c8
تقارير_المراجعة_الحوارية/المرحلة_261/تقرير_المرحلة_261_التحقق_الفني.json,دون تغيير,4eb846ddc29b620ff9fe2aac3e10a51156a415b97fe4a987890fda95555ce3e1,4eb846ddc29b620ff9fe2aac3e10a51156a415b97fe4a987890fda95555ce3e1
تقارير_المراجعة_الحوارية/المرحلة_261/تقرير_المرحلة_261_التحقق_الفني.md,دون تغيير,e810472c2504eb40212eac1695fa8fefa2312dd821480e8936f646d4199d8806,e810472c2504eb40212eac1695fa8fefa2312dd821480e8936f646d4199d8806
تقارير_المراجعة_الحوارية/المرحلة_261/تقرير_المرحلة_261_التعديلات.csv,دون تغيير,5b1901acafbea57fb3c5f0b8143d088c4d7d7f42d3fdc23c46e73eb8131f5beb,5b1901acafbea57fb3c5f0b8143d088c4d7d7f42d3fdc23c46e73eb8131f5beb
تقارير_المراجعة_الحوارية/المرحلة_261/تقرير_المرحلة_261_المصادر.csv,دون تغيير,8c8c99e40a1729f4db91322c202476cfa0831f0880b607838a98aebdf2712b10,8c8c99e40a1729f4db91322c202476cfa0831f0880b607838a98aebdf2712b10
تقارير_المراجعة_الحوارية/المرحلة_261/تقرير_المرحلة_261_المصادر.json,دون تغيير,c16119beeb34a3d5bc776852fc3a319e859e28285a1546bf47405e5712f0a41d,c16119beeb34a3d5bc776852fc3a319e859e28285a1546bf47405e5712f0a41d
تقارير_المراجعة_الحوارية/المرحلة_261/تقرير_المرحلة_261_المصادر.md,دون تغيير,e074733cc963de0ec733851fb50a398db7728059511e501011e68e12a5aaac47,e074733cc963de0ec733851fb50a398db7728059511e501011e68e12a5aaac47
تقارير_المراجعة_الحوارية/المرحلة_261/تقرير_المرحلة_261_مقارنة_الحزمة.csv,دون تغيير,660e15a1c3a281e15d9747371af3a825fbedeb6fa6eda7cfbd412c1bc79b1cec,660e15a1c3a281e15d9747371af3a825fbedeb6fa6eda7cfbd412c1bc79b1cec
تقارير_المراجعة_الحوارية/المرحلة_261/مرجع_rAthena_الرسمي_gympass.txt,دون تغيير,36dd27403380e7dbd54a32839221866a47157abc0adaef901e97159d47eb7f0b,36dd27403380e7dbd54a32839221866a47157abc0adaef901e97159d47eb7f0b
تقارير_المراجعة_الحوارية/المرحلة_261/ملخص_المرحلة_261.md,دون تغيير,967c994edfe6e19c02e2075c4f4fa10f8dff8df7974fcae7dfeaafe41f048a0d,967c994edfe6e19c02e2075c4f4fa10f8dff8df7974fcae7dfeaafe41f048a0d
تقارير_المراجعة_الحوارية/المرحلة_261/نتيجة_المرحلة_261.json,دون تغيير,0cc61ebeebeb03094569698511ee17d3ada9b9fbde57b94125fc7e1dc35dde48,0cc61ebeebeb03094569698511ee17d3ada9b9fbde57b94125fc7e1dc35dde48
تقارير_المراجعة_الحوارية/المرحلة_261/نسخة_احتياطية_قبل_المرحلة_261_gympass.txt,دون تغيير,15e894977ea0077dfc45e3b2990bbb739748d222d1a34bb2d81e2bca2a605bcd,15e894977ea0077dfc45e3b2990bbb739748d222d1a34bb2d81e2bca2a605bcd
تقارير_المراجعة_الحوارية/ملف_تتبع_المراجعة_الحوارية_حتى_المرحلة_259.xlsx,دون تغيير,36f22ee442abe9f41f62e9afc78180ca315de7f37d1087e0627b7466bf54a80e,36f22ee442abe9f41f62e9afc78180ca315de7f37d1087e0627b7466bf54a80e
تقارير_المراجعة_الحوارية/ملف_تتبع_المراجعة_الحوارية_حتى_المرحلة_260.xlsx,دون تغيير,5dd6894fe12e8f01e1998a99492aed30f45dc4a9359a0a1356b57022206bdea4,5dd6894fe12e8f01e1998a99492aed30f45dc4a9359a0a1356b57022206bdea4
تقارير_المراجعة_الحوارية/ملف_تتبع_المراجعة_الحوارية_حتى_المرحلة_261.xlsx,دون تغيير,e77d455f54e6fc6b7f46cbe1220df5443ddda4e2de48cf85d170eaa76208852a,e77d455f54e6fc6b7f46cbe1220df5443ddda4e2de48cf85d170eaa76208852a
تقارير_المراجعة_الحوارية/المرحلة_262/المرجع_الرسمي_hugel_bingo.txt,جديد,,435456347664883648ba5c8f93e0ae689d7e62ca23dc2d543ae524a463441153
تقارير_المراجعة_الحوارية/المرحلة_262/تقرير_المرحلة_262_التحقق_الفني.csv,جديد,,e45ae6e53ade2bb0e4bde794ba650d463694f71f7f0d23a4eb2b354ebe3fd1bf
تقارير_المراجعة_الحوارية/المرحلة_262/تقرير_المرحلة_262_التحقق_الفني.json,جديد,,f9b0109dc092706f6db4c77c081afe12f9bd19e6919dea0be473ca07a4dfe51f
تقارير_المراجعة_الحوارية/المرحلة_262/تقرير_المرحلة_262_التحقق_الفني.md,جديد,,81ca0779145cf52fb4354253513ce53982b01f6a9b53ab945508f15d85caebd2
تقارير_المراجعة_الحوارية/المرحلة_262/تقرير_المرحلة_262_التعديلات.csv,جديد,,1cf57ca822683d0021dfd156210820a7a4a328f7cc5fc1aa5cf8e5d5b80fb448
تقارير_المراجعة_الحوارية/المرحلة_262/تقرير_المرحلة_262_المصادر.csv,جديد,,d39a4feec9b24ae3a261ac5c8fe1aa598a57ad89aecf4ce0f690a6ea99fc91d8
تقارير_المراجعة_الحوارية/المرحلة_262/تقرير_المرحلة_262_المصادر.json,جديد,,e276d9ccb838fcbaa7af79b9e810ced0a29902a2dbde0b18d0ed14c2ab64f0dc
تقارير_المراجعة_الحوارية/المرحلة_262/تقرير_المرحلة_262_المصادر.md,جديد,,c3656cf6473f724a593bb0721ee22c6561741c6f41c75eca4d6b9b87b045057c
تقارير_المراجعة_الحوارية/المرحلة_262/تقرير_المرحلة_262_مقارنة_الحزمة.csv,جديد,,SELF
تقارير_المراجعة_الحوارية/المرحلة_262/ملخص_المرحلة_262.md,جديد,,9f4a4b428a2be26539a999e86b0eaef8e2e9dd65e2abc109aee7c196031beb14
تقارير_المراجعة_الحوارية/المرحلة_262/نتيجة_المرحلة_262.json,جديد,,c7e4bd7fd0f90008737754b862879c34ed738a7ff9fcccdc1564ca299876d519
تقارير_المراجعة_الحوارية/المرحلة_262/نسخة_قبل_التعديل_hugel_bingo.txt,جديد,,c9480eba0ae78abdc2ac5494aca581e2be41494343a340c4c313003d30f5159d
تقارير_المراجعة_الحوارية/ملف_تتبع_المراجعة_الحوارية_حتى_المرحلة_262.xlsx,جديد,,621f8000e71e6b6df2d385ef606606ff0d2e2775a5a241b404c589c3ddd3cff8
